[38;5;6m INFO[0m [04:04:28] Loaded config from file: ./configs/.env
[38;5;6m INFO[0m [04:04:28] config overriden ./configs/.dev.env file not found.
[38;5;8mDEBUG[0m [04:04:28] database is disabled, as dialect is not provided.
[38;5;8mDEBUG[0m [04:04:28] redis is disabled, as redis host is not provided.
[38;5;8mDEBUG[0m [04:04:28] file store is disabled, as FILE_STORE_ROOT is not provided.
[38;5;8mDEBUG[0m [04:04:28] sqlite is disabled, as sqlite path is not provided.
[38;5;8mDEBUG[0m [04:04:28] time-series is disabled, as INFLUXDB_URL is not provided.
[38;5;8mDEBUG[0m [04:04:28] search is disabled, as SOLR_URL is not provided.
[38;5;8mDEBUG[0m [04:04:28] nosql is disabled, as CASSANDRA_CONTACT_POINTS is not provided.
[38;5;8mDEBUG[0m [04:04:28] pubsub is disabled, as pubsub mode is not provided.
[38;5;6m INFO[0m [04:04:28] container is created
[38;5;6m INFO[0m [04:04:28] start app pid 334
[38;5;6m INFO[0m [04:04:28] no authentication mode found and disabled.
[38;5;6m INFO[0m [04:04:28] registered static files from directory ./static
[38;5;8mDEBUG[0m [04:04:28] metrics server is initialized
[38;5;8mDEBUG[0m [04:04:28] metrics server started
[38;5;6m INFO[0m [04:04:28] Starting server on port: 8082
[38;5;6m INFO[0m [04:04:29] 25284fcf7a5e42808337ad5033d83ec0	 200 0ms GET /.well-known/health
[38;5;6m INFO[0m [04:04:29] ae32176c4f3b465a8306ed1545ce5c10	 200 0ms GET /json
[38;5;6m INFO[0m [04:04:29] d8d0499be50c420495cf126ba926985e	 200 0ms GET /json
[38;5;6m INFO[0m [04:04:29] dfc6ac1b9c0d4482abd6d8b7240b80dd	 200 0ms GET /json
[38;5;6m INFO[0m [04:04:29] dbe8f4cd6eda4946a2b9ba7c698e18e4	 200 0ms GET /json
[38;5;6m INFO[0m [04:04:29] 6f4d3cc188354788b2acc287d8418339	 200 0ms GET /json
[38;5;6m INFO[0m [04:04:29] 5039daf12cad4660b74c4a86db717fc3	 200 0ms GET /json
[38;5;6m INFO[0m [04:04:29] 2bca9c81b02440be8d91f4519b829b20	 200 0ms GET /json
[38;5;6m INFO[0m [04:04:29] a721b710dc4f4feb8128bd9398675b71	 200 0ms GET /json
[38;5;6m INFO[0m [04:04:29] 0c56b0e07ba44cc2b17033bfcd64f3a7	 200 0ms GET /json
[38;5;6m INFO[0m [04:04:29] c3b9e08bcb674c5fa19c09828332b9f9	 200 0ms GET /json
[38;5;6m INFO[0m [04:04:29] 384b5e15326d487eb645cf79f8334f89	 200 0ms GET /json
[38;5;6m INFO[0m [04:04:29] 4f4515a6524c474cbd29181934ececd7	 200 0ms GET /json
[38;5;6m INFO[0m [04:04:29] 4eb82a7d5c57470fb3b4e0b9ae546ccf	 200 0ms GET /json
[38;5;6m INFO[0m [04:04:29] 65e981bcd9b74dce87ee39027a409fc7	 200 0ms GET /json
[38;5;6m INFO[0m [04:04:29] ae1e3791ce2741cab42a6b0bb8591a2b	 200 0ms GET /json
[38;5;6m INFO[0m [04:04:29] e4f8e5cc96c746c3bb1a73a013634a31	 200 0ms GET /json
[38;5;6m INFO[0m [04:04:29] 6308624ad7284deda547ca15c0ebac85	 200 0ms GET /json
[38;5;6m INFO[0m [04:04:29] 18192700f4a746b6b42b5e668b28c597	 200 0ms GET /json
[38;5;6m INFO[0m [04:04:29] ecad7ae581c84e98b8377bf539180f76	 200 0ms GET /json
[38;5;6m INFO[0m [04:04:29] da95159d4a5c405b9598f72b5555008f	 200 0ms GET /json
[38;5;6m INFO[0m [04:04:29] fa8ceb2615d74ae480955e363f735d10	 200 0ms GET /json
[38;5;6m INFO[0m [04:04:29] da745f4ae6674ce4b03de1859d4d3bc5	 200 0ms GET /json
[38;5;6m INFO[0m [04:04:29] 19cb9ff16c194bb599e808359e2f1fdb	 200 0ms GET /json
[38;5;6m INFO[0m [04:04:29] 3bb29c3f8b244b058ceb59c90edf7349	 200 0ms GET /json
[38;5;6m INFO[0m [04:04:29] 05c595066dc8476b86bf78196b21ced0	 200 0ms GET /json
[38;5;6m INFO[0m [04:04:29] 1743a43936a247c78095f034e955689a	 200 0ms GET /json
[38;5;6m INFO[0m [04:04:29] eff40b83c6b74190a3cde230c506e2eb	 200 0ms GET /json
[38;5;6m INFO[0m [04:04:29] 21e3e3934c3e417eb1a61a6bd59b1138	 200 0ms GET /json
[38;5;6m INFO[0m [04:04:29] 7f9151b8180b471487778e8de07ed5b9	 200 0ms GET /json
[38;5;6m INFO[0m [04:04:29] c1f4a4ea89c64f0f8148f296d481d7cf	 200 0ms GET /json
[38;5;6m INFO[0m [04:04:29] 98c29ecdcf344c80b9d20981c2ae5ba3	 200 0ms GET /json
[38;5;6m INFO[0m [04:04:29] e76546fd26614c6894163f5e9dcff5fe	 200 0ms GET /json
[38;5;6m INFO[0m [04:04:29] 46f74e5f78d340619573bbb23f2a0901	 200 0ms GET /json
[38;5;6m INFO[0m [04:04:29] c687bd01e26a401e86e67e77761aed33	 200 0ms GET /json
[38;5;6m INFO[0m [04:04:29] 83b75fea332e4f77a1510ae18e3ea536	 200 0ms GET /json
[38;5;6m INFO[0m [04:04:29] ea5043372a9248b59d7a5937e8a34d96	 200 0ms GET /json
[38;5;6m INFO[0m [04:04:29] 59eb8174c222465bae136b2a842fbdb6	 200 0ms GET /json
[38;5;6m INFO[0m [04:04:29] dea335604c714d61aff6ee7598f9ff09	 200 0ms GET /json
[38;5;6m INFO[0m [04:04:29] 0e81660ac412498299836061d17f3bbd	 200 0ms GET /json
[38;5;6m INFO[0m [04:04:29] ae3bf939bcdf47fb8e0532cf2bea2b6c	 200 0ms GET /json
[38;5;6m INFO[0m [04:04:29] 13ff7cfd8fd844df946db1ea7c7b3207	 200 0ms GET /json
[38;5;6m INFO[0m [04:04:29] f6afcfd50fcd42edada2f4c266b230ca	 200 0ms GET /json
[38;5;6m INFO[0m [04:04:29] a528e260edd4493cbf53930ec6f413b7	 200 0ms GET /json
[38;5;6m INFO[0m [04:04:29] ef6ed6cb187c44f79d1f5ef8cb113ac2	 200 0ms GET /json
[38;5;6m INFO[0m [04:04:29] abd8d041e36d491b8092a67cbc3044b8	 200 0ms GET /json
[38;5;6m INFO[0m [04:04:29] 8402f6113bb2484e9e50e819dc114d0a	 200 0ms GET /json
[38;5;6m INFO[0m [04:04:29] 4473b540787944a8a274e91c8c020bdd	 200 0ms GET /json
[38;5;6m INFO[0m [04:04:29] b48de0c694c546c084734f9b4e338052	 200 0ms GET /json
[38;5;6m INFO[0m [04:04:29] 965f02dbb4e14bd0b13fe90c1cb9d692	 200 0ms GET /json
[38;5;6m INFO[0m [04:04:29] 8f4dcb2a43814e3189dc9c9825a753cf	 200 0ms GET /json
[38;5;6m INFO[0m [04:04:29] 23d5960399b24bee99a9cfa161dca1f6	 200 0ms GET /json
[38;5;6m INFO[0m [04:04:29] 71768230f5f34eb681d240d6fad5cc0a	 200 0ms GET /json
[38;5;6m INFO[0m [04:04:29] 5f5469dafddf4eac8aafa6c24579e19b	 200 0ms GET /json
[38;5;6m INFO[0m [04:04:29] 7ec023982c294ee389afd6266a5f9b98	 200 0ms GET /json
[38;5;6m INFO[0m [04:04:29] dbb7f030e8f648c9be067b6eb2263e66	 200 0ms GET /json
[38;5;6m INFO[0m [04:04:29] 7140d2223e4042abaeb05321e5bba67d	 200 0ms GET /json
[38;5;6m INFO[0m [04:04:29] 41aecb85dfa04e1ab4019c6ab4870c14	 200 0ms GET /json
[38;5;6m INFO[0m [04:04:29] 7ccbd6d0e74a447ea9f339de4bdcf4ab	 200 0ms GET /json
[38;5;6m INFO[0m [04:04:29] 13c8d464e2514765bfe1b46158662220	 200 0ms GET /json
[38;5;6m INFO[0m [04:04:29] 61bb8adbec0b4361813ad5852fe102a9	 200 0ms GET /json
[38;5;6m INFO[0m [04:04:29] 724bdf660d1743e6958896d5f4949fca	 200 0ms GET /json
[38;5;6m INFO[0m [04:04:29] b2506e36a498455380447e09ccfcc49a	 200 0ms GET /json
[38;5;6m INFO[0m [04:04:29] 7c8660a7971f4395b410e9ae90030dbd	 200 0ms GET /json
[38;5;6m INFO[0m [04:04:29] c9a334ad42554ca888e2eafd0362c02f	 200 0ms GET /json
[38;5;6m INFO[0m [04:04:29] 0df6c70d7bf748d08f5b6c1f0befb541	 200 0ms GET /json
[38;5;6m INFO[0m [04:04:29] 9af574149f454887a57014202c212712	 200 0ms GET /json
[38;5;6m INFO[0m [04:04:29] a558e646ba674a108b8893a76ae6057c	 200 0ms GET /json
[38;5;6m INFO[0m [04:04:29] 2f0e110290ad48c3b27d0642697d44d1	 200 0ms GET /json
[38;5;6m INFO[0m [04:04:29] 7c7a248a392449f5b66aafcf8bd393c5	 200 0ms GET /json
[38;5;6m INFO[0m [04:04:29] c9abc595df37477196b0798cf7432331	 200 0ms GET /json
[38;5;6m INFO[0m [04:04:29] 6cef22bb8ce2411384e7db9703186f5a	 200 0ms GET /json
[38;5;6m INFO[0m [04:04:29] c328b08a90134a9a8931c7efc4fddcb5	 200 0ms GET /json
[38;5;6m INFO[0m [04:04:29] 8537488f2bd447c0887ced8fbc19ba04	 200 0ms GET /json
[38;5;6m INFO[0m [04:04:29] 3b25c5f00fd449778c059a697dbd6b33	 200 0ms GET /json
[38;5;6m INFO[0m [04:04:29] 77e51182d305411d984165b6285b12f3	 200 0ms GET /json
[38;5;6m INFO[0m [04:04:29] 1072005937584f769e7d4dd1bfdad1ad	 200 0ms GET /json
[38;5;6m INFO[0m [04:04:29] 1058af19380e498281286a5fab07053a	 200 0ms GET /json
[38;5;6m INFO[0m [04:04:29] 9e1afdf713784a5ba159d23863bdf863	 200 0ms GET /json
[38;5;6m INFO[0m [04:04:29] e2b097432ce94507aeb0098722c0db9e	 200 0ms GET /json
[38;5;6m INFO[0m [04:04:29] c9ec923b607348aabf51693f4558c860	 200 0ms GET /json
[38;5;6m INFO[0m [04:04:29] 7f01168b619c46b9ab5ddd9e70cc2e1c	 200 0ms GET /json
[38;5;6m INFO[0m [04:04:29] ca27fd77f100403dbcf86c56b5cd0a45	 200 0ms GET /json
[38;5;6m INFO[0m [04:04:29] ad1f0f4303ae4e7eb2875e7528aee4db	 200 0ms GET /json
[38;5;6m INFO[0m [04:04:29] e1e64454679448c3ba7ac603a290e110	 200 0ms GET /json
[38;5;6m INFO[0m [04:04:29] d2f9371117234d4caa1355f2c83eb12c	 200 0ms GET /json
[38;5;6m INFO[0m [04:04:29] 92c1a980724949bc81fdf8894776af6d	 200 0ms GET /json
[38;5;6m INFO[0m [04:04:29] c61a9f64736349828b5ba05943c80b81	 200 0ms GET /json
[38;5;6m INFO[0m [04:04:29] 6dfcec90cb374923adbbf3c4eea24c12	 200 0ms GET /json
[38;5;6m INFO[0m [04:04:29] c239586897994c8cb260718d59a2adae	 200 0ms GET /json
[38;5;6m INFO[0m [04:04:29] c6bd54d8b9e248e796de914a9a08185d	 200 0ms GET /json
[38;5;6m INFO[0m [04:04:29] dfa152bf5b4444e69cf2e861c10e65b6	 200 0ms GET /json
[38;5;6m INFO[0m [04:04:29] 4b793899e0464062af2ad132cbf77ebc	 200 0ms GET /json
[38;5;6m INFO[0m [04:04:29] eb095555200d4134b1ce6e145f9af73d	 200 0ms GET /json
[38;5;6m INFO[0m [04:04:29] ac527fae57c64f89b33302e9169e2c53	 200 0ms GET /json
[38;5;6m INFO[0m [04:04:29] 6cfc8d0f4b8f4ba8a4b6c5f3ab65eaac	 200 0ms GET /json
[38;5;6m INFO[0m [04:04:29] 650bc5d08f2848e7abeca5fe83a09b87	 200 0ms GET /json
[38;5;6m INFO[0m [04:04:29] d4b8143b731843e481fb40f583a5aeee	 200 0ms GET /json
[38;5;6m INFO[0m [04:04:29] c779ddc1fd934e4aab9bb2a08479bdd4	 200 0ms GET /json
[38;5;6m INFO[0m [04:04:29] d086ad94c24049aa96c3fe6d2554e997	 200 0ms GET /json
[38;5;6m INFO[0m [04:04:29] 3577af8100484026a9f77f64d2d7a170	 200 0ms GET /json
[38;5;6m INFO[0m [04:04:29] 8d26f7df6a4144b2ac98fc5b721c20d9	 200 0ms GET /json
[38;5;6m INFO[0m [04:04:29] 6b5f015538c949588c5b5b646158bcf0	 200 0ms GET /json
[38;5;6m INFO[0m [04:04:29] ab0149642df444e5bee166bb3423402b	 200 0ms GET /json
[38;5;6m INFO[0m [04:04:29] c5415cc4b1314aaa97c42babdc41489a	 200 0ms GET /json
[38;5;6m INFO[0m [04:04:29] c11a603163ed4445a4200bfee5d79aaf	 200 0ms GET /json
[38;5;6m INFO[0m [04:04:29] 23009d1530884a5c9b68e6f622ec0c36	 200 0ms GET /json
[38;5;6m INFO[0m [04:04:29] 93553eaae890443eb676f9329b5a210b	 200 0ms GET /json
[38;5;6m INFO[0m [04:04:29] 57f05bc2332a4d55bed8abf95c772438	 200 0ms GET /json
[38;5;6m INFO[0m [04:04:29] 4eaa3949864f4116a60d2a14288cd664	 200 0ms GET /json
[38;5;6m INFO[0m [04:04:29] 567af4607e9c48b29631c835b028887f	 200 0ms GET /json
[38;5;6m INFO[0m [04:04:29] ebf4a9fa69824575b073b6c2ad004660	 200 0ms GET /json
[38;5;6m INFO[0m [04:04:29] 5aa934cef9fd4ad080305c8a3c14b9aa	 200 0ms GET /json
[38;5;6m INFO[0m [04:04:29] 065816ddc1cc4047bbe8d2ccedcad08e	 200 0ms GET /json
[38;5;6m INFO[0m [04:04:29] fc5ab029efe9463b8d8bb310796cdf60	 200 0ms GET /json
[38;5;6m INFO[0m [04:04:29] 6a35d91816c1455eaf468709917636b0	 200 0ms GET /json
[38;5;6m INFO[0m [04:04:29] d294b411064d426c81b481636e8358a6	 200 0ms GET /json
[38;5;6m INFO[0m [04:04:29] c9f1f5fed31447ff8817bc4982d28853	 200 0ms GET /json
[38;5;6m INFO[0m [04:04:29] d5ceca69c5984d4e942d5616fbbe60d0	 200 0ms GET /json
[38;5;6m INFO[0m [04:04:29] dd6ef6a2d9964addb0afeef9b25521eb	 200 0ms GET /json
[38;5;6m INFO[0m [04:04:29] 3ffe0b5ee3964b4cb282aac5ac2690df	 200 0ms GET /json
[38;5;6m INFO[0m [04:04:29] d6b1690dca2e4515895dba80290c17e8	 200 0ms GET /json
[38;5;6m INFO[0m [04:04:29] 5104d7d578ca41e3bf73e059f5d7d3ad	 200 0ms GET /json
[38;5;6m INFO[0m [04:04:29] fc8b5176ef4e4e4bb5d0d18c5c2e6800	 200 0ms GET /json
[38;5;6m INFO[0m [04:04:29] 2a8c58477cc04f8da1d81595ca9c93bd	 200 0ms GET /json
[38;5;6m INFO[0m [04:04:29] 0d87dedb5c814b9ea7d963770d25c8b7	 200 0ms GET /json
[38;5;6m INFO[0m [04:04:29] 4a62e8260aba4917984aac416d4aaff0	 200 0ms GET /json
[38;5;6m INFO[0m [04:04:29] 1a9a6c217ee744e184f42ddbbc719ec8	 200 0ms GET /json
[38;5;6m INFO[0m [04:04:29] 78940eff9bfb4b2faaa17b6771415161	 200 0ms GET /json
[38;5;6m INFO[0m [04:04:29] 3555bca3cf0a49dab2a85a20d9af9f90	 200 0ms GET /json
[38;5;6m INFO[0m [04:04:29] 92b26c2708d84e39929f03a3bd6447c4	 200 0ms GET /json
[38;5;6m INFO[0m [04:04:29] 33ae75b310d44f0b8bd4113a6d410541	 200 0ms GET /json
[38;5;6m INFO[0m [04:04:29] 8f2fb37190aa470da39202f9da947836	 200 0ms GET /json
[38;5;6m INFO[0m [04:04:29] b948c2dc21c649b78446d694b44bd845	 200 0ms GET /json
[38;5;6m INFO[0m [04:04:29] dc8cdf3c2417400189b34a642b95e6a8	 200 0ms GET /json
[38;5;6m INFO[0m [04:04:29] a7ef015e2aad403d94da50f0ea753090	 200 0ms GET /json
[38;5;6m INFO[0m [04:04:29] cd34b842dc4f4d8898c7ba44b7231d60	 200 0ms GET /json
[38;5;6m INFO[0m [04:04:29] 4e502f7c717f45fab7e9f97223d281b5	 200 0ms GET /json
[38;5;6m INFO[0m [04:04:29] 9df056c977d748c2a6c56c81da599884	 200 0ms GET /json
[38;5;6m INFO[0m [04:04:29] 336bbc31408940ef93f4fe7d09a51b06	 200 0ms GET /json
[38;5;6m INFO[0m [04:04:29] c03f7b0abd33460d93eee830e4fc2bf2	 200 0ms GET /json
[38;5;6m INFO[0m [04:04:29] ef89862610f24b7b89fdb52ecdbb5fd4	 200 0ms GET /json
[38;5;6m INFO[0m [04:04:29] b17f31ed8c814992a22a9c168bc7ca2e	 200 0ms GET /json
[38;5;6m INFO[0m [04:04:29] e7a1ab05f7f44e63bf33e946b68c8095	 200 0ms GET /json
[38;5;6m INFO[0m [04:04:29] 0bbedde1077d4cf5a2e85ef065373a86	 200 0ms GET /json
[38;5;6m INFO[0m [04:04:29] 1599fc75ed1249a39c5e9135600dfabb	 200 0ms GET /json
[38;5;6m INFO[0m [04:04:29] a145026734a649b7a1d755ac225fd87c	 200 0ms GET /json
[38;5;6m INFO[0m [04:04:29] 62a333ac6f3649f1991e2171e95f52c6	 200 0ms GET /json
[38;5;6m INFO[0m [04:04:29] c1adff5b0b10410f83a75221b0f865d3	 200 0ms GET /json
[38;5;6m INFO[0m [04:04:29] 19b7f878a77f4327845d0084de26d84d	 200 0ms GET /json
[38;5;6m INFO[0m [04:04:29] bcef4839750f44ab89a5d947d86751d3	 200 0ms GET /json
[38;5;6m INFO[0m [04:04:29] 74fdbab587d140a290e5b22882086ecc	 200 0ms GET /json
[38;5;6m INFO[0m [04:04:29] 58b2ef591cfb441c8211d56f0792f7f0	 200 0ms GET /json
[38;5;6m INFO[0m [04:04:29] 7883cb280ce64c2f96dc7209b5c0a2d8	 200 0ms GET /json
[38;5;6m INFO[0m [04:04:29] d08f7eeda80245e1b903a3853f1ea58c	 200 0ms GET /json
[38;5;6m INFO[0m [04:04:29] 16ef2d3d1d854919af6912c0448983f1	 200 0ms GET /json
[38;5;6m INFO[0m [04:04:29] c194274cf6d74914a1235ef4f50e330d	 200 0ms GET /json
[38;5;6m INFO[0m [04:04:29] b3bf3480ea064f8f8ac56f8660dff0cc	 200 0ms GET /json
[38;5;6m INFO[0m [04:04:29] 09fd214cd0ab475faf3db4eb98c0b0a6	 200 0ms GET /json
[38;5;6m INFO[0m [04:04:29] 552757fbdcad4869af6fb8c9b62f3db1	 200 0ms GET /json
[38;5;6m INFO[0m [04:04:29] 0a73abaa82cf466191748e0e3c9ff35c	 200 0ms GET /json
[38;5;6m INFO[0m [04:04:29] 997a409ece92479ca896188ea5957026	 200 0ms GET /json
[38;5;6m INFO[0m [04:04:29] e8c0397ef00147b7b7ff52dcbb3f5422	 200 0ms GET /json
[38;5;6m INFO[0m [04:04:29] b7a9166d05ea411b801e9b1415909c7d	 200 0ms GET /json
[38;5;6m INFO[0m [04:04:29] f3fd46dd7ec240009dcd3402e60c15dc	 200 0ms GET /json
[38;5;6m INFO[0m [04:04:29] 10b35f3f033a423fb507a2949932cf38	 200 0ms GET /json
[38;5;6m INFO[0m [04:04:29] 4194c509bdd94b6b92b3966a98199444	 200 0ms GET /json
[38;5;6m INFO[0m [04:04:29] c322ff69c1ad4078bf8986c41bd27f68	 200 0ms GET /json
[38;5;6m INFO[0m [04:04:29] ce4118ff0216418b90a8f24a6fdbc9f5	 200 0ms GET /json
[38;5;6m INFO[0m [04:04:29] 3aebba0de42f403a9ff39218a15b1d75	 200 0ms GET /json
[38;5;6m INFO[0m [04:04:29] 65160c78456d463d800ca536032b842c	 200 0ms GET /json
[38;5;6m INFO[0m [04:04:29] d00beb8f696549cfb7204f8aae993535	 200 0ms GET /json
[38;5;6m INFO[0m [04:04:29] aa99b8547a794556bbb73f69d934708a	 200 0ms GET /json
[38;5;6m INFO[0m [04:04:29] de0468af8d654913b8a5ada312bb9394	 200 0ms GET /json
[38;5;6m INFO[0m [04:04:29] 1fa6a8fb2a9843ebad29ddd63b238e14	 200 0ms GET /json
[38;5;6m INFO[0m [04:04:29] 53d6f95c737046dd9b2a03bfe815e81d	 200 0ms GET /json
[38;5;6m INFO[0m [04:04:29] f31edf59c3074fb5b6d94d70cfedfbdc	 200 0ms GET /json
[38;5;6m INFO[0m [04:04:29] 1b009c09529346b8a29e65cf175765f4	 200 0ms GET /json
[38;5;6m INFO[0m [04:04:29] 9f1dc272f114423098e574c48bd3ac26	 200 0ms GET /json
[38;5;6m INFO[0m [04:04:29] 868f042501c2401ca08c2c074c8c76f7	 200 0ms GET /json
[38;5;6m INFO[0m [04:04:29] 7fa9e3987e6f44c28717b1c261bec1d6	 200 0ms GET /json
[38;5;6m INFO[0m [04:04:29] af1eaac575814d9ba9dc99596a75c1a7	 200 0ms GET /json
[38;5;6m INFO[0m [04:04:29] c5c3fefaf4d34596ad201e5c205b06be	 200 0ms GET /json
[38;5;6m INFO[0m [04:04:29] e03056e6c72d47b8aa43f20ec6bf4c40	 200 0ms GET /json
[38;5;6m INFO[0m [04:04:29] ee3c6617d51849a09cfc0a85b0547798	 200 0ms GET /json
[38;5;6m INFO[0m [04:04:29] 7210173a6b4a48e6be3c68b6db1d6f02	 200 0ms GET /json
[38;5;6m INFO[0m [04:04:29] 307a4667c1314fe6aa03529c4af73332	 200 0ms GET /json
[38;5;6m INFO[0m [04:04:29] c4d4b0512c1246d89fea65cf352ec52b	 200 0ms GET /json
[38;5;6m INFO[0m [04:04:29] b6cea9d9355c4691968d41d272c08f70	 200 0ms GET /json
[38;5;6m INFO[0m [04:04:29] 383a825a932f4973b47fed694cfdc875	 200 0ms GET /json
[38;5;6m INFO[0m [04:04:29] eda2dffcd49c43eeb1ad78fd4cb4e6f3	 200 0ms GET /json
[38;5;6m INFO[0m [04:04:29] d8124b6a0ec34b2bad22cbc3eed5f886	 200 0ms GET /json
[38;5;6m INFO[0m [04:04:29] fa278ffb51e642afb145f79f3b7dc0e0	 200 0ms GET /json
[38;5;6m INFO[0m [04:04:29] a56778f0293245f4b23236e1e1098784	 200 0ms GET /json
[38;5;6m INFO[0m [04:04:29] 4986553b9b1a47cb98b73c2c571bef1e	 200 0ms GET /json
[38;5;6m INFO[0m [04:04:29] f14ba7ed972c46deb59ee02fc1a5ef6d	 200 0ms GET /json
[38;5;6m INFO[0m [04:04:29] 3d97796cdabf4225b33006b6b1f56953	 200 0ms GET /json
[38;5;6m INFO[0m [04:04:29] 19c6b37a379d4c95af11b4fb96ce6352	 200 0ms GET /json
[38;5;6m INFO[0m [04:04:29] fa1ddea1932047f295ac616c326eb52b	 200 0ms GET /json
[38;5;6m INFO[0m [04:04:29] e7666e8c8d214889936a163928bed920	 200 0ms GET /json
[38;5;6m INFO[0m [04:04:29] 9cab1aa6d93747d8a109cdbacaf10090	 200 0ms GET /json
[38;5;6m INFO[0m [04:04:29] 282e81b263ff421a95b2ba9487652ac5	 200 0ms GET /json
[38;5;6m INFO[0m [04:04:29] 78bf28e45b0645ccb7574a2df8990f5b	 200 0ms GET /json
[38;5;6m INFO[0m [04:04:29] 0ffbe236798c4683b0179595e6141bca	 200 0ms GET /json
[38;5;6m INFO[0m [04:04:29] 912fe6d7c108405ca6965cc687938383	 200 0ms GET /json
[38;5;6m INFO[0m [04:04:29] a485f5c0917f4b8c954cad3272f86d3d	 200 0ms GET /json
[38;5;6m INFO[0m [04:04:29] 89ad07835e9b4e1f97506dbf7b0102b7	 200 0ms GET /json
[38;5;6m INFO[0m [04:04:29] cf8b1033fe8b437f8d451dfc3bd49466	 200 0ms GET /json
[38;5;6m INFO[0m [04:04:29] 61625dd8f6674eda807e3a265fa4bfd5	 200 0ms GET /json
[38;5;6m INFO[0m [04:04:29] a70198f3ade14b6688d382be8710964e	 200 0ms GET /json
[38;5;6m INFO[0m [04:04:29] 65b2151da2754890a485cc17ca6c5b74	 200 0ms GET /json
[38;5;6m INFO[0m [04:04:29] 6277873d4b9f4a74b1fa7c0249d5fda5	 200 0ms GET /json
[38;5;6m INFO[0m [04:04:29] 1d5b845a5f5b454f8510a81e2326600a	 200 0ms GET /json
[38;5;6m INFO[0m [04:04:29] 7d9e8caf7737452aa6391e53c00402cd	 200 0ms GET /json
[38;5;6m INFO[0m [04:04:29] 0d5602e281b644468dc4ac3a08e34601	 200 0ms GET /json
[38;5;6m INFO[0m [04:04:29] ba1553d93f104f24a58c3c02bf4dd42a	 200 0ms GET /json
[38;5;6m INFO[0m [04:04:29] 44bc8e79a7004f35b686bca2f52aab50	 200 0ms GET /json
[38;5;6m INFO[0m [04:04:29] b8a00054a5dc46bca0b4a6eba245ef16	 200 0ms GET /json
[38;5;6m INFO[0m [04:04:29] d0d5b0a5978e49628463d8fccf3ceee9	 200 0ms GET /json
[38;5;6m INFO[0m [04:04:29] 7040237c1bbc47429ef5fd4ecf0744ad	 200 0ms GET /json
[38;5;6m INFO[0m [04:04:29] dfe5ca6b4bf5433f98f0f5788bec1868	 200 0ms GET /json
[38;5;6m INFO[0m [04:04:29] 83119d2bac914c1e88c77cf117efc1c4	 200 0ms GET /json
[38;5;6m INFO[0m [04:04:29] f99b265a1b0b46e0aafc461987ba493a	 200 0ms GET /json
[38;5;6m INFO[0m [04:04:29] 70b2cb2026d74efe9d3063fc9bd23d9f	 200 0ms GET /json
[38;5;6m INFO[0m [04:04:29] 15c1a46cf79e43948d46e3803865b4f8	 200 0ms GET /json
[38;5;6m INFO[0m [04:04:29] 3d6c51e99f38490b8a1292d81b900838	 200 0ms GET /json
[38;5;6m INFO[0m [04:04:29] a084d00339fc45e692009ca1ef02f76d	 200 0ms GET /json
[38;5;6m INFO[0m [04:04:29] 7ca38f7c012940bf8fc94c29feed8316	 200 0ms GET /json
[38;5;6m INFO[0m [04:04:29] 9cc4b4bf847f4d7c9e9df2eae51d2bf2	 200 0ms GET /json
[38;5;6m INFO[0m [04:04:29] 7d6c47650c3f429d8cbcac60f367e612	 200 0ms GET /json
[38;5;6m INFO[0m [04:04:29] 282320a9779e4be99163491519aff0fd	 200 0ms GET /json
[38;5;6m INFO[0m [04:04:29] c34ee52245ee4acbb47e11d3964a7ec4	 200 0ms GET /json
[38;5;6m INFO[0m [04:04:29] b940f239fa3b4823990b4606f8cd0c28	 200 0ms GET /json
[38;5;6m INFO[0m [04:04:29] e299b41d1b374beeb97592e320beafaf	 200 0ms GET /json
[38;5;6m INFO[0m [04:04:29] cf9b6f7f709247b688ca6131797edc49	 200 0ms GET /json
[38;5;6m INFO[0m [04:04:29] 09c8b1b6d8234a26b4f4392408834628	 200 0ms GET /json
[38;5;6m INFO[0m [04:04:29] e3edd81bf3ff4ee7a36d6389481fc667	 200 0ms GET /json
[38;5;6m INFO[0m [04:04:29] e49ebc513d1c4d4aa5f2b9e22e14d951	 200 0ms GET /json
[38;5;6m INFO[0m [04:04:29] cb6fa6c496074aeda2d21f1dcd4316c1	 200 0ms GET /json
[38;5;6m INFO[0m [04:04:29] ee1fe1452ab74799a0d23bff0b28ebef	 200 0ms GET /json
[38;5;6m INFO[0m [04:04:29] e66438f9d8d04b5fa6f9ec91d4bd8d9e	 200 0ms GET /json
[38;5;6m INFO[0m [04:04:29] 27c04eb6c2034a1f8d6996e8fe3315ef	 200 0ms GET /json
[38;5;6m INFO[0m [04:04:29] a773eb87d79542d183a24d1405161590	 200 0ms GET /json
[38;5;6m INFO[0m [04:04:29] bfdd35bc28ba4b50ba424e8610493782	 200 0ms GET /json
[38;5;6m INFO[0m [04:04:29] 013c980dace3402490e91d5a58c0fa4a	 200 0ms GET /json
[38;5;6m INFO[0m [04:04:29] ae9b60ef61ba4437ab734fb256966a08	 200 0ms GET /json
[38;5;6m INFO[0m [04:04:29] a88abcd891b84274b16c9b671de8b303	 200 0ms GET /json
[38;5;6m INFO[0m [04:04:29] 4f8b91e2ce7a4082a878b1ccbc99b3c7	 200 0ms GET /json
[38;5;6m INFO[0m [04:04:29] 732693fd93a6463b8d199f471fb24a0b	 200 0ms GET /json
[38;5;6m INFO[0m [04:04:29] f6b927cc9c9548bfb907643200c7e64f	 200 0ms GET /json
[38;5;6m INFO[0m [04:04:29] c53dc9163cfb4975ab058460e51cd9b9	 200 0ms GET /json
[38;5;6m INFO[0m [04:04:29] ffb8a3ddb2194c8f995b4c568d69e9de	 200 0ms GET /json
[38;5;6m INFO[0m [04:04:29] 564c174b821144d294523df5fcca133f	 200 0ms GET /json
[38;5;6m INFO[0m [04:04:29] af3a0ae838124e73a76559ca42b55f21	 200 0ms GET /json
[38;5;6m INFO[0m [04:04:29] d5f84f46aeca4769ab7ebf9eee8f8d6d	 200 0ms GET /json
[38;5;6m INFO[0m [04:04:29] cba9853fc22c43e3ad8a910bc4489094	 200 0ms GET /json
[38;5;6m INFO[0m [04:04:29] 4f1849be920949bab8d0507296bf15d7	 200 0ms GET /json
[38;5;6m INFO[0m [04:04:29] f974580602db42c3bb663a8d66586e1e	 200 0ms GET /json
[38;5;6m INFO[0m [04:04:29] 7c00f01c0d334615a9b38eee93ca183e	 200 0ms GET /json
[38;5;6m INFO[0m [04:04:29] 79633af260f54f3fad6b39e79678ec44	 200 0ms GET /json
[38;5;6m INFO[0m [04:04:29] c4856bc0b3b5446ea7b034cd37ef009c	 200 0ms GET /json
[38;5;6m INFO[0m [04:04:29] 50efa854430c46d586ecd725b97d652f	 200 0ms GET /json
[38;5;6m INFO[0m [04:04:29] 06887e103f304f338a66bfd8b9ab87fb	 200 0ms GET /json
[38;5;6m INFO[0m [04:04:29] d468153761e64f099f7bd3b48617d896	 200 0ms GET /json
[38;5;6m INFO[0m [04:04:29] 12297c3515844e4fb4cdb5b9b3f85a79	 200 0ms GET /json
[38;5;6m INFO[0m [04:04:29] 9000d4fbf4d34e67b5eab74deb18e066	 200 0ms GET /json
[38;5;6m INFO[0m [04:04:29] 3913f72ce2d24f1bad77d23d2e146db5	 200 0ms GET /json
[38;5;6m INFO[0m [04:04:29] 270dae0760444c94ab0dd12d2f1793f3	 200 0ms GET /json
[38;5;6m INFO[0m [04:04:29] b9e0096f2e054630817a7ccdbea84d7c	 200 0ms GET /json
[38;5;6m INFO[0m [04:04:29] 2be465de3cd24a9bb0a589f5a1e3b0d1	 200 0ms GET /json
[38;5;6m INFO[0m [04:04:29] 8054f803029b4202b36113a4ae9994f6	 200 0ms GET /json
[38;5;6m INFO[0m [04:04:29] 80cb10475bcd4d93bccb9e2f301d2325	 200 0ms GET /json
[38;5;6m INFO[0m [04:04:29] 5c7f6e83f9f34984bc8a3311cb1494f1	 200 0ms GET /json
[38;5;6m INFO[0m [04:04:29] 5c739b6790704db49fdb9da4c689f775	 200 0ms GET /json
[38;5;6m INFO[0m [04:04:29] 9fcb28818abc4d75929e2500c0e450e1	 200 0ms GET /json
[38;5;6m INFO[0m [04:04:29] bab617075b724f51aed1ca653f03bc4a	 200 0ms GET /json
[38;5;6m INFO[0m [04:04:29] fb00caf89f174ed89fe1f40efac2cc20	 200 0ms GET /json
[38;5;6m INFO[0m [04:04:29] b8d46ced627e489182caa3dce24afcef	 200 0ms GET /json
[38;5;6m INFO[0m [04:04:29] c0920a1bb05948398ec7faff9b157f3e	 200 0ms GET /json
[38;5;6m INFO[0m [04:04:29] c7818c270b3d44cda8ac8b1b2e8df428	 200 0ms GET /json
[38;5;6m INFO[0m [04:04:29] 830a22e5da7b4bbdaa970eb051ba3933	 200 0ms GET /json
[38;5;6m INFO[0m [04:04:29] 189b58dccce3406a952c1954fe7f81dd	 200 0ms GET /json
[38;5;6m INFO[0m [04:04:29] c528ab9c48624951943c0fe31a73b3f7	 200 0ms GET /json
[38;5;6m INFO[0m [04:04:29] a0ddfc339e9f43408d61c2e1d453e13c	 200 0ms GET /json
[38;5;6m INFO[0m [04:04:29] 86ffa9353d974f5b8700e31f767f42d6	 200 0ms GET /json
[38;5;6m INFO[0m [04:04:29] 87950019e4ef4231a657d524219f45e0	 200 0ms GET /json
[38;5;6m INFO[0m [04:04:29] f859c24a0cf049209dd415ce0d2d4d07	 200 0ms GET /json
[38;5;6m INFO[0m [04:04:29] 02b4c8687e0641ee9ea16d249e8a5bcc	 200 0ms GET /json
[38;5;6m INFO[0m [04:04:29] 233c32c9245943e69db40fc99bf48331	 200 0ms GET /json
[38;5;6m INFO[0m [04:04:29] 24b78635f21445e880531a9a615b3b69	 200 0ms GET /json
[38;5;6m INFO[0m [04:04:29] 23aeec7c77f14e35b3a1b16be1e42098	 200 0ms GET /json
[38;5;6m INFO[0m [04:04:29] e54e8257930845d58c47d9debf047836	 200 0ms GET /json
[38;5;6m INFO[0m [04:04:29] e16801655ac74f9fa0d741e6b16e571d	 200 0ms GET /json
[38;5;6m INFO[0m [04:04:29] 25b1fc4b65624270a52791a9df31b7e5	 200 0ms GET /json
[38;5;6m INFO[0m [04:04:29] 9d680cca9055477581da35194956a791	 200 0ms GET /json
[38;5;6m INFO[0m [04:04:29] 9baeefebaa9c4e8087d6f768462286e0	 200 0ms GET /json
[38;5;6m INFO[0m [04:04:29] 55842d37807e4c8798fd0ec56c59c8c6	 200 0ms GET /json
[38;5;6m INFO[0m [04:04:29] 582b42381f8e45a39df810ab73846008	 200 0ms GET /json
[38;5;6m INFO[0m [04:04:29] 4dc73f0f841e4714ad1467a3c72fa54f	 200 0ms GET /json
[38;5;6m INFO[0m [04:04:29] 80e82f4a6f9843178c4bfbad3af23b1f	 200 0ms GET /json
[38;5;6m INFO[0m [04:04:29] da7c3439e95f4299a90ae3e2ca30c7f6	 200 0ms GET /json
[38;5;6m INFO[0m [04:04:29] aaf73c39406c43559a1097ffde980406	 200 0ms GET /json
[38;5;6m INFO[0m [04:04:29] e262a2afdbbe4240a8840f74f2430e9c	 200 0ms GET /json
[38;5;6m INFO[0m [04:04:29] 3bd4ee62e15041cd87e2350271a4c2a9	 200 0ms GET /json
[38;5;6m INFO[0m [04:04:29] 1f1848ef60444d0c861538bb7774710e	 200 0ms GET /json
[38;5;6m INFO[0m [04:04:29] a08226439bef46f1acc65ca95b61c0e8	 200 0ms GET /json
[38;5;6m INFO[0m [04:04:29] ec8c3a6726794b4eb2db039ff2c9a397	 200 0ms GET /json
[38;5;6m INFO[0m [04:04:29] 63c386706ec74ef2825c5b21a44e694d	 200 0ms GET /json
[38;5;6m INFO[0m [04:04:29] d3c543988e634ac98aff9ac1b7562d85	 200 0ms GET /json
[38;5;6m INFO[0m [04:04:29] 70311f747d6c4f8a84c01530500662bd	 200 0ms GET /json
[38;5;6m INFO[0m [04:04:29] aca9eda9515443848195f2dc5342d4bd	 200 0ms GET /json
[38;5;6m INFO[0m [04:04:29] 2bfad180dd9546bb9215b5a7d20b9ce1	 200 0ms GET /json
[38;5;6m INFO[0m [04:04:29] d3f38dbabf8f47e0a3353242464ca034	 200 0ms GET /json
[38;5;6m INFO[0m [04:04:29] 23e50e84b4304c4b936fc09018e7abed	 200 0ms GET /json
[38;5;6m INFO[0m [04:04:29] 471e978fa4b24c9899612b18283137e6	 200 0ms GET /json
[38;5;6m INFO[0m [04:04:29] ea48941c8e7e4431b60b44901d432ed7	 200 0ms GET /json
[38;5;6m INFO[0m [04:04:29] 227a2ed7ec2e43e09b277e92e47fd42e	 200 0ms GET /json
[38;5;6m INFO[0m [04:04:29] ed9d6bd7444045888636345452393288	 200 0ms GET /json
[38;5;6m INFO[0m [04:04:29] 56e6fb721bfe403889a4f88b790a3bbf	 200 0ms GET /json
[38;5;6m INFO[0m [04:04:29] 837e2763446d4e13bb78ed5c0e567707	 200 0ms GET /json
[38;5;6m INFO[0m [04:04:29] fd406d6626cc4d1fb753437190f04c16	 200 0ms GET /json
[38;5;6m INFO[0m [04:04:29] 8ad4c49e6c6445c1ad936c0ed4aac9ef	 200 0ms GET /json
[38;5;6m INFO[0m [04:04:29] 2417e6d65f574ba0903a5130b708108d	 200 0ms GET /json
[38;5;6m INFO[0m [04:04:29] b16809ff41ea48ad981bedf89f15cd88	 200 0ms GET /json
[38;5;6m INFO[0m [04:04:29] c65fb0cbeec842f290db8e5de0160984	 200 0ms GET /json
[38;5;6m INFO[0m [04:04:29] fa128596c7484e268f0708f0a09590a3	 200 0ms GET /json
[38;5;6m INFO[0m [04:04:29] b660347560514e6dad7572727a099cba	 200 0ms GET /json
[38;5;6m INFO[0m [04:04:29] d28e30d123254b0f8d0be4f5803efb31	 200 0ms GET /json
[38;5;6m INFO[0m [04:04:29] ee5410a1d279486da479ef6055c53160	 200 0ms GET /json
[38;5;6m INFO[0m [04:04:29] 664e98f00981406aac8872c1f36a518b	 200 0ms GET /json
[38;5;6m INFO[0m [04:04:29] f2ea1f6d5df941ce8737c49652d102c8	 200 0ms GET /json
[38;5;6m INFO[0m [04:04:29] acd002a707ca4b0b970704eb2473abd4	 200 0ms GET /json
[38;5;6m INFO[0m [04:04:29] 47fb5c4beaba43ffb15757b6973aa668	 200 0ms GET /json
[38;5;6m INFO[0m [04:04:29] ee32efe5770347dd9c374bc5a4ad40c5	 200 0ms GET /json
[38;5;6m INFO[0m [04:04:29] 2d4c27def7a046d8a907c92af9bf8b77	 200 0ms GET /json
[38;5;6m INFO[0m [04:04:29] 51c8e9a34cb749f2a328ddbef424344a	 200 0ms GET /json
[38;5;6m INFO[0m [04:04:29] e14bf9d216864cc58e1262fafe66f682	 200 0ms GET /json
[38;5;6m INFO[0m [04:04:29] 61f4445c7f914d39bbfa26d0d1734bc1	 200 0ms GET /json
[38;5;6m INFO[0m [04:04:29] 9a0d76febae748d19b46b824f9b2a06d	 200 0ms GET /json
[38;5;6m INFO[0m [04:04:29] 5c8da90180534f0396f22b7ff7584434	 200 0ms GET /json
[38;5;6m INFO[0m [04:04:29] 93c3708624f9405390b8afb7dcd96c45	 200 0ms GET /json
[38;5;6m INFO[0m [04:04:29] 14fd206b2bd1467e8d3bb4cb45d41465	 200 0ms GET /json
[38;5;6m INFO[0m [04:04:29] 50c1b1c3990b499aad59ebb7f6a6cf5d	 200 0ms GET /json
[38;5;6m INFO[0m [04:04:29] acf991f20fc74b6c96ff3c7d0e112a93	 200 0ms GET /json
[38;5;6m INFO[0m [04:04:29] c83ffb94faac43b79ef3120c086214ed	 200 0ms GET /json
[38;5;6m INFO[0m [04:04:29] 7fd20f8b6b9b44798f10e58f1e1554ac	 200 0ms GET /json
[38;5;6m INFO[0m [04:04:29] e331048292194beb9aced5b018a8c02b	 200 0ms GET /json
[38;5;6m INFO[0m [04:04:29] 29631be38b42434bb9d53bad953f157d	 200 0ms GET /json
[38;5;6m INFO[0m [04:04:29] 73f612afd2244f4488d09ff921ec3693	 200 0ms GET /json
[38;5;6m INFO[0m [04:04:29] e8c8e86767f748ceb30b30e90fead549	 200 0ms GET /json
[38;5;6m INFO[0m [04:04:29] 75069653600f446784fae30a9c52ac2e	 200 0ms GET /json
[38;5;6m INFO[0m [04:04:29] 129302d3cd3247239f921b345531936e	 200 0ms GET /json
[38;5;6m INFO[0m [04:04:29] 27b8eb159b3a4a5fbc0b13d9ea533a57	 200 0ms GET /json
[38;5;6m INFO[0m [04:04:29] 93343d28dd2c4d008df264531f051c4d	 200 0ms GET /json
[38;5;6m INFO[0m [04:04:29] 5ebd5e9f15c84db3a60793e8ca48a183	 200 0ms GET /json
[38;5;6m INFO[0m [04:04:29] d9e440ec0c414dbdbc7a815549a2dc7d	 200 0ms GET /json
[38;5;6m INFO[0m [04:04:29] c3ce78a667c94e40bb3b061c53ace78f	 200 0ms GET /json
[38;5;6m INFO[0m [04:04:29] 8a9bb8a9411242948ef6265388586e22	 200 0ms GET /json
[38;5;6m INFO[0m [04:04:29] 019f0505e37d4babbccc25312bdea13c	 200 0ms GET /json
[38;5;6m INFO[0m [04:04:29] 6685fc7af6284040990be4c83fd9fc13	 200 0ms GET /json
[38;5;6m INFO[0m [04:04:29] 665acf3ca86e4a7f9db2debbbe122f5e	 200 0ms GET /json
[38;5;6m INFO[0m [04:04:29] f14d5c9472cf4e5dad3058aa29fe8ef7	 200 0ms GET /json
[38;5;6m INFO[0m [04:04:29] dcaa9683fe6b4a6781399ace873c5676	 200 0ms GET /json
[38;5;6m INFO[0m [04:04:29] 669a2b133c354f5cad2ddfd0ab77c2b7	 200 0ms GET /json
[38;5;6m INFO[0m [04:04:29] fe4f8c1a338e44be9a6cf1771a922d2b	 200 0ms GET /json
[38;5;6m INFO[0m [04:04:29] 60397b2cc48f49799748b4c1bfb5cda0	 200 0ms GET /json
[38;5;6m INFO[0m [04:04:29] 3bea89f389384bd7bc2eb5b89e318d4d	 200 0ms GET /json
[38;5;6m INFO[0m [04:04:29] d5899280b21042b98efa9e3dcc8b356e	 200 0ms GET /json
[38;5;6m INFO[0m [04:04:29] 36c80d4d2ade42e9b91bfb7c2f25bbde	 200 0ms GET /json
[38;5;6m INFO[0m [04:04:29] c150074b4fab404dbc7b7425a0ad0dc5	 200 0ms GET /json
[38;5;6m INFO[0m [04:04:29] 504faf9e2aa54772b68acf807a06512b	 200 0ms GET /json
[38;5;6m INFO[0m [04:04:29] 09f2f9e8484b41cb904921987b58f08f	 200 0ms GET /json
[38;5;6m INFO[0m [04:04:29] 30cf254e666c4e6dab5e27c0210764a7	 200 0ms GET /json
[38;5;6m INFO[0m [04:04:29] 5653bf60d1d84bc6943531df0e233d2c	 200 0ms GET /json
[38;5;6m INFO[0m [04:04:29] ba6dae0d16994402ac6dd798888d8b93	 200 0ms GET /json
[38;5;6m INFO[0m [04:04:29] c6dd8b176a9649178962011d29c06908	 200 0ms GET /json
[38;5;6m INFO[0m [04:04:29] 2cfd4c3841014a6aa5f44d31ac3083af	 200 0ms GET /json
[38;5;6m INFO[0m [04:04:29] aa54c5b05933485896471032167ee742	 200 0ms GET /json
[38;5;6m INFO[0m [04:04:29] 3713f8a5bf2148e5b317dcbd4bf11e98	 200 0ms GET /json
[38;5;6m INFO[0m [04:04:29] 5228bd5ad7184134bde974781978f740	 200 0ms GET /json
[38;5;6m INFO[0m [04:04:29] 3a3496b9ee944a799bd08c3216e8c69c	 200 0ms GET /json
[38;5;6m INFO[0m [04:04:29] c00f1acaa8874109a84cb3ef4510de84	 200 0ms GET /json
[38;5;6m INFO[0m [04:04:29] b641dc99b7e64fd28267c113786324e4	 200 0ms GET /json
[38;5;6m INFO[0m [04:04:29] 07894873ca5d49cd845014cd2ea559af	 200 0ms GET /json
[38;5;6m INFO[0m [04:04:29] d2813b2464994e09b1c25b77312093c6	 200 0ms GET /json
[38;5;6m INFO[0m [04:04:29] 410b359f22ea47758665270591e53b20	 200 0ms GET /json
[38;5;6m INFO[0m [04:04:29] 1006eaf515064cdf8849e6d3c1c71e08	 200 0ms GET /json
[38;5;6m INFO[0m [04:04:29] 75537a81063a46468ab129a32ccbe103	 200 0ms GET /json
[38;5;6m INFO[0m [04:04:29] dcf27d06c0074ad9815e9eb87fc1f3a0	 200 0ms GET /json
[38;5;6m INFO[0m [04:04:29] a2f06215ae2b403884ffb62e4db0c11d	 200 0ms GET /json
[38;5;6m INFO[0m [04:04:29] dfb5ebea940949b7bda9d11cc640ea3d	 200 0ms GET /json
[38;5;6m INFO[0m [04:04:29] 1d45a17f149d4520a2a96f063aed7535	 200 0ms GET /json
[38;5;6m INFO[0m [04:04:29] 8caab9b69d854ac0aa61cae5b6d37af4	 200 0ms GET /json
[38;5;6m INFO[0m [04:04:29] 6b49f13a53824f6980dc591f08089e46	 200 0ms GET /json
[38;5;6m INFO[0m [04:04:29] abf296b6c3d64df0899b8d7a7e874de7	 200 0ms GET /json
[38;5;6m INFO[0m [04:04:29] 7c0c7f843e3e46c89c08ed14cfdbbeb3	 200 0ms GET /json
[38;5;6m INFO[0m [04:04:29] 804f05b1e34c46a985aca823a6640182	 200 0ms GET /json
[38;5;6m INFO[0m [04:04:29] 8a1c8c4f65014951873bdbc3c67e7da5	 200 0ms GET /json
[38;5;6m INFO[0m [04:04:29] 2032dc7a69814ce39117ecb1dbf7ba30	 200 0ms GET /json
[38;5;6m INFO[0m [04:04:29] d4910174c8ba47b7b952c42d3353e7bf	 200 0ms GET /json
[38;5;6m INFO[0m [04:04:29] 05d6c3bb41f74a899061c2a4a59b1427	 200 0ms GET /json
[38;5;6m INFO[0m [04:04:29] 45647f0b804449aebfa23dd025683b91	 200 0ms GET /json
[38;5;6m INFO[0m [04:04:29] b91d4bc4d62d47f5a67b4fea06e63db2	 200 0ms GET /json
[38;5;6m INFO[0m [04:04:29] 9a3750a68ca04a7bb55b3c700aeff483	 200 0ms GET /json
[38;5;6m INFO[0m [04:04:29] decb622676da4dbe91e6e6124a0ce7a7	 200 0ms GET /json
[38;5;6m INFO[0m [04:04:29] 7e539fa8f5c849a3b5f393c9440f0fd7	 200 0ms GET /json
[38;5;6m INFO[0m [04:04:29] bc064f542a7e43b0998eda2180d9efba	 200 0ms GET /json
[38;5;6m INFO[0m [04:04:29] 917526dbf85d4f4184795942493c01fe	 200 0ms GET /json
[38;5;6m INFO[0m [04:04:29] d01f867663ee4a568b528a7205b41d1a	 200 0ms GET /json
[38;5;6m INFO[0m [04:04:29] 04077a8978e94b84954d0f754d6cd5f5	 200 0ms GET /json
[38;5;6m INFO[0m [04:04:29] afcaa10685924538ba7608d3cf78c03c	 200 0ms GET /json
[38;5;6m INFO[0m [04:04:29] da77dead801e4a58bf7f3feeac1a9859	 200 0ms GET /json
[38;5;6m INFO[0m [04:04:29] d96594743d8643ff99e7de9dd56ec12f	 200 0ms GET /json
[38;5;6m INFO[0m [04:04:29] 319fb72694d441efacf993ea8dd03112	 200 0ms GET /json
[38;5;6m INFO[0m [04:04:29] d36b8a706f7e4c66b2175a082f65b9a8	 200 0ms GET /json
[38;5;6m INFO[0m [04:04:29] e0db027cf24741d79eb2b2570704e4a6	 200 0ms GET /json
[38;5;6m INFO[0m [04:04:29] 86e9423e61c142b3991b62de3eee024a	 200 0ms GET /json
[38;5;6m INFO[0m [04:04:29] 4153f0b92f634019bc1e64f202777a03	 200 0ms GET /json
[38;5;6m INFO[0m [04:04:29] 323cdada908a4476b94d28704302a88c	 200 0ms GET /json
[38;5;6m INFO[0m [04:04:29] bd57e46adad1444282192adacbeaec3a	 200 0ms GET /json
[38;5;6m INFO[0m [04:04:29] a65cdd5129cc4fa7878679ff20c1cdc4	 200 0ms GET /json
[38;5;6m INFO[0m [04:04:29] 16cba222ec004f229ac3d661ee9989c8	 200 0ms GET /json
[38;5;6m INFO[0m [04:04:29] 1c0fcfbc19244631bb1bc28a5a2cbb44	 200 0ms GET /json
[38;5;6m INFO[0m [04:04:29] 7d7adf8557fc4ccba4fe59a709999f16	 200 0ms GET /json
[38;5;6m INFO[0m [04:04:29] 48d5c3e838ef4ff79cdc5a394e201e18	 200 0ms GET /json
[38;5;6m INFO[0m [04:04:29] ad03262019544a299dd1dc13cddc3622	 200 0ms GET /json
[38;5;6m INFO[0m [04:04:29] d394d7d272cc436cbf70fb41eb3abec6	 200 0ms GET /json
[38;5;6m INFO[0m [04:04:29] ebf15fa84f1140e6a47c5e584b3d8401	 200 0ms GET /json
[38;5;6m INFO[0m [04:04:29] 69578487c49b4d578b9f9c5bb09766ac	 200 0ms GET /json
[38;5;6m INFO[0m [04:04:29] 0577e6a9438046939e1e845ebd6ac502	 200 0ms GET /json
[38;5;6m INFO[0m [04:04:29] 78cbab73babd467d828e534de3df3dae	 200 0ms GET /json
[38;5;6m INFO[0m [04:04:29] 0f719a55c00f406fb84b0ca8c870241d	 200 0ms GET /json
[38;5;6m INFO[0m [04:04:29] a7e974c63887412e897c31e1d96e66c8	 200 0ms GET /json
[38;5;6m INFO[0m [04:04:29] 89238add56594e898ef36f837020de4e	 200 0ms GET /json
[38;5;6m INFO[0m [04:04:29] f56e58e0bea44ffbbb0308af34fee78a	 200 0ms GET /json
[38;5;6m INFO[0m [04:04:29] 2fdd6ce4ae694a5583d8a5c3e17a2aa5	 200 0ms GET /json
[38;5;6m INFO[0m [04:04:29] dd201205068e4a01a1a4d470172474ce	 200 0ms GET /json
[38;5;6m INFO[0m [04:04:29] d1ee5f10f8784598bbdd7db86ad95767	 200 0ms GET /json
[38;5;6m INFO[0m [04:04:29] c4fad56fca6d4a49aeb60fdb483ff08d	 200 0ms GET /json
[38;5;6m INFO[0m [04:04:29] 18143dd8166b4f7b980881b029668578	 200 0ms GET /json
[38;5;6m INFO[0m [04:04:29] 7da756127ff64565bc22ca52ef74d37f	 200 0ms GET /json
[38;5;6m INFO[0m [04:04:29] c484068febdb4ed5a9a2df2cee8c1522	 200 0ms GET /json
[38;5;6m INFO[0m [04:04:29] 2cab5226f15b400795d0e5deb6597ddb	 200 0ms GET /json
[38;5;6m INFO[0m [04:04:29] 93b80b9c634b479eb340c005036f2466	 200 0ms GET /json
[38;5;6m INFO[0m [04:04:29] 6d1e8810f7b34beb87c282de3e0729f8	 200 0ms GET /json
[38;5;6m INFO[0m [04:04:29] fe91c22e64774faab34ea326a86f47f3	 200 0ms GET /json
[38;5;6m INFO[0m [04:04:29] b7e8cebc2494496098404cb442e3aa57	 200 0ms GET /json
[38;5;6m INFO[0m [04:04:29] c5a69aad459e4aff92b014b079ef1d1b	 200 0ms GET /json
[38;5;6m INFO[0m [04:04:29] fbcbae93f8354d18ada05815983872fd	 200 0ms GET /json
[38;5;6m INFO[0m [04:04:29] fa227a5bca0f4065990f3777dcff7fb1	 200 0ms GET /json
[38;5;6m INFO[0m [04:04:29] 2516b1a1ff0848d498050ce4e605874d	 200 0ms GET /json
[38;5;6m INFO[0m [04:04:29] 7db1bf5792c046438913635d0cb7c5c8	 200 0ms GET /json
[38;5;6m INFO[0m [04:04:29] d176eab11af34296b0ec47a5f34eac02	 200 0ms GET /json
[38;5;6m INFO[0m [04:04:29] 38d05852a6674af2b94f7bbcffbaef2f	 200 0ms GET /json
[38;5;6m INFO[0m [04:04:29] 67f741ac7fa2454b9598e0aba9d83dc9	 200 0ms GET /json
[38;5;6m INFO[0m [04:04:29] a6c359eafffb47fdbbe5f2f9c7743509	 200 0ms GET /json
[38;5;6m INFO[0m [04:04:29] f281dd6ba48c4daf95a04c470477c116	 200 0ms GET /json
[38;5;6m INFO[0m [04:04:29] 4ecf6f479c5e40f0976b708dd9d2029d	 200 0ms GET /json
[38;5;6m INFO[0m [04:04:29] 38dcab1a3641436abaef68cf566d61d5	 200 0ms GET /json
[38;5;6m INFO[0m [04:04:29] 1642926ae3264587994245cb8a425ca3	 200 0ms GET /json
[38;5;6m INFO[0m [04:04:29] 52944c037f704358b4d48eca745de078	 200 0ms GET /json
[38;5;6m INFO[0m [04:04:29] d2350cd500fd49338cf1d949087d051f	 200 0ms GET /json
[38;5;6m INFO[0m [04:04:29] 5a27052112cc42bdb3fedd7a2007cbd4	 200 0ms GET /json
[38;5;6m INFO[0m [04:04:29] 587dc4388e0b418db24d5d64e29ac286	 200 0ms GET /json
[38;5;6m INFO[0m [04:04:29] 8521c639026e48ebb2bc551b34971d22	 200 0ms GET /json
[38;5;6m INFO[0m [04:04:29] 998982dda3574321a922e092c61954f1	 200 0ms GET /json
[38;5;6m INFO[0m [04:04:29] 2609f909aca5402cae29a0073b12e7b7	 200 0ms GET /json
[38;5;6m INFO[0m [04:04:29] 1e7579d751eb4e70a3259832321cc390	 200 0ms GET /json
[38;5;6m INFO[0m [04:04:29] 3e372a50663d40f29a011f84a6d1f73d	 200 0ms GET /json
[38;5;6m INFO[0m [04:04:29] fbe685f695304deeb3f187630db62fc1	 200 0ms GET /json
[38;5;6m INFO[0m [04:04:29] 1f88197abb0c41108393d3ccd119ef6e	 200 0ms GET /json
[38;5;6m INFO[0m [04:04:29] 27745ab423564018972e70ec804b1767	 200 0ms GET /json
[38;5;6m INFO[0m [04:04:29] fe96ae48de2842c7a18ed6b98a42f2dd	 200 0ms GET /json
[38;5;6m INFO[0m [04:04:29] 803d1fce37424467becb1330bcdbbe03	 200 0ms GET /json
[38;5;6m INFO[0m [04:04:29] a727a42f7b824d279bfe1678a8dbf2fb	 200 0ms GET /json
[38;5;6m INFO[0m [04:04:29] 1bc94eb1bd6d46799a466082428d8c44	 200 0ms GET /json
[38;5;6m INFO[0m [04:04:29] 0ea93d8ec84245d6b511183c8d01642e	 200 0ms GET /json
[38;5;6m INFO[0m [04:04:29] c96527ca31f44516b9b246e178a4df2d	 200 0ms GET /json
[38;5;6m INFO[0m [04:04:29] 096fcebf54af413090122fe994a8395a	 200 0ms GET /json
[38;5;6m INFO[0m [04:04:29] 68a629e64ae6430fb309b62072cb5571	 200 0ms GET /json
[38;5;6m INFO[0m [04:04:29] f96af5446f2543579b5dc6ed05530eb0	 200 0ms GET /json
[38;5;6m INFO[0m [04:04:29] 24131810609a4e258b75da789a54d582	 200 0ms GET /json
[38;5;6m INFO[0m [04:04:29] 4d1b454c052347a6ba1932dc9e71b364	 200 0ms GET /json
[38;5;6m INFO[0m [04:04:29] 94f4839c10d344abb9ef115b35cfd003	 200 0ms GET /json
[38;5;6m INFO[0m [04:04:29] 47d79ad2e04f4ba587b703c36db87764	 200 0ms GET /json
[38;5;6m INFO[0m [04:04:29] 8366dae5034e47109b3e28807a1f3b2c	 200 0ms GET /json
[38;5;6m INFO[0m [04:04:29] 6fdb527f669046b28feca376a5ab53bd	 200 0ms GET /json
[38;5;6m INFO[0m [04:04:29] 69ce22aacd72434e84bbd59274b74750	 200 0ms GET /json
[38;5;6m INFO[0m [04:04:29] 088e1148ec31450a990e86609211d96f	 200 0ms GET /json
[38;5;6m INFO[0m [04:04:29] e8a8bd6e2a4c462eb259b7bda4102f9b	 200 0ms GET /json
[38;5;6m INFO[0m [04:04:29] 89232b130ba14babb5bda1057db36c0f	 200 0ms GET /json
[38;5;6m INFO[0m [04:04:29] 30cfa6aa09744f12b611e3fab8faae46	 200 0ms GET /json
[38;5;6m INFO[0m [04:04:29] f7870a2811e5451b855e627c7d5bc875	 200 0ms GET /json
[38;5;6m INFO[0m [04:04:29] db6f30e18104401ab69005c83d7bfc46	 200 0ms GET /json
[38;5;6m INFO[0m [04:04:29] 2e4e30531c6e4217b3bb08e79feb4d68	 200 0ms GET /json
[38;5;6m INFO[0m [04:04:29] cdeabffd18ff4ea6b6c256c3d7fba7a9	 200 0ms GET /json
[38;5;6m INFO[0m [04:04:29] ebc4282e99fa4fcbafdea4782e409255	 200 0ms GET /json
[38;5;6m INFO[0m [04:04:29] b40e7d174be44015ba01e7b9f9748629	 200 0ms GET /json
[38;5;6m INFO[0m [04:04:29] 5d5c0d0cca6a403ba84be036cc172b94	 200 0ms GET /json
[38;5;6m INFO[0m [04:04:29] 395b8521d2324fa2b216db456eb4c357	 200 0ms GET /json
[38;5;6m INFO[0m [04:04:29] 9be2f43aa4634ad5af61e48118935740	 200 0ms GET /json
[38;5;6m INFO[0m [04:04:34] 120fbc070c8e4d0b97a36ae76fa222ce	 200 0ms GET /json
[38;5;6m INFO[0m [04:04:34] a1c6e5ed3477421a995b21fe58fc38f5	 200 0ms GET /json
[38;5;6m INFO[0m [04:04:34] 93c363619c20435abd8348edcd9a6ca6	 200 0ms GET /json
[38;5;6m INFO[0m [04:04:34] f267a810400e4894855d72722a9137e6	 200 0ms GET /json
[38;5;6m INFO[0m [04:04:34] da75a2d59d264fc0b2408763e90d3941	 200 0ms GET /json
[38;5;6m INFO[0m [04:04:34] 0f984780fab44db18308c344d239ab45	 200 0ms GET /json
[38;5;6m INFO[0m [04:04:34] ba38f42bb24b4aac8b33d2c3a00e682d	 200 0ms GET /json
[38;5;6m INFO[0m [04:04:34] 283ce982457c424596271dcdc7d93867	 200 0ms GET /json
[38;5;6m INFO[0m [04:04:34] ce99f412af9245f98e40c62cbcf47f00	 200 0ms GET /json
[38;5;6m INFO[0m [04:04:34] cd30f7a5c15a4d0c9ac542b7b2af9d79	 200 0ms GET /json
[38;5;6m INFO[0m [04:04:34] 5b7f144d2f444a0fb343a63305c27b67	 200 0ms GET /json
[38;5;6m INFO[0m [04:04:34] d3f7d9b74a324d07a57236fb69cebaf8	 200 0ms GET /json
[38;5;6m INFO[0m [04:04:34] 3da314efab1a44d9a732bf0bb76c8515	 200 0ms GET /json
[38;5;6m INFO[0m [04:04:34] fb7ab0dcdcbe42cb8eb81c0a57261a22	 200 0ms GET /json
[38;5;6m INFO[0m [04:04:34] 9e3852d74ce4469cad87516d0b1de7e3	 200 0ms GET /json
[38;5;6m INFO[0m [04:04:34] 3cfe8a8ba25348a4a77b12feee63048a	 200 0ms GET /json
[38;5;6m INFO[0m [04:04:34] 26091fda935642f697e636b6559bfe08	 200 0ms GET /json
[38;5;6m INFO[0m [04:04:34] 9d064ee006834bf5a6181f72fb19de7f	 200 0ms GET /json
[38;5;6m INFO[0m [04:04:34] 578ba92f70214609b8005939d012abab	 200 0ms GET /json
[38;5;6m INFO[0m [04:04:34] 46ddedfdfa8146afab42a2d2c9489b9a	 200 0ms GET /json
[38;5;6m INFO[0m [04:04:34] 9f1c729c5db1450a9c4a92e88161daa2	 200 0ms GET /json
[38;5;6m INFO[0m [04:04:34] 45bfbbceca474f2382e3be496e9d48cc	 200 0ms GET /json
[38;5;6m INFO[0m [04:04:34] 68f082f3fd2847b49855fe3002ac8df2	 200 0ms GET /json
[38;5;6m INFO[0m [04:04:34] e13fd0da4b994512b8291f6b8efb13e7	 200 0ms GET /json
[38;5;6m INFO[0m [04:04:34] 5cb1243b77494759a855ee268ef40c99	 200 0ms GET /json
[38;5;6m INFO[0m [04:04:34] 006552d350414e2b9a4946c3e48eccd2	 200 0ms GET /json
[38;5;6m INFO[0m [04:04:34] 9e697697ffab45a0a69db85f11cd3b8e	 200 0ms GET /json
[38;5;6m INFO[0m [04:04:34] 163daafa7a32413781339709d265d836	 200 0ms GET /json
[38;5;6m INFO[0m [04:04:34] 2edc0834aa0e4261a549d03b82c94ff7	 200 0ms GET /json
[38;5;6m INFO[0m [04:04:34] 805560e344af4d8ebd1bf13f7bb5d941	 200 0ms GET /json
[38;5;6m INFO[0m [04:04:34] c90c7e9dfaaf4e3b936dc41f1fb75fd0	 200 0ms GET /json
[38;5;6m INFO[0m [04:04:34] e8380a5d1c4442e2b7243eedc8a5e966	 200 0ms GET /json
[38;5;6m INFO[0m [04:04:34] 1e445054d549444c97af00447000f516	 200 0ms GET /json
[38;5;6m INFO[0m [04:04:34] e229a8fc9da24794aa6e49c56bf3c7f8	 200 0ms GET /json
[38;5;6m INFO[0m [04:04:34] 4db40581d59d402f8413e4bd2a38775b	 200 0ms GET /json
[38;5;6m INFO[0m [04:04:34] 8d30dbcaec1d4663b528b2924e49d414	 200 0ms GET /json
[38;5;6m INFO[0m [04:04:34] 5a1427b630c84021987947ffcd60bbba	 200 0ms GET /json
[38;5;6m INFO[0m [04:04:34] 56874b3b2a9e443288fcbd4f2778062c	 200 0ms GET /json
[38;5;6m INFO[0m [04:04:34] 28438cb311ea41b595a95bdf34dc4cf3	 200 0ms GET /json
[38;5;6m INFO[0m [04:04:34] 532d2057918841b0a55c37ac132f76bb	 200 0ms GET /json
[38;5;6m INFO[0m [04:04:34] 2e5f86abc5d64f47ab34c7a37ad6f669	 200 0ms GET /json
[38;5;6m INFO[0m [04:04:34] f00710a58ad44580a86d6ce374467f7c	 200 0ms GET /json
[38;5;6m INFO[0m [04:04:34] 53c97c03346c46c8aca7365c67a45347	 200 0ms GET /json
[38;5;6m INFO[0m [04:04:34] 6954bae1698c49309ff6903494fd3616	 200 0ms GET /json
[38;5;6m INFO[0m [04:04:34] 5613091d9d204c5d9cc561aaafc6db93	 200 0ms GET /json
[38;5;6m INFO[0m [04:04:34] fc0a500c353e451b898367af83d5411c	 200 0ms GET /json
[38;5;6m INFO[0m [04:04:34] 49af159a459f48e4bf945808eba2c148	 200 0ms GET /json
[38;5;6m INFO[0m [04:04:34] c9e285ec481143888cf24a8c587ade61	 200 0ms GET /json
[38;5;6m INFO[0m [04:04:34] dacec91a779443f4b24af93a553b3df8	 200 0ms GET /json
[38;5;6m INFO[0m [04:04:34] 26d4aa3adbb04183b9fd87a53c6d433e	 200 0ms GET /json
[38;5;6m INFO[0m [04:04:34] 4a970ea656d44b13ac5bf09fcd706394	 200 0ms GET /json
[38;5;6m INFO[0m [04:04:34] b7bad6e881174f7e8d79d06edbe85219	 200 0ms GET /json
[38;5;6m INFO[0m [04:04:34] 462b37ae1dcf469cb4ab9893cae54dc8	 200 0ms GET /json
[38;5;6m INFO[0m [04:04:34] c2f6d6f5a7d64f578e8ced8e260e1f9c	 200 0ms GET /json
[38;5;6m INFO[0m [04:04:34] 83b19948d33e4850bf12f8bec28b0c91	 200 0ms GET /json
[38;5;6m INFO[0m [04:04:34] 378e475f2ef14d74ab2dd6b2867f1a94	 200 0ms GET /json
[38;5;6m INFO[0m [04:04:34] 113103d506d94d4e9b998e30639aeceb	 200 0ms GET /json
[38;5;6m INFO[0m [04:04:34] f03b2c89fa024849bd799b7517d6f55e	 200 0ms GET /json
[38;5;6m INFO[0m [04:04:34] 829c3b5465724b31b555ba3dcf887eaa	 200 0ms GET /json
[38;5;6m INFO[0m [04:04:34] 83f174b1e3eb4befa39cf3b9d4688cf8	 200 0ms GET /json
[38;5;6m INFO[0m [04:04:34] c22b7ebc6cbc4215b986c16494f27428	 200 0ms GET /json
[38;5;6m INFO[0m [04:04:34] 9a09d89fca2c46b7a545376c6758aeb0	 200 0ms GET /json
[38;5;6m INFO[0m [04:04:34] 6e74657b03aa476aa3d399eeb1471302	 200 0ms GET /json
[38;5;6m INFO[0m [04:04:34] 68643b05947b4ddb839af04545274eb4	 200 0ms GET /json
[38;5;6m INFO[0m [04:04:34] aa85a9c5765646109efa8d25eb685afb	 200 0ms GET /json
[38;5;6m INFO[0m [04:04:34] 1d9e5119a0904eb1bcee483f6ea4ad2c	 200 0ms GET /json
[38;5;6m INFO[0m [04:04:34] c0756453bd714d309004e4021b1ae371	 200 0ms GET /json
[38;5;6m INFO[0m [04:04:34] 9f371b1a07cd481bbb316ec6dfc4fe41	 200 0ms GET /json
[38;5;6m INFO[0m [04:04:34] abd1118c9d93459aae2aa2d0867b2888	 200 0ms GET /json
[38;5;6m INFO[0m [04:04:34] b886bc399fb349169d6b9f1fb375dc11	 200 0ms GET /json
[38;5;6m INFO[0m [04:04:34] d943a049d48a40c393c3d2c8632b2259	 200 0ms GET /json
[38;5;6m INFO[0m [04:04:34] 89c8eeb5c0d1420cac811589aa724c16	 200 0ms GET /json
[38;5;6m INFO[0m [04:04:34] 4948227fcf0a40e786c6e1177db86f3e	 200 0ms GET /json
[38;5;6m INFO[0m [04:04:34] b8721e842e424e7097b601b2d62ff0fd	 200 0ms GET /json
[38;5;6m INFO[0m [04:04:34] cf0affc791114380a2f666d091a3149d	 200 0ms GET /json
[38;5;6m INFO[0m [04:04:34] 7b91a7f5554344b29bb8e300a0ce1613	 200 0ms GET /json
[38;5;6m INFO[0m [04:04:34] 47dd5484563c4d7b844d26e575c7aa1a	 200 0ms GET /json
[38;5;6m INFO[0m [04:04:34] 445b12a2136a4b808124a2bcfc9ef06a	 200 0ms GET /json
[38;5;6m INFO[0m [04:04:34] 1be9c919f0ef4a4d845a8c0e7bd9689e	 200 0ms GET /json
[38;5;6m INFO[0m [04:04:34] 5a385e028f604425bc17a09192ce6ff6	 200 0ms GET /json
[38;5;6m INFO[0m [04:04:34] e9d6048a08404b5baa865e996ee84cd8	 200 0ms GET /json
[38;5;6m INFO[0m [04:04:34] b383ecec2521435399f1cf4bcd6512d2	 200 0ms GET /json
[38;5;6m INFO[0m [04:04:34] 07c8ba4f224f46c1a2245428d20e89e7	 200 0ms GET /json
[38;5;6m INFO[0m [04:04:34] cfc2890e7fe5466d9def941088b2cfd8	 200 0ms GET /json
[38;5;6m INFO[0m [04:04:34] c54ba13554754f67a14e30789fb6e614	 200 0ms GET /json
[38;5;6m INFO[0m [04:04:34] 4152cdcdc6d745d2b0c2a4bfc0c4499a	 200 0ms GET /json
[38;5;6m INFO[0m [04:04:34] 934fe909138d4b1286586b614ab2547e	 200 0ms GET /json
[38;5;6m INFO[0m [04:04:34] 8e3a3a0ca2234617ae408a571f90c519	 200 0ms GET /json
[38;5;6m INFO[0m [04:04:34] 8b55cfbc5e404c9f8443af3a8759b8e1	 200 0ms GET /json
[38;5;6m INFO[0m [04:04:34] 9db61b15390848eba56ad8e71cc94bc9	 200 0ms GET /json
[38;5;6m INFO[0m [04:04:34] 8dd4f4b2d66143399825630b8fddb1fb	 200 0ms GET /json
[38;5;6m INFO[0m [04:04:34] 48b627112b50404da53414be2ad57dd8	 200 0ms GET /json
[38;5;6m INFO[0m [04:04:34] cf6bf01f57a64eb99f17b989f613ba01	 200 0ms GET /json
[38;5;6m INFO[0m [04:04:34] 09123e4183bc4e459075aaf86349083c	 200 0ms GET /json
[38;5;6m INFO[0m [04:04:34] 4f2c68da933e4bbe9e72cb78f71ce334	 200 0ms GET /json
[38;5;6m INFO[0m [04:04:34] 6f0114d5d7b24c3aa4686d3a0509b555	 200 0ms GET /json
[38;5;6m INFO[0m [04:04:34] 961dd9325ecd4723aff2f9ca718779e3	 200 0ms GET /json
[38;5;6m INFO[0m [04:04:34] 134e3f6f5af24719832277bedc4b5cbd	 200 0ms GET /json
[38;5;6m INFO[0m [04:04:34] 54d13fdb42614c089e8c0fd9eb9ecd3c	 200 0ms GET /json
[38;5;6m INFO[0m [04:04:34] 91171136abce4412b6ef5a6f57d4af8d	 200 0ms GET /json
[38;5;6m INFO[0m [04:04:34] 8af178ebbf6746a9bdd930e2738a0eb4	 200 0ms GET /json
[38;5;6m INFO[0m [04:04:34] d9df1df16f6b453d952e326d7b6cc1ed	 200 0ms GET /json
[38;5;6m INFO[0m [04:04:34] 01d5ad0140bd433297eee45fc0cb33d5	 200 0ms GET /json
[38;5;6m INFO[0m [04:04:34] 3ae29c7c6f2a472da52998b1bd4f385d	 200 0ms GET /json
[38;5;6m INFO[0m [04:04:34] e4ebc42a6b234075b341403b4f6a356e	 200 0ms GET /json
[38;5;6m INFO[0m [04:04:34] fe177ec1b6784e30b244bd2962beed19	 200 0ms GET /json
[38;5;6m INFO[0m [04:04:34] 37190e19fe044bca8879d6ecaa58eaee	 200 0ms GET /json
[38;5;6m INFO[0m [04:04:34] aa33c5309a59411f8206d1b928ef479a	 200 0ms GET /json
[38;5;6m INFO[0m [04:04:34] 3bd1d3c8fb9e43509a09b4d6ccfc56fd	 200 0ms GET /json
[38;5;6m INFO[0m [04:04:34] 18e46e60e9c047a6aed9a117f5c3db4d	 200 0ms GET /json
[38;5;6m INFO[0m [04:04:34] 4de9d58aace240f1be8eba8292a29985	 200 0ms GET /json
[38;5;6m INFO[0m [04:04:34] 2c7e047885ed4e66ab3dd5bcc1d53dd1	 200 0ms GET /json
[38;5;6m INFO[0m [04:04:34] 5b9a8aa1ea844ae3ab9ae66e7d30ca21	 200 0ms GET /json
[38;5;6m INFO[0m [04:04:34] 8b33b3c3a33043c4b005a06906e2a492	 200 0ms GET /json
[38;5;6m INFO[0m [04:04:34] 54b3df3c7ea749bbbb4c742fbe564ca7	 200 0ms GET /json
[38;5;6m INFO[0m [04:04:34] 3c672760ddab48b9b7adddfb6bd3a8ea	 200 0ms GET /json
[38;5;6m INFO[0m [04:04:34] 78576629e41f4f439d144cd200bcb2e3	 200 0ms GET /json
[38;5;6m INFO[0m [04:04:34] b6249d09c4334ab9b77eff780b67d6ef	 200 0ms GET /json
[38;5;6m INFO[0m [04:04:34] 88c0245686934a499c8cefce8380e960	 200 0ms GET /json
[38;5;6m INFO[0m [04:04:34] b94505df23b54786b1f6509eba1c50d8	 200 0ms GET /json
[38;5;6m INFO[0m [04:04:34] 96a67e871b3840bf9d7443bd697fe1c6	 200 0ms GET /json
[38;5;6m INFO[0m [04:04:34] d51be76d0d284cf3a7c3bf70aa5e8e5d	 200 0ms GET /json
[38;5;6m INFO[0m [04:04:34] 5ca81405d32f452cbe0bc0f6a4f29874	 200 0ms GET /json
[38;5;6m INFO[0m [04:04:34] 2df3721a97bd43e3aa05ba9ca97a1de6	 200 0ms GET /json
[38;5;6m INFO[0m [04:04:34] 8272ccb862814756ab4bd12ee036016c	 200 0ms GET /json
[38;5;6m INFO[0m [04:04:34] cc6e7794353446548b90964411e28947	 200 0ms GET /json
[38;5;6m INFO[0m [04:04:34] 69bedcc8f8324809b2bdd174208fc3f5	 200 0ms GET /json
[38;5;6m INFO[0m [04:04:34] f3822a5eb24741eab1abfcf5ae45e62f	 200 0ms GET /json
[38;5;6m INFO[0m [04:04:34] bb3f61a5021f44ada31cb50c19524fef	 200 0ms GET /json
[38;5;6m INFO[0m [04:04:34] 46469d74032347c6ac3288bb1c8eb69a	 200 0ms GET /json
[38;5;6m INFO[0m [04:04:34] bd08455d2af448d0ad741dc2a4421815	 200 0ms GET /json
[38;5;6m INFO[0m [04:04:34] abd324f76f21457eb5f0b45b273bfdd8	 200 0ms GET /json
[38;5;6m INFO[0m [04:04:34] 21f1288006224025991ed6aca0d794f9	 200 0ms GET /json
[38;5;6m INFO[0m [04:04:34] 5b147e40c1c64c929be03fd3fb81775a	 200 0ms GET /json
[38;5;6m INFO[0m [04:04:34] ff7c7f1eba9d49efbf3176fd737e75f7	 200 0ms GET /json
[38;5;6m INFO[0m [04:04:34] 0d5e27a96fa5491b9235237a6ee339b9	 200 0ms GET /json
[38;5;6m INFO[0m [04:04:34] 3632ebd4cc4242ec9cfbfb5c209f2e00	 200 0ms GET /json
[38;5;6m INFO[0m [04:04:34] 161bda2eadd04a289a8edf21c7be6843	 200 0ms GET /json
[38;5;6m INFO[0m [04:04:34] b13b0b3618b74489909c3948817ef17e	 200 0ms GET /json
[38;5;6m INFO[0m [04:04:34] 5760bba785fa410f9de4fc5f8e789d2e	 200 0ms GET /json
[38;5;6m INFO[0m [04:04:34] 948c4fc9a89d4e4e8d8d67130cf11249	 200 0ms GET /json
[38;5;6m INFO[0m [04:04:34] 269c2bb6f1fc4c1f9bf9dd97d9dde838	 200 0ms GET /json
[38;5;6m INFO[0m [04:04:34] a449b57e6e6d41d28e815bce30d8a4a2	 200 0ms GET /json
[38;5;6m INFO[0m [04:04:34] aed0ff64c8994452814cce3a6916231b	 200 0ms GET /json
[38;5;6m INFO[0m [04:04:34] 906e8b0ae30f49469818a0bc12baf95e	 200 0ms GET /json
[38;5;6m INFO[0m [04:04:34] cf5a91e74abe4dddb854e0f83a642716	 200 0ms GET /json
[38;5;6m INFO[0m [04:04:34] 6fb832632f9b4c45866fadbe8c5431c7	 200 0ms GET /json
[38;5;6m INFO[0m [04:04:34] 07a199925949400a921f8078b042af70	 200 0ms GET /json
[38;5;6m INFO[0m [04:04:34] 4591651a61114e74a10431ef5489a697	 200 0ms GET /json
[38;5;6m INFO[0m [04:04:34] 4873fb5a823443eb99145cf444140a42	 200 0ms GET /json
[38;5;6m INFO[0m [04:04:34] 17c9cad89f8b4fadbae93c33465d94f7	 200 0ms GET /json
[38;5;6m INFO[0m [04:04:34] 089421e188484660a85f7f0f0e9beb92	 200 0ms GET /json
[38;5;6m INFO[0m [04:04:34] adf2ab63382f4ad49fdd0ad9f61edd01	 200 0ms GET /json
[38;5;6m INFO[0m [04:04:34] dfb5190e43174825afa27f42e3aeed24	 200 0ms GET /json
[38;5;6m INFO[0m [04:04:34] e8f82a361345443e9c31985cced2fb94	 200 0ms GET /json
[38;5;6m INFO[0m [04:04:34] e16dbc955efd4ce1b332a256e9444bf6	 200 0ms GET /json
[38;5;6m INFO[0m [04:04:34] 83dc4ba836294f729f7c4b0a3607c542	 200 0ms GET /json
[38;5;6m INFO[0m [04:04:34] 658cca1678a148bb898c9aaf990366c5	 200 0ms GET /json
[38;5;6m INFO[0m [04:04:34] 1b8a479feac046bc99247c7110815415	 200 0ms GET /json
[38;5;6m INFO[0m [04:04:34] a11f0520d9524a7da90caca27d3778c7	 200 0ms GET /json
[38;5;6m INFO[0m [04:04:34] b667ff90c06e456d93e1ee83739cdd54	 200 0ms GET /json
[38;5;6m INFO[0m [04:04:34] c71461c944fc4766bcdd63452682d301	 200 0ms GET /json
[38;5;6m INFO[0m [04:04:34] 0df6227a964748b38ef1f207df9893a7	 200 0ms GET /json
[38;5;6m INFO[0m [04:04:34] cfca68ac8b2843f0ad1e6d9931a883c5	 200 0ms GET /json
[38;5;6m INFO[0m [04:04:34] 2676ea30af3246e28b62fff0945b3b66	 200 0ms GET /json
[38;5;6m INFO[0m [04:04:34] f6bd81fdb1f848b39bc99aea4e77c71c	 200 0ms GET /json
[38;5;6m INFO[0m [04:04:34] bcc19616bd0f486f853642f7e72f6cca	 200 0ms GET /json
[38;5;6m INFO[0m [04:04:34] b3a99cbd103a43f08444eed61c8c2b52	 200 0ms GET /json
[38;5;6m INFO[0m [04:04:34] b69595dd21c748988ea24e2c33a9aebd	 200 0ms GET /json
[38;5;6m INFO[0m [04:04:34] 42fbeb47b5c9410eb6be4e6a8b126ad9	 200 0ms GET /json
[38;5;6m INFO[0m [04:04:34] cff8c8c796d04003b11d4a9bf047a00d	 200 0ms GET /json
[38;5;6m INFO[0m [04:04:34] d4eede15506249778c9698dc427a9951	 200 0ms GET /json
[38;5;6m INFO[0m [04:04:34] 63a87e4f3b7f46f48cb5b9bc7824adb1	 200 0ms GET /json
[38;5;6m INFO[0m [04:04:34] 4d759639f7264e3fb5642c7c0a2842bf	 200 0ms GET /json
[38;5;6m INFO[0m [04:04:34] 6637ad6b5b8f49d29bda1be13b9b6293	 200 0ms GET /json
[38;5;6m INFO[0m [04:04:34] b8a9e9439ff54870bf1537ac4c9d74b6	 200 0ms GET /json
[38;5;6m INFO[0m [04:04:34] dff89f337ede4a8c9c9db23e61c003af	 200 0ms GET /json
[38;5;6m INFO[0m [04:04:34] 2503ab62cded4e5bb926a687231989c6	 200 0ms GET /json
[38;5;6m INFO[0m [04:04:34] f5eb48cca0294b36be2ccf633727e4f5	 200 0ms GET /json
[38;5;6m INFO[0m [04:04:34] 67cc360dddee4964aa2b897e85a6eb51	 200 0ms GET /json
[38;5;6m INFO[0m [04:04:34] ca8c721e3e2842c288aebc19012a582e	 200 0ms GET /json
[38;5;6m INFO[0m [04:04:34] 465944339f474924b3878a1570218342	 200 0ms GET /json
[38;5;6m INFO[0m [04:04:34] d5c417b333d743b0aa28157ade42295b	 200 0ms GET /json
[38;5;6m INFO[0m [04:04:34] 9bf1dea4bdfc4e869c933be2e1f31f79	 200 0ms GET /json
[38;5;6m INFO[0m [04:04:34] 453ec06b0091424cb30e211276b24903	 200 0ms GET /json
[38;5;6m INFO[0m [04:04:34] eedf0f05ab734c27b7939fedec736b19	 200 0ms GET /json
[38;5;6m INFO[0m [04:04:34] ade7aea6ee7a4978906f73c554680953	 200 0ms GET /json
[38;5;6m INFO[0m [04:04:34] 913dfa42f7e14a118063b10b37d4c9e6	 200 0ms GET /json
[38;5;6m INFO[0m [04:04:34] 0b28a57fadd942d7a64351da5c24180f	 200 0ms GET /json
[38;5;6m INFO[0m [04:04:34] c4a58b075cf0498fb5b411ae52a5717f	 200 0ms GET /json
[38;5;6m INFO[0m [04:04:34] b2bf72d99c0d4038bef530520d2b90d1	 200 0ms GET /json
[38;5;6m INFO[0m [04:04:34] 2d737a00208b4a2880e0849070e57b1a	 200 0ms GET /json
[38;5;6m INFO[0m [04:04:34] 0522ffcc3d2340a49fdcee576d94b8bc	 200 0ms GET /json
[38;5;6m INFO[0m [04:04:34] 69908a7d5ccb465189aa08cf58534ef1	 200 0ms GET /json
[38;5;6m INFO[0m [04:04:34] ef9e0c58534d4532adac04e887a2b929	 200 0ms GET /json
[38;5;6m INFO[0m [04:04:34] 51554843f958458ea7b1efa4504fcdad	 200 0ms GET /json
[38;5;6m INFO[0m [04:04:34] 9ef411304bec499fae6060ead8d70b3b	 200 0ms GET /json
[38;5;6m INFO[0m [04:04:34] 10121e5666d748bf93050428df3dc6d0	 200 0ms GET /json
[38;5;6m INFO[0m [04:04:34] 4009b1142b534c12976f28bf5959b031	 200 0ms GET /json
[38;5;6m INFO[0m [04:04:34] 53495207573a4529957fe53de0d98fa2	 200 0ms GET /json
[38;5;6m INFO[0m [04:04:38] f15dcd25f58f44489d26bae428e44a75	 200 0ms GET /json
[38;5;6m INFO[0m [04:04:38] b5194e268c5544698c2ef90d3a4f2a4f	 200 0ms GET /json
[38;5;6m INFO[0m [04:04:38] 85a328cb76484d8e83e5e3f70d57b468	 200 0ms GET /json
[38;5;6m INFO[0m [04:04:38] 9ff8dccde57c4153b9a3910fc24249c5	 200 0ms GET /json
[38;5;6m INFO[0m [04:04:38] af0372d78a714720af82af65ea90bbf0	 200 0ms GET /json
[38;5;6m INFO[0m [04:04:38] f8a79881f1af49c988f2ba1f49d9c661	 200 0ms GET /json
[38;5;6m INFO[0m [04:04:38] 7d4a581dec724b5b92dd57ca9bd8d551	 200 0ms GET /json
[38;5;6m INFO[0m [04:04:38] 591a194d47ae4fb4931877d53cc3a71c	 200 0ms GET /json
[38;5;6m INFO[0m [04:04:38] beee46bfb7e243e08a3b4a9df6c7121c	 200 0ms GET /json
[38;5;6m INFO[0m [04:04:38] 425ce929c18e49308d63477794179183	 200 0ms GET /json
[38;5;6m INFO[0m [04:04:38] 09e51d6a9ca8454d949267a768906949	 200 0ms GET /json
[38;5;6m INFO[0m [04:04:38] 39c02f75916d47f4a8ad686b4e10af87	 200 0ms GET /json
[38;5;6m INFO[0m [04:04:38] a9cecd2b0dd64b139219c498f174dadb	 200 0ms GET /json
[38;5;6m INFO[0m [04:04:38] 7c04f6a22ede4365917f6c577df52b32	 200 0ms GET /json
[38;5;6m INFO[0m [04:04:38] cd1433e8bae9413cbade59fdb16f1916	 200 0ms GET /json
[38;5;6m INFO[0m [04:04:38] b6d9fa7ad7d24304b3ccd62272e63c02	 200 0ms GET /json
[38;5;6m INFO[0m [04:04:38] b15431cfd6934bef922d52c12de38f69	 200 0ms GET /json
[38;5;6m INFO[0m [04:04:38] 9745172a7933407da89f8fd3c39027e8	 200 0ms GET /json
[38;5;6m INFO[0m [04:04:38] 9af93adf5061466f86a4c6a7ca3f449e	 200 0ms GET /json
[38;5;6m INFO[0m [04:04:38] 33298f9ba7af4ba9aedeb3f6bd541137	 200 0ms GET /json
[38;5;6m INFO[0m [04:04:38] accd454161474cfd8577a03672dc66d7	 200 0ms GET /json
[38;5;6m INFO[0m [04:04:38] 253476ab227d48348a6234a12330f965	 200 0ms GET /json
[38;5;6m INFO[0m [04:04:38] c0913f478d7743f3b1f3098454f9425a	 200 0ms GET /json
[38;5;6m INFO[0m [04:04:38] 71f3d9b82fed4aac8f07187bcc9145c8	 200 0ms GET /json
[38;5;6m INFO[0m [04:04:38] 57ecd0ae256441e7afc2e3f3bf39d550	 200 0ms GET /json
[38;5;6m INFO[0m [04:04:38] fb64a2312ac94dd3b0c378b144633e88	 200 0ms GET /json
[38;5;6m INFO[0m [04:04:38] 2bd982890bba49259ba63a6d25336de1	 200 0ms GET /json
[38;5;6m INFO[0m [04:04:38] 7521b89d7f914a1583e94cf6eb945985	 200 0ms GET /json
[38;5;6m INFO[0m [04:04:38] 71d60a1f64324e728b76f0c116650278	 200 0ms GET /json
[38;5;6m INFO[0m [04:04:38] e250ba6b6e8c41dd826794dff9cb5db4	 200 0ms GET /json
[38;5;6m INFO[0m [04:04:38] ad43bd4896074131be6b9cad71b3ba1a	 200 0ms GET /json
[38;5;6m INFO[0m [04:04:38] 4e685a0481044efe8711e40179077ddc	 200 0ms GET /json
[38;5;6m INFO[0m [04:04:38] 1f186cb4b1b84c89a733a93109f9ad8e	 200 0ms GET /json
[38;5;6m INFO[0m [04:04:38] 63cb9af2bfb14f15ba4471f43d2749d7	 200 0ms GET /json
[38;5;6m INFO[0m [04:04:38] 79afeb9924dd49a0a349c671e6981011	 200 0ms GET /json
[38;5;6m INFO[0m [04:04:38] 537c30aa88c3469d8275eab302ccf5a4	 200 0ms GET /json
[38;5;6m INFO[0m [04:04:38] ae74bd6585e04764962727f011687b85	 200 0ms GET /json
[38;5;6m INFO[0m [04:04:38] 0f5d42b99b8b41108aa8ccee92914a47	 200 0ms GET /json
[38;5;6m INFO[0m [04:04:38] cdbb84a4b3114ea6b1ff7347325e7df6	 200 0ms GET /json
[38;5;6m INFO[0m [04:04:38] 769a5f0bca1242148b23491e782fa690	 200 0ms GET /json
[38;5;6m INFO[0m [04:04:38] 28998a0e934842b5adb82809669ab82d	 200 0ms GET /json
[38;5;6m INFO[0m [04:04:38] 5f2662b468034a4a8f4da6aae692c9b0	 200 0ms GET /json
[38;5;6m INFO[0m [04:04:38] 34765cfd292649d5828bdd9759133189	 200 0ms GET /json
[38;5;6m INFO[0m [04:04:38] 8833443058ae41e3a1eb10e1d871a2ca	 200 0ms GET /json
[38;5;6m INFO[0m [04:04:38] 11c7ff73365c42d996223bc1004281a9	 200 0ms GET /json
[38;5;6m INFO[0m [04:04:38] b72a1363e5984c4fa0fd677dafd4d830	 200 0ms GET /json
[38;5;6m INFO[0m [04:04:38] e406535f454a485195edbd5cbfb31a4c	 200 0ms GET /json
[38;5;6m INFO[0m [04:04:38] 22a6640497834c7bab1d76adc80204b3	 200 0ms GET /json
[38;5;6m INFO[0m [04:04:38] a1503b13e66c4e04ae559c1a2439e08e	 200 0ms GET /json
[38;5;6m INFO[0m [04:04:38] b2eb15fb2bee4350af25f4bcc866ae74	 200 0ms GET /json
[38;5;6m INFO[0m [04:04:38] c7b55fc4aa234cf8b4b5eaf5717874dc	 200 0ms GET /json
[38;5;6m INFO[0m [04:04:38] 52a153bb452941559efbaf4149f9c985	 200 0ms GET /json
[38;5;6m INFO[0m [04:04:38] a9f880e3fcaf4a5a8ff585cf233edf53	 200 0ms GET /json
[38;5;6m INFO[0m [04:04:38] 7389232b22a74ccdb75daf4877efa7c5	 200 0ms GET /json
[38;5;6m INFO[0m [04:04:38] a2eda9055ce24b12804c71f6bc3e34ba	 200 0ms GET /json
[38;5;6m INFO[0m [04:04:38] b497150cef54488ab4089a600ae72535	 200 0ms GET /json
[38;5;6m INFO[0m [04:04:38] ed985a112d67462ebcd7108ef315aa76	 200 0ms GET /json
[38;5;6m INFO[0m [04:04:38] 8f213d665ce94c299af4ef00ccbaeb80	 200 0ms GET /json
[38;5;6m INFO[0m [04:04:38] 773f9227620a40209e76b2a2cd58a7bd	 200 0ms GET /json
[38;5;6m INFO[0m [04:04:38] 30498d6ef26a44408aec3c731fcd92cd	 200 0ms GET /json
[38;5;6m INFO[0m [04:04:38] 9acb9194e4a547008590963aa496d9bd	 200 0ms GET /json
[38;5;6m INFO[0m [04:04:38] 0e85ad5cafe54864a60868a4f9faf894	 200 0ms GET /json
[38;5;6m INFO[0m [04:04:38] b6b7f0c12b334cbb8184f0ede9134f10	 200 0ms GET /json
[38;5;6m INFO[0m [04:04:38] 128f3145d0764b04a327ccc49fd02f0f	 200 0ms GET /json
[38;5;6m INFO[0m [04:04:38] fba9a909782f4114ba06362fd4e30466	 200 0ms GET /json
[38;5;6m INFO[0m [04:04:38] dc447126243b43faa62df8e480342498	 200 0ms GET /json
[38;5;6m INFO[0m [04:04:38] e311f235130343639fb5117fd34707c1	 200 0ms GET /json
[38;5;6m INFO[0m [04:04:38] c359f60168754d769eab51b6f07976d6	 200 0ms GET /json
[38;5;6m INFO[0m [04:04:38] de2504bca67f439ab34709ed3c43c4f5	 200 0ms GET /json
[38;5;6m INFO[0m [04:04:38] 2616702c7e114a99aa3d3547eb7d908e	 200 0ms GET /json
[38;5;6m INFO[0m [04:04:38] c0f41af5cd0f44fca947dab8b73eff55	 200 0ms GET /json
[38;5;6m INFO[0m [04:04:38] d24c3681311445e7a75c2510a9c7283f	 200 0ms GET /json
[38;5;6m INFO[0m [04:04:38] 6f83c54ea1d94452b1d20d405ab5a860	 200 0ms GET /json
[38;5;6m INFO[0m [04:04:38] f519510e6ac74b3eb428a22202ca972d	 200 0ms GET /json
[38;5;6m INFO[0m [04:04:38] e5151c9861704cabb66b96420d08c89f	 200 0ms GET /json
[38;5;6m INFO[0m [04:04:38] 19901eda6dfe45518c9ad82724c79acd	 200 0ms GET /json
[38;5;6m INFO[0m [04:04:38] d408d4caaeb74ffca9e021a92ad397b2	 200 0ms GET /json
[38;5;6m INFO[0m [04:04:38] 02fe1f5aa24343a0b7aa41f15888c9ec	 200 0ms GET /json
[38;5;6m INFO[0m [04:04:38] 14f8e2ac03734ae08f9c1cc4aff3cb7e	 200 0ms GET /json
[38;5;6m INFO[0m [04:04:38] 7001f5474d324196ab384bcc4225c55e	 200 0ms GET /json
[38;5;6m INFO[0m [04:04:38] cda607a8bed741bc839e526b8fa91d5f	 200 0ms GET /json
[38;5;6m INFO[0m [04:04:38] 4f2e991b4f104e6686a957b71af09ff0	 200 0ms GET /json
[38;5;6m INFO[0m [04:04:38] 7c648e8d1f464f2b9682e4d9c770ac4e	 200 0ms GET /json
[38;5;6m INFO[0m [04:04:38] edd3e9fe94e84b929b2f353c00395038	 200 0ms GET /json
[38;5;6m INFO[0m [04:04:38] 189ec8097df14b229317af9aa704240b	 200 0ms GET /json
[38;5;6m INFO[0m [04:04:38] e9a47976c67e411ba5d4a64421610f4f	 200 0ms GET /json
[38;5;6m INFO[0m [04:04:38] 4617fb10d7b24ec9bc33a51e3f581d2f	 200 0ms GET /json
[38;5;6m INFO[0m [04:04:38] de082025dde049109fca464d01da61cb	 200 0ms GET /json
[38;5;6m INFO[0m [04:04:38] 7583beb29eff465fbccc780c5e04aa9f	 200 0ms GET /json
[38;5;6m INFO[0m [04:04:38] 0112cb6e7d6740818607657376e34e39	 200 0ms GET /json
[38;5;6m INFO[0m [04:04:38] b0f64183ef734d3daed0370959db0e45	 200 0ms GET /json
[38;5;6m INFO[0m [04:04:38] 616440ce61104d2ba6cac21543324346	 200 0ms GET /json
[38;5;6m INFO[0m [04:04:38] 1df67ddf19814be3a55eeb9fa4b726f0	 200 0ms GET /json
[38;5;6m INFO[0m [04:04:38] d7c2e4d73d3e4f9ba39bf2f5ace707f1	 200 0ms GET /json
[38;5;6m INFO[0m [04:04:38] 94db598cc3af475787cd1370c2d25d5f	 200 0ms GET /json
[38;5;6m INFO[0m [04:04:38] b095608c6db64740bc74afea7ad4ac9b	 200 0ms GET /json
[38;5;6m INFO[0m [04:04:38] 5860fb04acf544ddafcaefa51e863412	 200 0ms GET /json
[38;5;6m INFO[0m [04:04:38] 533a4ce782134b46987989cdbab27dbd	 200 0ms GET /json
[38;5;6m INFO[0m [04:04:38] ff0dfd083ab3413c8d8f39bdd740a44b	 200 0ms GET /json
[38;5;6m INFO[0m [04:04:38] c7bb99e99e5e4fc6979346c81ff62654	 200 0ms GET /json
[38;5;6m INFO[0m [04:04:38] 1cedfa93af1841bbb8bf2da91a2af9e2	 200 0ms GET /json
[38;5;6m INFO[0m [04:04:38] 3ab9dede02a644428a51b0128f63668d	 200 0ms GET /json
[38;5;6m INFO[0m [04:04:38] daaeb21f233146cfac08a4d797814c45	 200 0ms GET /json
[38;5;6m INFO[0m [04:04:38] beaeebbd3fee4516aaccafc67a56fec7	 200 0ms GET /json
[38;5;6m INFO[0m [04:04:38] 68d670e735e54ef4bf72dfffd8e52145	 200 0ms GET /json
[38;5;6m INFO[0m [04:04:38] bd88f9bc1cbb44f28a09f77095fc436b	 200 0ms GET /json
[38;5;6m INFO[0m [04:04:38] 67d0f08a98fd42c4aa87026b6662a483	 200 0ms GET /json
[38;5;6m INFO[0m [04:04:38] af3b55b5ab9d4d09af4a43f06c8ce938	 200 0ms GET /json
[38;5;6m INFO[0m [04:04:38] 407016d2d3e44f7fa826ffe918c786c3	 200 0ms GET /json
[38;5;6m INFO[0m [04:04:38] 9c244992f341407c8af1537e36d80b7a	 200 0ms GET /json
[38;5;6m INFO[0m [04:04:38] 1f5b5302b65d47ddb6e3839e1ab42c7a	 200 0ms GET /json
[38;5;6m INFO[0m [04:04:38] 5c29b8677b99493598b471e3a7e4a59a	 200 0ms GET /json
[38;5;6m INFO[0m [04:04:38] 32592695d68d4004a5e370b5663d929a	 200 0ms GET /json
[38;5;6m INFO[0m [04:04:38] f80dd9fb4303468bb6be03d9c15ccad1	 200 0ms GET /json
[38;5;6m INFO[0m [04:04:38] b28c2546a7204ef6a851ca502a1a0291	 200 0ms GET /json
[38;5;6m INFO[0m [04:04:38] 6ba842879bcd404da6ac1e5de9550b77	 200 0ms GET /json
[38;5;6m INFO[0m [04:04:38] 068107a2c4764d97a11aca1f6a4f0b4f	 200 0ms GET /json
[38;5;6m INFO[0m [04:04:38] 2af75bdf2ecf40089a7f77195e3fa4aa	 200 0ms GET /json
[38;5;6m INFO[0m [04:04:38] 116f45bcd359467da2e342c5d61880fe	 200 0ms GET /json
[38;5;6m INFO[0m [04:04:38] 436de786e4e843a9ba7e8a9ed849259a	 200 0ms GET /json
[38;5;6m INFO[0m [04:04:38] 2f8e195ddaa74497813ce858598319a2	 200 0ms GET /json
[38;5;6m INFO[0m [04:04:38] 3a6c824ac5f6443ba30b7aa45a0a5c2b	 200 0ms GET /json
[38;5;6m INFO[0m [04:04:38] e17dfc0699ae43a5b72d84e09f9c8649	 200 0ms GET /json
[38;5;6m INFO[0m [04:04:38] 4d13359d475c42758476974ec685c6df	 200 0ms GET /json
[38;5;6m INFO[0m [04:04:38] 023d6647f5e646fbac64a4f52d267575	 200 0ms GET /json
[38;5;6m INFO[0m [04:04:38] 68e28178e75245f8b21f5e3a902719f0	 200 0ms GET /json
[38;5;6m INFO[0m [04:04:38] 708bd6a25bbe4927b53daacd6b90c81f	 200 0ms GET /json
[38;5;6m INFO[0m [04:04:38] ac6e9ae95b4e4abd81ac1c014f488cba	 200 0ms GET /json
[38;5;6m INFO[0m [04:04:38] 70127607e2114de1802ff57b3ce302e7	 200 0ms GET /json
[38;5;6m INFO[0m [04:04:38] 8777a7daddd34183ba317ad7ce624ae1	 200 0ms GET /json
[38;5;6m INFO[0m [04:04:38] 446f624fb32c4acbbcb301afa01b15a0	 200 0ms GET /json
[38;5;6m INFO[0m [04:04:38] 7ea185aaa7644d869ddbea72b0218081	 200 0ms GET /json
[38;5;6m INFO[0m [04:04:38] 462e69903e634d8fb7f9770a6769cf3d	 200 0ms GET /json
[38;5;6m INFO[0m [04:04:38] eba70f50aef24cf4b1daac94ed2a9339	 200 0ms GET /json
[38;5;6m INFO[0m [04:04:38] a4e5cb7bc82642a8a27dd7ccf6ae4005	 200 0ms GET /json
[38;5;6m INFO[0m [04:04:38] 0ea3d6a7519d4d7fad1e4e6c174becc7	 200 0ms GET /json
[38;5;6m INFO[0m [04:04:38] ea05ce80b33f483db95da1217369f637	 200 0ms GET /json
[38;5;6m INFO[0m [04:04:38] f3c9ac1b8211433ea21052cb527592c6	 200 0ms GET /json
[38;5;6m INFO[0m [04:04:38] 9c28fbf9a1ca4ffa8311aecccdfb2081	 200 0ms GET /json
[38;5;6m INFO[0m [04:04:38] 35bda2914e32458c9502f7e334555353	 200 0ms GET /json
[38;5;6m INFO[0m [04:04:38] 25f6d387bc89483fa79c09c170c1e23a	 200 0ms GET /json
[38;5;6m INFO[0m [04:04:38] 1e0fc6d2da864105a6a6d837ae4336d5	 200 0ms GET /json
[38;5;6m INFO[0m [04:04:38] 4a3734cf3200471e97e1bab4574d174b	 200 0ms GET /json
[38;5;6m INFO[0m [04:04:38] 9cb1a4c4b16c459ca194f22d5312e2e1	 200 0ms GET /json
[38;5;6m INFO[0m [04:04:38] 38a834c68a034fa391b54d652d8a750c	 200 0ms GET /json
[38;5;6m INFO[0m [04:04:38] 1a244ac2c04b4a6dba085fd5bafb3cc9	 200 0ms GET /json
[38;5;6m INFO[0m [04:04:38] 4aa98dee2bc045b580de104e03251468	 200 0ms GET /json
[38;5;6m INFO[0m [04:04:38] 84fb96dde639434cb9e62949965aeca5	 200 0ms GET /json
[38;5;6m INFO[0m [04:04:38] 599b8b6ea7f64981b17834ad5612785e	 200 0ms GET /json
[38;5;6m INFO[0m [04:04:38] 27be42e6111142e6844f985565a337a3	 200 0ms GET /json
[38;5;6m INFO[0m [04:04:38] adf77dc668084e16a4e6dcb38541412a	 200 0ms GET /json
[38;5;6m INFO[0m [04:04:38] b1cdb1b9abe549e49d7f7b3b0e138cde	 200 0ms GET /json
[38;5;6m INFO[0m [04:04:38] 26a6b68abd8844eeabdf090eb3de70f6	 200 0ms GET /json
[38;5;6m INFO[0m [04:04:38] b131b8f622c44069ae5a19d7c8804e07	 200 0ms GET /json
[38;5;6m INFO[0m [04:04:38] a107b7cdfd5541e5ac49169935c73716	 200 0ms GET /json
[38;5;6m INFO[0m [04:04:38] b416427aea9b448f9a6e2d88418e5847	 200 0ms GET /json
[38;5;6m INFO[0m [04:04:38] 806e8ac3f6fd46a4801117cf406e11d6	 200 0ms GET /json
[38;5;6m INFO[0m [04:04:38] 28e3ef204fe348f0b64a737af45c177c	 200 0ms GET /json
[38;5;6m INFO[0m [04:04:38] a52774e62b7145f892cac7821f444d93	 200 0ms GET /json
[38;5;6m INFO[0m [04:04:38] 770c35d98ae746be88ec9832839e1d43	 200 0ms GET /json
[38;5;6m INFO[0m [04:04:38] c31a7a9f9db0462b9f6d2c5a81fc4f26	 200 0ms GET /json
[38;5;6m INFO[0m [04:04:38] 1b11581f17da400eb2f3788c26afcead	 200 0ms GET /json
[38;5;6m INFO[0m [04:04:38] 6ff20aa21b4f4b5d80e7411532858569	 200 0ms GET /json
[38;5;6m INFO[0m [04:04:38] be70be8f48de4e0fba1f97b6e2a9f86f	 200 0ms GET /json
[38;5;6m INFO[0m [04:04:38] c2980a45994241adad5fadce68bc68a9	 200 0ms GET /json
[38;5;6m INFO[0m [04:04:38] 916c73a21a294742b43aaed2d13255c2	 200 0ms GET /json
[38;5;6m INFO[0m [04:04:38] 8b1dd5f278734dd6b81047181ecb98e7	 200 0ms GET /json
[38;5;6m INFO[0m [04:04:38] c29c33082da142e7886ee14b56f656f8	 200 0ms GET /json
[38;5;6m INFO[0m [04:04:38] b0e1865e6ffd47eea98cdccc6f4891b9	 200 0ms GET /json
[38;5;6m INFO[0m [04:04:38] 13275e3c905e49669fe6b6b0078ef86f	 200 0ms GET /json
[38;5;6m INFO[0m [04:04:38] 868c4fecc47f433f80116db5d64578b1	 200 0ms GET /json
[38;5;6m INFO[0m [04:04:38] 74b02bd1a58f41e69d9eb66e863f62ee	 200 0ms GET /json
[38;5;6m INFO[0m [04:04:38] 43ee2292098a4f71a6060533113bda1b	 200 0ms GET /json
[38;5;6m INFO[0m [04:04:38] 36c58e55409644e2982e10da4cb021b5	 200 0ms GET /json
[38;5;6m INFO[0m [04:04:38] 2ed0d15022154ec7916d03afc911193b	 200 0ms GET /json
[38;5;6m INFO[0m [04:04:38] 3eb922216b294e1a8f3e3465f5069723	 200 0ms GET /json
[38;5;6m INFO[0m [04:04:38] 8d5904ed2541489b9da19aee371bc561	 200 0ms GET /json
[38;5;6m INFO[0m [04:04:38] a0f7d93a792942919bb0f1efa8998e1e	 200 0ms GET /json
[38;5;6m INFO[0m [04:04:38] c0c6886f6cb24c75bee35fbcb4a32fbf	 200 0ms GET /json
[38;5;6m INFO[0m [04:04:38] 92f31e5dda82402bafa8fff9ab008f4b	 200 0ms GET /json
[38;5;6m INFO[0m [04:04:38] a09c08767f1d4527ad65b0eb4dee5599	 200 0ms GET /json
[38;5;6m INFO[0m [04:04:38] ec47b72c811c468bb048106b22503f3d	 200 0ms GET /json
[38;5;6m INFO[0m [04:04:38] c6a3bb8be7354980844cac56799b2aad	 200 0ms GET /json
[38;5;6m INFO[0m [04:04:38] f22b64ef75484e03952b8d2baa8bd859	 200 0ms GET /json
[38;5;6m INFO[0m [04:04:38] 563e01f8e88d4ae89dc23681e6a15d57	 200 0ms GET /json
[38;5;6m INFO[0m [04:04:38] 54185d7717964473b3752be998a238a4	 200 0ms GET /json
[38;5;6m INFO[0m [04:04:38] fd6b19d3ff534daf8ecf160000cf957b	 200 0ms GET /json
[38;5;6m INFO[0m [04:04:38] 1115f4f4c1934b89b316207f3ddb3465	 200 0ms GET /json
[38;5;6m INFO[0m [04:04:38] 6925d76fb325420badfdedf08ec8ce79	 200 0ms GET /json
[38;5;6m INFO[0m [04:04:38] 21f641eeb5454e639a159114abd365b1	 200 0ms GET /json
[38;5;6m INFO[0m [04:04:38] 7b0600a2d80c41aebead71d9d0c14717	 200 0ms GET /json
[38;5;6m INFO[0m [04:04:38] de00649ce2cd4630a249ef3e630fb651	 200 0ms GET /json
[38;5;6m INFO[0m [04:04:38] f7499b47100b42479a91c6b05feedab0	 200 0ms GET /json
[38;5;6m INFO[0m [04:04:38] b277524609e0405cba664bd10c169971	 200 0ms GET /json
[38;5;6m INFO[0m [04:04:38] 5ce0ade755e14ab38bb8e8fb59a44fd8	 200 0ms GET /json
[38;5;6m INFO[0m [04:04:38] 8ffba723e15c4145a2c625db38e01cac	 200 0ms GET /json
[38;5;6m INFO[0m [04:04:38] 50810e9aaa4449ccba3ff2001fd667c6	 200 0ms GET /json
[38;5;6m INFO[0m [04:04:38] c163018c47b94e29a4763dd817648c88	 200 0ms GET /json
[38;5;6m INFO[0m [04:04:38] ff00a1d4695a4ae3b9c83c070933fdfe	 200 0ms GET /json
[38;5;6m INFO[0m [04:04:38] 4287df938b1a4935ac794ee15c48f7a6	 200 0ms GET /json
[38;5;6m INFO[0m [04:04:38] 49c62e937e544dfebe7de44e75b55b53	 200 0ms GET /json
[38;5;6m INFO[0m [04:04:38] 04d10b1f64d84371b1aad2671035f5d2	 200 0ms GET /json
[38;5;6m INFO[0m [04:04:38] 8691c58f48f94a74bdf492972a04b618	 200 0ms GET /json
[38;5;6m INFO[0m [04:04:38] 53694fcbaef44a6585b09aa709292583	 200 0ms GET /json
[38;5;6m INFO[0m [04:04:38] 6a331b1a2e5b4934b3e9267ef4a0fe7a	 200 0ms GET /json
[38;5;6m INFO[0m [04:04:38] 82917e524f9847c788d29bb8c7a139c4	 200 0ms GET /json
[38;5;6m INFO[0m [04:04:38] 64684cf22bd84322b71744972ddc42d5	 200 0ms GET /json
[38;5;6m INFO[0m [04:04:38] e96b14abd70d428e878dda13d20622d7	 200 0ms GET /json
[38;5;6m INFO[0m [04:04:38] 11c3f0cf5dfd4e4a8fe3a594fb4d2cd9	 200 0ms GET /json
[38;5;6m INFO[0m [04:04:38] 5d52402186854326994b8f3c67fdf981	 200 0ms GET /json
[38;5;6m INFO[0m [04:04:38] fd2a6e99868642e18bd37989e3da99b0	 200 0ms GET /json
[38;5;6m INFO[0m [04:04:38] 5db2b5a074fa4c8eb735a20d2d19002f	 200 0ms GET /json
[38;5;6m INFO[0m [04:04:38] ef7cd2183c3d43c2af223e10a2a9f769	 200 0ms GET /json
[38;5;6m INFO[0m [04:04:38] e44055b77fdb4e11a63e223b8e4868b5	 200 0ms GET /json
[38;5;6m INFO[0m [04:04:38] 270553c6aa834e30b6122d27a552e5c2	 200 0ms GET /json
[38;5;6m INFO[0m [04:04:38] e30625d45f3c4c279a3b2f1c2ff717ac	 200 0ms GET /json
[38;5;6m INFO[0m [04:04:38] 2954ac54bea94113a0bd11c0027c2021	 200 0ms GET /json
[38;5;6m INFO[0m [04:04:38] e243d62e39f942ac8932bcf75181c642	 200 0ms GET /json
[38;5;6m INFO[0m [04:04:38] 8eb0089b5a324aef99a0e19e93f68be9	 200 0ms GET /json
[38;5;6m INFO[0m [04:04:38] 3d67ccfdf8564280a239b3a94422a8ac	 200 0ms GET /json
[38;5;6m INFO[0m [04:04:38] 835389c563c74495960dd9c5ccfed92b	 200 0ms GET /json
[38;5;6m INFO[0m [04:04:38] f024fcc67e5340dba1f99a218ccc4b45	 200 0ms GET /json
[38;5;6m INFO[0m [04:04:38] 612d85fc42404eca8c4e5bbb36df012a	 200 0ms GET /json
[38;5;6m INFO[0m [04:04:38] ea8cae7869c24e718db553e2deb72052	 200 0ms GET /json
[38;5;6m INFO[0m [04:04:38] 85235f3fbc274cd7845509d4b9d3c4e0	 200 0ms GET /json
[38;5;6m INFO[0m [04:04:38] 472e46a3988c4bb88003f733bca9375e	 200 0ms GET /json
[38;5;6m INFO[0m [04:04:38] 0b417d7817664eec879e434e47d5056c	 200 0ms GET /json
[38;5;6m INFO[0m [04:04:38] 3a0b950f9dac49bd92c9d50f6882bded	 200 0ms GET /json
[38;5;6m INFO[0m [04:04:38] 09ff3b5144be42db8882b05150fb9390	 200 0ms GET /json
[38;5;6m INFO[0m [04:04:38] f28c4cead4b54e4bac89e319473ee882	 200 0ms GET /json
[38;5;6m INFO[0m [04:04:38] 9f86fb7baacb403190ee411e0ab09bd1	 200 0ms GET /json
[38;5;6m INFO[0m [04:04:38] 75332a0cd68c4ccc899cb42b73bea8c5	 200 0ms GET /json
[38;5;6m INFO[0m [04:04:38] fe39c8107344412b868a8f0511e41e32	 200 0ms GET /json
[38;5;6m INFO[0m [04:04:38] 55c66b977717439fa2dd06b61c790a33	 200 0ms GET /json
[38;5;6m INFO[0m [04:04:38] e4ce633dbb804b70a1d21d278fdbe952	 200 0ms GET /json
[38;5;6m INFO[0m [04:04:38] 70e92098c14644aea747c9c7b131612c	 200 0ms GET /json
[38;5;6m INFO[0m [04:04:38] c870ea0bd8c5418ba921c754df7cd990	 200 0ms GET /json
[38;5;6m INFO[0m [04:04:38] 73960442b6124505ba5cc3060ba7d729	 200 0ms GET /json
[38;5;6m INFO[0m [04:04:38] 739dfe007e1945e68eaa85cec77166e4	 200 0ms GET /json
[38;5;6m INFO[0m [04:04:38] 6edc33165cfb456b9fe220b5b37c7ca3	 200 0ms GET /json
[38;5;6m INFO[0m [04:04:38] 5c2b119b50f54ddebd08f19a7530fa21	 200 0ms GET /json
[38;5;6m INFO[0m [04:04:38] e3ada01a80ba46a18db2fad9dba49a4d	 200 0ms GET /json
[38;5;6m INFO[0m [04:04:38] 9e7c4e6acea84e3e95b0c266affc10c6	 200 0ms GET /json
[38;5;6m INFO[0m [04:04:38] 761f0ec0d3b74af98b87b6c007c364fe	 200 0ms GET /json
[38;5;6m INFO[0m [04:04:38] 9ecbd1f6c14142a0a378906316b504fa	 200 0ms GET /json
[38;5;6m INFO[0m [04:04:38] fd48158b318e4f0fb3204d47a78f91c8	 200 0ms GET /json
[38;5;6m INFO[0m [04:04:38] 28a5bfc695634332aed5e71f1625e75d	 200 0ms GET /json
[38;5;6m INFO[0m [04:04:38] a12cff073bc14d4190de72ef5ac5cc27	 200 0ms GET /json
[38;5;6m INFO[0m [04:04:38] d09710c7c8ba4776be4edbc5632b1a27	 200 0ms GET /json
[38;5;6m INFO[0m [04:04:38] ec6214f1230b450e90ad9c80654f6b08	 200 0ms GET /json
[38;5;6m INFO[0m [04:04:38] 421251caa48d4cfe96414015ec4374b7	 200 0ms GET /json
[38;5;6m INFO[0m [04:04:38] 2dbffd20661540c28711da564c5eb3d5	 200 0ms GET /json
[38;5;6m INFO[0m [04:04:38] 6e3cc17800ff41f29d57ef8a735b3c06	 200 0ms GET /json
[38;5;6m INFO[0m [04:04:38] 21543757459c4b65aad4e6d2897e0922	 200 0ms GET /json
[38;5;6m INFO[0m [04:04:38] 3331579ced6043e88f11b2f720499431	 200 0ms GET /json
[38;5;6m INFO[0m [04:04:38] 143e72e46b434fcfa79528c94e5edbe3	 200 0ms GET /json
[38;5;6m INFO[0m [04:04:38] 32bfca0a3299455c80c1922bfe9b865d	 200 0ms GET /json
[38;5;6m INFO[0m [04:04:38] ff85e2114f11441ea06abee062eff40e	 200 0ms GET /json
[38;5;6m INFO[0m [04:04:38] 7a1a9717cd124f1fb5582db4d764cc00	 200 0ms GET /json
[38;5;6m INFO[0m [04:04:38] 621abe7b551f4f928169dcafdca396a4	 200 0ms GET /json
[38;5;6m INFO[0m [04:04:38] 3f59620eb6874da8b2f54dd1fcd3edf2	 200 0ms GET /json
[38;5;6m INFO[0m [04:04:38] de6c65ae594c4921b2a159c40e659ee1	 200 0ms GET /json
[38;5;6m INFO[0m [04:04:38] 868f5e044baf4db382e0d513813a00db	 200 0ms GET /json
[38;5;6m INFO[0m [04:04:38] 241df0abeafa4fc888ec5a4e006f9325	 200 0ms GET /json
[38;5;6m INFO[0m [04:04:38] 90d3c3f4cafe42ebb67bb02f7781953a	 200 0ms GET /json
[38;5;6m INFO[0m [04:04:38] 8b4468113f76469f82eb5b466e2b84cd	 200 0ms GET /json
[38;5;6m INFO[0m [04:04:38] 50f0de7489214126a9cda46b3d2539fa	 200 0ms GET /json
[38;5;6m INFO[0m [04:04:38] 994b3cd2ff854a7eae5ce8b6533549a9	 200 0ms GET /json
[38;5;6m INFO[0m [04:04:38] b6f5632cf241408c855855504fb2bd6e	 200 0ms GET /json
[38;5;6m INFO[0m [04:04:38] 89e9ff02bc4d438da58a10513a00cf09	 200 0ms GET /json
[38;5;6m INFO[0m [04:04:38] 7cf0d1eb2d4a404d92b3c82461e70514	 200 0ms GET /json
[38;5;6m INFO[0m [04:04:38] c695c9c436b045cd8ff930cc9221937c	 200 0ms GET /json
[38;5;6m INFO[0m [04:04:38] daebfd89bf21418cb10da46d3c186066	 200 0ms GET /json
[38;5;6m INFO[0m [04:04:38] 980954832df44e55bceac5f71eab1b3c	 200 0ms GET /json
[38;5;6m INFO[0m [04:04:38] 696a0d6249fb495785c3867a91b605be	 200 0ms GET /json
[38;5;6m INFO[0m [04:04:38] 579943ca156a430c9097b7dca344909d	 200 0ms GET /json
[38;5;6m INFO[0m [04:04:38] cc23827e37b14fe1b7739f616639b949	 200 0ms GET /json
[38;5;6m INFO[0m [04:04:38] a42f63f12bae42afa426c4ee145a4ac2	 200 0ms GET /json
[38;5;6m INFO[0m [04:04:38] 06d1424e5c8342bd925473b6cad81606	 200 0ms GET /json
[38;5;6m INFO[0m [04:04:38] 956619e3ef7d42bfacd58c8fdeb13b8c	 200 0ms GET /json
[38;5;6m INFO[0m [04:04:38] 0d348fa79917416eade8b691de02c76f	 200 0ms GET /json
[38;5;6m INFO[0m [04:04:38] 5c49e1d173484d108c22ead668cb2044	 200 0ms GET /json
[38;5;6m INFO[0m [04:04:38] 3045922af17b41faac82566a42845709	 200 0ms GET /json
[38;5;6m INFO[0m [04:04:38] 743a17f0f8074ac58d1509e9bad77aca	 200 0ms GET /json
[38;5;6m INFO[0m [04:04:38] c27ee96654c04cf1938c5da4c2dfcaa3	 200 0ms GET /json
[38;5;6m INFO[0m [04:04:38] 51a1baca3b2e482cbb2040486a6a53c8	 200 0ms GET /json
[38;5;6m INFO[0m [04:04:38] f6ac5be8c80f497599bfe5d640610a51	 200 0ms GET /json
[38;5;6m INFO[0m [04:04:38] 24f5bc88ef1a46bcad862b44c12a0048	 200 0ms GET /json
[38;5;6m INFO[0m [04:04:38] 219aa95585e24ae6a33902910911ceb8	 200 0ms GET /json
[38;5;6m INFO[0m [04:04:38] aeb6296113e2477f92a11ce8f8d24bde	 200 0ms GET /json
[38;5;6m INFO[0m [04:04:38] 2a529012fe2648e9aee3491078776ba2	 200 0ms GET /json
[38;5;6m INFO[0m [04:04:38] 01fc1f935cc34b669a0c83bca8dc0181	 200 0ms GET /json
[38;5;6m INFO[0m [04:04:38] 091a2cd18fd34947a5ca89df6e634b75	 200 0ms GET /json
[38;5;6m INFO[0m [04:04:38] 832ada721e9f46d08a5839fe99ec8883	 200 0ms GET /json
[38;5;6m INFO[0m [04:04:38] 4a689bdf58b847ad81e0f81b41fcc89e	 200 0ms GET /json
[38;5;6m INFO[0m [04:04:38] 6b0243388aff430a9e4a0045e03dcdb4	 200 0ms GET /json
[38;5;6m INFO[0m [04:04:38] 97ed8ce17b284441bc2b2186581b86b5	 200 0ms GET /json
[38;5;6m INFO[0m [04:04:38] 090b9a9881844d7c8499875029af1fe0	 200 0ms GET /json
[38;5;6m INFO[0m [04:04:38] 016658ae98f04d5fa10f45c631fb8897	 200 0ms GET /json
[38;5;6m INFO[0m [04:04:38] 37d13831068741e4962f8ef9cdc82d21	 200 0ms GET /json
[38;5;6m INFO[0m [04:04:40] d91282cf093a4c7486be261c93389b36	 200 0ms GET /json
[38;5;6m INFO[0m [04:04:40] e6b034296a3d492ab1477e2be9441a5d	 200 0ms GET /json
[38;5;6m INFO[0m [04:04:40] 0a20a10fc4a842ae94bdc7f960ce35de	 200 0ms GET /json
[38;5;6m INFO[0m [04:04:40] e353765dfa284576b1d3b7454fd37ce0	 200 0ms GET /json
[38;5;6m INFO[0m [04:04:40] e3c7b0da85564a0c9f4ae6d4b584208f	 200 0ms GET /json
[38;5;6m INFO[0m [04:04:40] d93ffe380a174cc58617de82e163a694	 200 0ms GET /json
[38;5;6m INFO[0m [04:04:40] 7cdec15b1ad543b9a8b6fa563876f142	 200 0ms GET /json
[38;5;6m INFO[0m [04:04:40] ebe6f8f3639142b8b0d7d6427fe50964	 200 0ms GET /json
[38;5;6m INFO[0m [04:04:40] 570a1e9e5abf4bf5aba6c812b8b176e3	 200 0ms GET /json
[38;5;6m INFO[0m [04:04:40] 4ba0f65d68ae476f985095575548be80	 200 0ms GET /json
[38;5;6m INFO[0m [04:04:40] 7959d23bd20e4d7f8d48b50ac05f6792	 200 0ms GET /json
[38;5;6m INFO[0m [04:04:40] d65ecac211da42e9b81be905dc3364b1	 200 0ms GET /json
[38;5;6m INFO[0m [04:04:40] 7ad5fb3d19d04f2ab02f686ddc6cdd6e	 200 0ms GET /json
[38;5;6m INFO[0m [04:04:40] 0a97cfbb2eb24df2a191cad086d270b5	 200 0ms GET /json
[38;5;6m INFO[0m [04:04:40] ae785b34e68b492a8bf2d31b0f496a81	 200 0ms GET /json
[38;5;6m INFO[0m [04:04:40] 498f717907ef42dc8fc1d24f61d5696c	 200 0ms GET /json
[38;5;6m INFO[0m [04:04:40] cad1fbb7ae2445658a6d5f014280e0f7	 200 0ms GET /json
[38;5;6m INFO[0m [04:04:40] 0188fcbb38b647169e2e0bdc3f388d54	 200 0ms GET /json
[38;5;6m INFO[0m [04:04:40] 70245b5bda554989b391716e21e965ee	 200 0ms GET /json
[38;5;6m INFO[0m [04:04:40] 24eb913423f8401f829b2999e1b53872	 200 0ms GET /json
[38;5;6m INFO[0m [04:04:40] 3352b9af16144e58b824da5bd865d26c	 200 0ms GET /json
[38;5;6m INFO[0m [04:04:40] d73f51fcac5e4239b9ae1da2e29df685	 200 0ms GET /json
[38;5;6m INFO[0m [04:04:40] 576c8ac7177d415d8f5fe26f3e81ff22	 200 0ms GET /json
[38;5;6m INFO[0m [04:04:40] edab2ef8d6744a67929980159f3f3623	 200 0ms GET /json
[38;5;6m INFO[0m [04:04:40] e691c46e75ef4616a6f683041fe88f03	 200 0ms GET /json
[38;5;6m INFO[0m [04:04:40] 9d6f8cd9212e4041a05c460258d4e30b	 200 0ms GET /json
[38;5;6m INFO[0m [04:04:40] c9faaa13209f41cfaa79db0fe6bba256	 200 0ms GET /json
[38;5;6m INFO[0m [04:04:40] ac63f53dcd8b4253b825db92a92b526a	 200 0ms GET /json
[38;5;6m INFO[0m [04:04:40] 961f559ad541425e9f24c87a383f4e78	 200 0ms GET /json
[38;5;6m INFO[0m [04:04:40] 832867bb620d4ee19dd65259af008977	 200 0ms GET /json
[38;5;6m INFO[0m [04:04:40] d29ec880ed2b462d9b751dba98657540	 200 0ms GET /json
[38;5;6m INFO[0m [04:04:40] f01a86a5cfe945bbb4a79c75c9e134d6	 200 0ms GET /json
[38;5;6m INFO[0m [04:04:40] 9540586dd59f4021a2ff056b9fc870b4	 200 0ms GET /json
[38;5;6m INFO[0m [04:04:40] b0b44531db0e4273bc86c22eea7db906	 200 0ms GET /json
[38;5;6m INFO[0m [04:04:40] 74d25115a30246438428fecc5cd91013	 200 0ms GET /json
[38;5;6m INFO[0m [04:04:40] ae30e5fd40d74e7cb44ec7e3bc1d2e4e	 200 0ms GET /json
[38;5;6m INFO[0m [04:04:40] ee6a88e91dd3450d96f67cbedfb9e80e	 200 0ms GET /json
[38;5;6m INFO[0m [04:04:40] 3ab256510aa74bc2aa5425be4a031cfd	 200 0ms GET /json
[38;5;6m INFO[0m [04:04:40] 794aa0e165954c3798d3c4b2b78661b2	 200 0ms GET /json
[38;5;6m INFO[0m [04:04:40] f951ec8eacba4847bd05d329dfc90bca	 200 0ms GET /json
[38;5;6m INFO[0m [04:04:40] 51baa86226aa47339daf76cc12f745ee	 200 0ms GET /json
[38;5;6m INFO[0m [04:04:40] d848b8690eaa4afd84df8a64f8e25115	 200 0ms GET /json
[38;5;6m INFO[0m [04:04:40] 426dd49eb5b4470eb5a805c1e00d89b3	 200 0ms GET /json
[38;5;6m INFO[0m [04:04:40] b7b520d65ee44d26a0ddaae6f66038e7	 200 0ms GET /json
[38;5;6m INFO[0m [04:04:40] 8d4eba88e5d947888abd24c9b79d4dc0	 200 0ms GET /json
[38;5;6m INFO[0m [04:04:40] e472fd3ac24c4c62a88d7f4feb39a495	 200 0ms GET /json
[38;5;6m INFO[0m [04:04:40] 55a03356bb124daaa15c48c1c5a213ab	 200 0ms GET /json
[38;5;6m INFO[0m [04:04:40] 759140aefdec4069a0524cac4d422941	 200 0ms GET /json
[38;5;6m INFO[0m [04:04:40] 2b6226c8c75c4ba680cf9c705f5cee9b	 200 0ms GET /json
[38;5;6m INFO[0m [04:04:40] ae1fb566f6154b4d931d83b3d164a06f	 200 0ms GET /json
[38;5;6m INFO[0m [04:04:40] f222b489433144beb6ec18d27fe22904	 200 0ms GET /json
[38;5;6m INFO[0m [04:04:40] 8b94ff86d56945a9aa3f78e08dc74dbf	 200 0ms GET /json
[38;5;6m INFO[0m [04:04:40] 2e2595da19e741e8b731eb12f75378d1	 200 0ms GET /json
[38;5;6m INFO[0m [04:04:40] 3cf36ed768f74af4a57f87cf9222ccbe	 200 0ms GET /json
[38;5;6m INFO[0m [04:04:40] 2cec90bfbf51454a8dee578e0d21e141	 200 0ms GET /json
[38;5;6m INFO[0m [04:04:40] 2678ea4dfb534bc8b42b8a534fda494c	 200 0ms GET /json
[38;5;6m INFO[0m [04:04:40] 4527f707975d479fb655fdb4d83163ee	 200 0ms GET /json
[38;5;6m INFO[0m [04:04:40] 99a16fececa040dca8c6fbff2ad27dc5	 200 0ms GET /json
[38;5;6m INFO[0m [04:04:40] f15c3451816b4f38b144d1d584f228f7	 200 0ms GET /json
[38;5;6m INFO[0m [04:04:40] 5cdb0d3f3043493f8467a783ce2d7386	 200 0ms GET /json
[38;5;6m INFO[0m [04:04:40] 9d4bf0bec1144d8cbdc9f3652b7cd861	 200 0ms GET /json
[38;5;6m INFO[0m [04:04:40] f2262a76402c4f2cbe4786fc53731100	 200 0ms GET /json
[38;5;6m INFO[0m [04:04:40] ca8f7419bdbf46b2856509ebae8fec60	 200 0ms GET /json
[38;5;6m INFO[0m [04:04:40] ff4f41a8598e49ebbfcce9bcd34de9e9	 200 0ms GET /json
[38;5;6m INFO[0m [04:04:40] 46186f39602e40d08f03e5efb55cbdd7	 200 0ms GET /json
[38;5;6m INFO[0m [04:04:40] 4a33c75bb4b34c1489cc4d2b0762f4e4	 200 0ms GET /json
[38;5;6m INFO[0m [04:04:40] df5d933e65d442dcaca0af70a8d61bed	 200 0ms GET /json
[38;5;6m INFO[0m [04:04:40] 96569be3e49448dda839e9d3a6072031	 200 0ms GET /json
[38;5;6m INFO[0m [04:04:40] b25ac0eb61d94b2cb2e1d996ba2e2f36	 200 0ms GET /json
[38;5;6m INFO[0m [04:04:40] c21b45cd50234d869899ae52ad6b2484	 200 0ms GET /json
[38;5;6m INFO[0m [04:04:40] 5f6b700a3c934c6ebaee8058ce7a2169	 200 0ms GET /json
[38;5;6m INFO[0m [04:04:40] fee4842a11ea437884201ceb1ea58356	 200 0ms GET /json
[38;5;6m INFO[0m [04:04:40] f8f01b4b597647fa92464b0b4de81ba3	 200 0ms GET /json
[38;5;6m INFO[0m [04:04:40] e50f534aa76f443e9ebe49ca8c1c5c54	 200 0ms GET /json
[38;5;6m INFO[0m [04:04:40] 7f8fb62de8e544a795d73b35992bbb4c	 200 0ms GET /json
[38;5;6m INFO[0m [04:04:40] 7b76d4c383ef4d898e0b7f3e4684e937	 200 0ms GET /json
[38;5;6m INFO[0m [04:04:40] 07570cfd9b7443149f7b91641aba3ee0	 200 0ms GET /json
[38;5;6m INFO[0m [04:04:40] 05e1dd0d00664614bc5ef2274bc97337	 200 0ms GET /json
[38;5;6m INFO[0m [04:04:40] fdc9e2d2d9e848d1aa9cf8537e116658	 200 0ms GET /json
[38;5;6m INFO[0m [04:04:40] 44e458331a7a4b92a604c082000e87b7	 200 0ms GET /json
[38;5;6m INFO[0m [04:04:40] a0a648ff4b1349a6b207595ad3ea0e7e	 200 0ms GET /json
[38;5;6m INFO[0m [04:04:40] 856db8e804ac410fafc7cb0dc26789ee	 200 0ms GET /json
[38;5;6m INFO[0m [04:04:40] aeb8cbbb8d7f4b3f82ffcd229e92b9c9	 200 0ms GET /json
[38;5;6m INFO[0m [04:04:40] aea21e1c97b14ab0a1bbbef1fa634792	 200 0ms GET /json
[38;5;6m INFO[0m [04:04:40] 9db30d01200741f58ce081a9e077fdaa	 200 0ms GET /json
[38;5;6m INFO[0m [04:04:40] 8f95b0a8039d4cd088b7c37fef082fd2	 200 0ms GET /json
[38;5;6m INFO[0m [04:04:40] a74c953f1e8844719d881dfff93d4229	 200 0ms GET /json
[38;5;6m INFO[0m [04:04:40] a3ceae6c105e4e549df72da1a120ae83	 200 0ms GET /json
[38;5;6m INFO[0m [04:04:40] 54fb208e74e94ad2a3d3eae626e3d5b2	 200 0ms GET /json
[38;5;6m INFO[0m [04:04:40] a5cb3a6ec7bb4579baf21655d2924fbb	 200 0ms GET /json
[38;5;6m INFO[0m [04:04:40] 87d8b70bc0a64f77acf56b99159d46ea	 200 0ms GET /json
[38;5;6m INFO[0m [04:04:40] 9c5505099a2b4213a1f6bb86b579757b	 200 0ms GET /json
[38;5;6m INFO[0m [04:04:40] 9d43ae366a104a1db392bca0bc83bf21	 200 0ms GET /json
[38;5;6m INFO[0m [04:04:40] 9b40c406f5b84b98b391a7413c443425	 200 0ms GET /json
[38;5;6m INFO[0m [04:04:40] 161272bb4b224f1bacdd4890e2fe0f4d	 200 0ms GET /json
[38;5;6m INFO[0m [04:04:40] 5ab2feab789a4f6ea6cf639617d3209e	 200 0ms GET /json
[38;5;6m INFO[0m [04:04:40] f3ac95c4f7e1426e9286c96443ffec3c	 200 0ms GET /json
[38;5;6m INFO[0m [04:04:40] 9f9c7ec947014cdf8442304f40c159aa	 200 0ms GET /json
[38;5;6m INFO[0m [04:04:40] 008b82551ad547078eca8e0ee21d1b9d	 200 0ms GET /json
[38;5;6m INFO[0m [04:04:40] d96802b2b0f94f51b11edbbcf8a45301	 200 0ms GET /json
[38;5;6m INFO[0m [04:04:40] dcfb03cc4caf4e629945d40d3fb08c45	 200 0ms GET /json
[38;5;6m INFO[0m [04:04:40] 241034fd61e54b8e8a8b93f2e5b53f13	 200 0ms GET /json
[38;5;6m INFO[0m [04:04:40] 025ff4180b0d4a9cab872d4934fb57f8	 200 0ms GET /json
[38;5;6m INFO[0m [04:04:40] 7ce4d607fcb84f87a2567b39aceddced	 200 0ms GET /json
[38;5;6m INFO[0m [04:04:40] d3fb8ac5ca9345eaa8c47a31598d3ecd	 200 0ms GET /json
[38;5;6m INFO[0m [04:04:40] fae84d6d2fee4b96bd169e8bcda6f151	 200 0ms GET /json
[38;5;6m INFO[0m [04:04:40] e4ebb00e733b4118a37ffa2fc774215c	 200 0ms GET /json
[38;5;6m INFO[0m [04:04:40] 3e0a36f712c3427eb147d776d4300453	 200 0ms GET /json
[38;5;6m INFO[0m [04:04:40] d032c0ea834e44a2ac91b0d6ac338026	 200 0ms GET /json
[38;5;6m INFO[0m [04:04:40] 5feca849e8a546538243b044d39b0e8a	 200 0ms GET /json
[38;5;6m INFO[0m [04:04:40] b47067e6f36d4178a888abb11be9ea94	 200 0ms GET /json
[38;5;6m INFO[0m [04:04:40] a1f0f41c9b3e4bb5bd949251ca1dd639	 200 0ms GET /json
[38;5;6m INFO[0m [04:04:40] 495069af400348f48fd162b5a7e5a2c2	 200 0ms GET /json
[38;5;6m INFO[0m [04:04:40] 58f556346ba4407d9b1897073ccc7c20	 200 0ms GET /json
[38;5;6m INFO[0m [04:04:40] 66041de8da924af38fd4b1481cd412fe	 200 0ms GET /json
[38;5;6m INFO[0m [04:04:40] 910e8e96be78410e980e006d6f332bbd	 200 0ms GET /json
[38;5;6m INFO[0m [04:04:40] 655d73e559544b37b61a47751082f1e1	 200 0ms GET /json
[38;5;6m INFO[0m [04:04:40] e2f6e2d7410042758ae932b5a77aa505	 200 0ms GET /json
[38;5;6m INFO[0m [04:04:40] 03c355dfee904505ab054f4351041c28	 200 0ms GET /json
[38;5;6m INFO[0m [04:04:40] 502d37117d7d46a49a8de07767ce1d0f	 200 0ms GET /json
[38;5;6m INFO[0m [04:04:40] c1414cb59f1c4d81ba8fd50699abb5b7	 200 0ms GET /json
[38;5;6m INFO[0m [04:04:40] e5ae4af392e64be9b60b7f3c25a68cec	 200 0ms GET /json
[38;5;6m INFO[0m [04:04:40] 35cf84f89e934731a55c532838e19ad8	 200 0ms GET /json
[38;5;6m INFO[0m [04:04:40] b6244db808c147e981197f3daf7f90f7	 200 0ms GET /json
[38;5;6m INFO[0m [04:04:40] 513c273ba78746fcb4fac1c18449d309	 200 0ms GET /json
[38;5;6m INFO[0m [04:04:40] 3074c1ddadf34fee9d31e01fe6715967	 200 0ms GET /json
[38;5;6m INFO[0m [04:04:40] b8d686844f854a2c81860a18f9787030	 200 0ms GET /json
[38;5;6m INFO[0m [04:04:40] 6bb13e9ad88843d684acb00ee9fbe6ea	 200 0ms GET /json
[38;5;6m INFO[0m [04:04:40] 11681e1add014b4696d23fdc0168b309	 200 0ms GET /json
[38;5;6m INFO[0m [04:04:40] e1d3758333f544c5b84220a2dd073070	 200 0ms GET /json
[38;5;6m INFO[0m [04:04:40] 9c13fbe390114c71be316c31dbcc3b64	 200 0ms GET /json
[38;5;6m INFO[0m [04:04:40] 26882989899c4d0084300f7e90092b6d	 200 0ms GET /json
[38;5;6m INFO[0m [04:04:40] bc313a2941184ea0a9a6dd00d37189aa	 200 0ms GET /json
[38;5;6m INFO[0m [04:04:40] ad2e75cfe0034ded8d1ba5d2fc1446db	 200 0ms GET /json
[38;5;6m INFO[0m [04:04:40] 4d72686394cc4ecaa7ea84f70691d966	 200 0ms GET /json
[38;5;6m INFO[0m [04:04:40] 0bc4d136f0dd4420ac1d34313bfbad47	 200 0ms GET /json
[38;5;6m INFO[0m [04:04:40] b75fef2d58bb4979b5f918b3558152a0	 200 0ms GET /json
[38;5;6m INFO[0m [04:04:40] e70abf534fda43559947e8999d25a539	 200 0ms GET /json
[38;5;6m INFO[0m [04:04:40] 07fb3da4b3e649a29e43486adf3b572b	 200 0ms GET /json
[38;5;6m INFO[0m [04:04:40] 50dfeb88aded49cc948d8562c8563ffb	 200 0ms GET /json
[38;5;6m INFO[0m [04:04:40] b81e16573bd8419b9c16e8bd2dbf2fdd	 200 0ms GET /json
[38;5;6m INFO[0m [04:04:40] e6c6693ee73a44a4869054a2ff408fae	 200 0ms GET /json
[38;5;6m INFO[0m [04:04:40] 95b585cf612c444c98b27f932337edba	 200 0ms GET /json
[38;5;6m INFO[0m [04:04:40] 4ce8984f67464a8a809a238188538fbc	 200 0ms GET /json
[38;5;6m INFO[0m [04:04:40] 9965d03ac56a4aa2b313501dfe01fe60	 200 0ms GET /json
[38;5;6m INFO[0m [04:04:40] 72f46fef6af748f680527043d3531f2a	 200 0ms GET /json
[38;5;6m INFO[0m [04:04:40] a1d39d607bf44564b34153397b28f7a8	 200 0ms GET /json
[38;5;6m INFO[0m [04:04:40] 48026c54d3ed411fb0bde6476e4cb2b3	 200 0ms GET /json
[38;5;6m INFO[0m [04:04:40] a0cbd5787c8f4047a3bc568ad20f92dd	 200 0ms GET /json
[38;5;6m INFO[0m [04:04:40] a2c9c7f1ae4342fbbb3a016475cddf7d	 200 0ms GET /json
[38;5;6m INFO[0m [04:04:40] c2e47b8dc8bd4542ab4f190041d8c342	 200 0ms GET /json
[38;5;6m INFO[0m [04:04:40] eef13092f2d5425887689877b3d88741	 200 0ms GET /json
[38;5;6m INFO[0m [04:04:40] 510855f2228e4a488bd3b9cc0909127e	 200 0ms GET /json
[38;5;6m INFO[0m [04:04:40] ac6b0f2c858f4e6082cbdfb6260f6911	 200 0ms GET /json
[38;5;6m INFO[0m [04:04:40] 9b68416453cc49129aa05edd69ced8fe	 200 0ms GET /json
[38;5;6m INFO[0m [04:04:40] 8db6312e64454c58a033d8fe1f481f5b	 200 0ms GET /json
[38;5;6m INFO[0m [04:04:40] c9e81504e96044d2ac6508c29de9b686	 200 0ms GET /json
[38;5;6m INFO[0m [04:04:40] ee3f74563ad5498ba439973b98e08270	 200 0ms GET /json
[38;5;6m INFO[0m [04:04:40] 9928d674d383464baae16dbaa33d0343	 200 0ms GET /json
[38;5;6m INFO[0m [04:04:40] 8d1db52aded241c4827e5ac9b9c46da1	 200 0ms GET /json
[38;5;6m INFO[0m [04:04:40] f09391cd90c048788ca1d2c16cc22483	 200 0ms GET /json
[38;5;6m INFO[0m [04:04:40] 309e8528c9ea415182b6a040752912a5	 200 0ms GET /json
[38;5;6m INFO[0m [04:04:40] 972830a20cca4aadbf1664cc3f4a5c37	 200 0ms GET /json
[38;5;6m INFO[0m [04:04:40] de48d287340842aa99ad894838231357	 200 0ms GET /json
[38;5;6m INFO[0m [04:04:40] ffaaa724f7ae4a38b1a16ab52074a032	 200 0ms GET /json
[38;5;6m INFO[0m [04:04:40] d1700773bec94e59a21c5f7f2d9f58af	 200 0ms GET /json
[38;5;6m INFO[0m [04:04:40] d947b960ace149819dff4ca145bafefa	 200 0ms GET /json
[38;5;6m INFO[0m [04:04:40] f66a9655c7b44a6f8056a54389906cce	 200 0ms GET /json
[38;5;6m INFO[0m [04:04:40] e11e6a707017460a976a021c9ae9d5e4	 200 0ms GET /json
[38;5;6m INFO[0m [04:04:40] cb153db8a6b64a6c8a034d8f63bbf606	 200 0ms GET /json
[38;5;6m INFO[0m [04:04:40] a2a3da10a9194ad98122976546e110a6	 200 0ms GET /json
[38;5;6m INFO[0m [04:04:40] 79b37a7a536b431f8107d2c2e9119f68	 200 0ms GET /json
[38;5;6m INFO[0m [04:04:40] e017753b61eb45de95ce4506231f0ec5	 200 0ms GET /json
[38;5;6m INFO[0m [04:04:40] 26320573a56c47f095fb10d5c6aba241	 200 0ms GET /json
[38;5;6m INFO[0m [04:04:40] c11203f55625434a80752e0845242e7e	 200 0ms GET /json
[38;5;6m INFO[0m [04:04:40] 12af5b439df34f91b3a693f4de46604f	 200 0ms GET /json
[38;5;6m INFO[0m [04:04:40] 01588e9f25c041259b7a03d82911076a	 200 0ms GET /json
[38;5;6m INFO[0m [04:04:40] 841fa248b569438d9e5d07b47497eaab	 200 0ms GET /json
[38;5;6m INFO[0m [04:04:40] 93d1127919b14005866342b0a1b1fc2b	 200 0ms GET /json
[38;5;6m INFO[0m [04:04:40] 3aa1f8ce8d0f49a4adb2d42b8b1a8d91	 200 0ms GET /json
[38;5;6m INFO[0m [04:04:40] 4a89e6060dcd4913a2141486d0118293	 200 0ms GET /json
[38;5;6m INFO[0m [04:04:40] d5f05675a6c94412866a3766c5f99140	 200 0ms GET /json
[38;5;6m INFO[0m [04:04:40] f9efaf2cc727454793e29595fb3b28b6	 200 0ms GET /json
[38;5;6m INFO[0m [04:04:40] 4ee1da0fca22476d9b963298aed5bf40	 200 0ms GET /json
[38;5;6m INFO[0m [04:04:40] ed6d79053a9b4239a7601b761855d1cd	 200 0ms GET /json
[38;5;6m INFO[0m [04:04:40] 5b30c01bdcaf49cfa5f2f25f93978856	 200 0ms GET /json
[38;5;6m INFO[0m [04:04:40] 22f24d2c3cc74aafa97e4b38d439bb26	 200 0ms GET /json
[38;5;6m INFO[0m [04:04:40] 9d1f0c8121a34ca08203bed2e670916a	 200 0ms GET /json
[38;5;6m INFO[0m [04:04:40] e804037684fb4c7badafe2c4bd24fa5d	 200 0ms GET /json
[38;5;6m INFO[0m [04:04:40] 9cfaeabbdfb240e4a907d4d8e0ef7a5b	 200 0ms GET /json
[38;5;6m INFO[0m [04:04:40] e755e234944442b097ec4772e30ed3a2	 200 0ms GET /json
[38;5;6m INFO[0m [04:04:40] 25444bc13d4643f6a6255b0438b42b5c	 200 0ms GET /json
[38;5;6m INFO[0m [04:04:40] 5294d843e0374c389d38c502052f654f	 200 0ms GET /json
[38;5;6m INFO[0m [04:04:40] e827e49226a5470e88c0003bd2fb0ccf	 200 0ms GET /json
[38;5;6m INFO[0m [04:04:40] 85b4e65ef29f47388d2ee882e6b34ec4	 200 0ms GET /json
[38;5;6m INFO[0m [04:04:40] 7b296f5f80d54ac5b8254edb896d40cc	 200 0ms GET /json
[38;5;6m INFO[0m [04:04:40] d8c6f0521f7849f9bb52ee71be889048	 200 0ms GET /json
[38;5;6m INFO[0m [04:04:40] 42d67ff7f6994d6dbf883b3a92d34131	 200 0ms GET /json
[38;5;6m INFO[0m [04:04:40] 08742e48191d4b219dd27ca7b5e0aa85	 200 0ms GET /json
[38;5;6m INFO[0m [04:04:40] 54f3b7fd850c4ad49bcfd02216488f1c	 200 0ms GET /json
[38;5;6m INFO[0m [04:04:42] b7d99ce8379e402995cdb6054505345a	 200 0ms GET /json
[38;5;6m INFO[0m [04:04:42] 800cb4497b1448039c28a11a2af3f7d7	 200 0ms GET /json
[38;5;6m INFO[0m [04:04:42] 6bcdc98bdee043f68ade04cba983563b	 200 0ms GET /json
[38;5;6m INFO[0m [04:04:42] 585e29eba4e34983a0b1aa560df06426	 200 0ms GET /json
[38;5;6m INFO[0m [04:04:42] 46389fbbb6614a76b880af8d52ba786f	 200 0ms GET /json
[38;5;6m INFO[0m [04:04:42] 293828c05d524cd183bd2bb654178778	 200 0ms GET /json
[38;5;6m INFO[0m [04:04:42] fd8bc28addb94694bc9448f0b2ddcca9	 200 0ms GET /json
[38;5;6m INFO[0m [04:04:42] b4afbc0ef6dc4debba069fb42154ee69	 200 0ms GET /json
[38;5;6m INFO[0m [04:04:42] 280dbcc9e6e045308eb27792c90efa92	 200 0ms GET /json
[38;5;6m INFO[0m [04:04:42] 74df0069c7434383b7498836a9ccf0fd	 200 0ms GET /json
[38;5;6m INFO[0m [04:04:42] c5da36387dca4106b174b647ecdcb7c1	 200 0ms GET /json
[38;5;6m INFO[0m [04:04:42] 81af91d99dc843958f6d3e9a351bf578	 200 0ms GET /json
[38;5;6m INFO[0m [04:04:42] 996aaae67d7f413ca90e0f37021b35af	 200 0ms GET /json
[38;5;6m INFO[0m [04:04:42] 567b9194e8794c3ba2ccdcaf6f2cb49b	 200 0ms GET /json
[38;5;6m INFO[0m [04:04:42] ddd27af98bf9476d9c1db5c6f67bbed4	 200 0ms GET /json
[38;5;6m INFO[0m [04:04:42] b75dd6b2dcc646c8bd6201a3a2315004	 200 0ms GET /json
[38;5;6m INFO[0m [04:04:42] c0c64ac15a5341149c440b127614b65f	 200 0ms GET /json
[38;5;6m INFO[0m [04:04:42] 2c7ba7010bfe448aac7eba1188f57c84	 200 0ms GET /json
[38;5;6m INFO[0m [04:04:42] 51901a7e56ff4afa84321d600cda56bd	 200 0ms GET /json
[38;5;6m INFO[0m [04:04:42] 2c6e55df652c4a85bf7643f1d8af0acd	 200 0ms GET /json
[38;5;6m INFO[0m [04:04:42] 02b8cdafc37e40fcb9ffed8e6f203004	 200 0ms GET /json
[38;5;6m INFO[0m [04:04:42] f73f849590ff4a8dab2654b744188917	 200 0ms GET /json
[38;5;6m INFO[0m [04:04:42] 19d9f9f0ec8b40eba2e89a5530c61138	 200 0ms GET /json
[38;5;6m INFO[0m [04:04:42] bb73cb14cf4f43f5a6c996ab228b429c	 200 0ms GET /json
[38;5;6m INFO[0m [04:04:42] 99f55310e6a0450c815f90d3b97379a2	 200 0ms GET /json
[38;5;6m INFO[0m [04:04:42] 23fa8ad00c9e469389e6d8b4e9459ff8	 200 0ms GET /json
[38;5;6m INFO[0m [04:04:42] 1f8a6751790c43c09dc3a577a8774cf6	 200 0ms GET /json
[38;5;6m INFO[0m [04:04:42] 1f5189490f004808b93f2756e0c9f29c	 200 0ms GET /json
[38;5;6m INFO[0m [04:04:42] a452e6e39eef49c4854befd3e03baf94	 200 0ms GET /json
[38;5;6m INFO[0m [04:04:42] 2a28c556180e4c70b0d1973a227ed2ed	 200 0ms GET /json
[38;5;6m INFO[0m [04:04:42] 7ccbbd5d2f4b4b88b2326c00171d41bd	 200 0ms GET /json
[38;5;6m INFO[0m [04:04:42] 70fcf6b03cd341d4a3a8ebf85a36926b	 200 0ms GET /json
[38;5;6m INFO[0m [04:04:42] 781152f04bb24b738596887643072cc8	 200 0ms GET /json
[38;5;6m INFO[0m [04:04:42] 4e5a9cda648c47e7994025197ab18ca4	 200 0ms GET /json
[38;5;6m INFO[0m [04:04:42] 1dc65015693b4eca83a04d33d9a6a810	 200 0ms GET /json
[38;5;6m INFO[0m [04:04:42] 2b3f3059ddec4d0986cdbf8901c592ef	 200 0ms GET /json
[38;5;6m INFO[0m [04:04:42] 7584f03ca75242d39df51a33a65748d3	 200 0ms GET /json
[38;5;6m INFO[0m [04:04:42] 6b7ec53908064b699d25cf7a2a750d1d	 200 0ms GET /json
[38;5;6m INFO[0m [04:04:42] a2a945821a004b35b30d0f7d9fe8ac6a	 200 0ms GET /json
[38;5;6m INFO[0m [04:04:42] 242d70d4a4304e97a37f430142b9e160	 200 0ms GET /json
[38;5;6m INFO[0m [04:04:42] 30ac6457cf344061b6c4a6f57aa8c54f	 200 0ms GET /json
[38;5;6m INFO[0m [04:04:42] 64ae3f9faf3c4a5192c5f5e3b33dc89b	 200 0ms GET /json
[38;5;6m INFO[0m [04:04:42] c208cbe9d58b4a5caaa27f97cd8126be	 200 0ms GET /json
[38;5;6m INFO[0m [04:04:42] f832c037a3f24b56a6a1c53ada112d75	 200 0ms GET /json
[38;5;6m INFO[0m [04:04:42] 554421994e3b4e1db18aa6337ddd9f88	 200 0ms GET /json
[38;5;6m INFO[0m [04:04:42] 31aad4d5337646b5be0173cb19849966	 200 0ms GET /json
[38;5;6m INFO[0m [04:04:42] 20248f987c7b487bb9df67e0c483d1e6	 200 0ms GET /json
[38;5;6m INFO[0m [04:04:42] 26d9c01692904c57a2c2cab2413b9faa	 200 0ms GET /json
[38;5;6m INFO[0m [04:04:42] 9c2a21379fc641009b91dd30eea7961c	 200 0ms GET /json
[38;5;6m INFO[0m [04:04:42] e52282e82bba46cdbace8eaf76f3d50e	 200 0ms GET /json
[38;5;6m INFO[0m [04:04:42] cbcc013671014df3a7b2bf569805f13f	 200 0ms GET /json
[38;5;6m INFO[0m [04:04:42] caa9de0f1aa041a58fdf2f408aebcd36	 200 0ms GET /json
[38;5;6m INFO[0m [04:04:42] f315f3ad68ab407ea83adae08e8b38e6	 200 0ms GET /json
[38;5;6m INFO[0m [04:04:42] afc8f073f080402e9e1dc6e151f0f39b	 200 0ms GET /json
[38;5;6m INFO[0m [04:04:42] ab0836f2d841422ca4868c810b12aecf	 200 0ms GET /json
[38;5;6m INFO[0m [04:04:42] 6d9f86e06aa341d594e1e90f18aa6db6	 200 0ms GET /json
[38;5;6m INFO[0m [04:04:42] 48592ecf1fef4fa08f419a032da77e6c	 200 0ms GET /json
[38;5;6m INFO[0m [04:04:42] 55f9244c20ee489fbafc5c3084f56373	 200 0ms GET /json
[38;5;6m INFO[0m [04:04:42] a14b9ba2f5cb40cc8810b194b6ba3e91	 200 0ms GET /json
[38;5;6m INFO[0m [04:04:42] 2fbda9e3c40c4441ac635e1326968b50	 200 0ms GET /json
[38;5;6m INFO[0m [04:04:42] 6ed30639417f4f828d93d42d179250f9	 200 0ms GET /json
[38;5;6m INFO[0m [04:04:42] 0062a38d67a348098446d8368d96323e	 200 0ms GET /json
[38;5;6m INFO[0m [04:04:42] 385f722e9b1840f49fa12d31fb149456	 200 0ms GET /json
[38;5;6m INFO[0m [04:04:42] a43b51cdff754f33a0d0c66ffd742008	 200 0ms GET /json
[38;5;6m INFO[0m [04:04:42] 78bdf281e9f24b01ac56326aa659c69f	 200 0ms GET /json
[38;5;6m INFO[0m [04:04:42] 95829a917ef5477b92ffa0c167f7f938	 200 0ms GET /json
[38;5;6m INFO[0m [04:04:42] 3409f4168dc14a03a60a2a86fe2c6594	 200 0ms GET /json
[38;5;6m INFO[0m [04:04:42] e3943c5031ef44ec992ce32ede2a5b32	 200 0ms GET /json
[38;5;6m INFO[0m [04:04:42] 3b93fcf33227432d8b83615c5a176877	 200 0ms GET /json
[38;5;6m INFO[0m [04:04:42] 4dd88df71e1947c693698b26151210f4	 200 0ms GET /json
[38;5;6m INFO[0m [04:04:42] 507f4f58233c4f77bdb5f8df07f0e7ff	 200 0ms GET /json
[38;5;6m INFO[0m [04:04:42] 7bd0f019a8f442e892db67853a424767	 200 0ms GET /json
[38;5;6m INFO[0m [04:04:42] d7d2673fcd7346588f9ff229e921fc2e	 200 0ms GET /json
[38;5;6m INFO[0m [04:04:42] cdd6f4f0184a47aba66a8d94dbb6e71d	 200 0ms GET /json
[38;5;6m INFO[0m [04:04:42] 0b0337dbaaf7425fbe1b6afd2c4ed27c	 200 0ms GET /json
[38;5;6m INFO[0m [04:04:42] 274337e2ac5c45e598e11122f1d68d78	 200 0ms GET /json
[38;5;6m INFO[0m [04:04:42] ca6979c57c1b47608e1a319d299ffefe	 200 0ms GET /json
[38;5;6m INFO[0m [04:04:42] d7fc3c4cae314245b679532131699d5c	 200 0ms GET /json
[38;5;6m INFO[0m [04:04:42] 6cce9af86ebf4002a50963646fbb0557	 200 0ms GET /json
[38;5;6m INFO[0m [04:04:42] ba5b5d77e6a445f5a8c9836ee62bd17e	 200 0ms GET /json
[38;5;6m INFO[0m [04:04:42] d19cf74533744883902be85470b4f54c	 200 0ms GET /json
[38;5;6m INFO[0m [04:04:42] 7ee982709b6d4bda89438514d7f521ff	 200 0ms GET /json
[38;5;6m INFO[0m [04:04:42] b019caf76d26423488396d9017c7e2b9	 200 0ms GET /json
[38;5;6m INFO[0m [04:04:42] cd02d296ef0b4ba392b8ee9f3165244e	 200 0ms GET /json
[38;5;6m INFO[0m [04:04:42] 4a5c6febe95448c9b52143cbdf1d8f91	 200 0ms GET /json
[38;5;6m INFO[0m [04:04:42] a0c51b2978154eebb24821f19d0fa00a	 200 0ms GET /json
[38;5;6m INFO[0m [04:04:42] 399dc688dd4f4d3083508a29687d91ae	 200 0ms GET /json
[38;5;6m INFO[0m [04:04:42] 9c30f19729ee4dff961c0f409f8d9f0a	 200 0ms GET /json
[38;5;6m INFO[0m [04:04:42] 80fbbb6a37d34918b68d15327147895b	 200 0ms GET /json
[38;5;6m INFO[0m [04:04:42] 18524d479455481292629220fb367281	 200 0ms GET /json
[38;5;6m INFO[0m [04:04:42] 44debd52a2c7413aa70f931272a6e194	 200 0ms GET /json
[38;5;6m INFO[0m [04:04:42] 8850cb90230945cb8d1f9cb905cb8ccb	 200 0ms GET /json
[38;5;6m INFO[0m [04:04:42] 788da09921ed4327961a4dc4fcc0f693	 200 0ms GET /json
[38;5;6m INFO[0m [04:04:42] 63d755937ddb4e2596703af08c914ecf	 200 0ms GET /json
[38;5;6m INFO[0m [04:04:42] da1d09eb052747d1b3a357389fc3b2a7	 200 0ms GET /json
[38;5;6m INFO[0m [04:04:42] 9f2cdccdd6a649cc9eab2d6802d73579	 200 0ms GET /json
[38;5;6m INFO[0m [04:04:42] f945ddcaf4e64544b74590625a15d51f	 200 0ms GET /json
[38;5;6m INFO[0m [04:04:42] 1ac1eedceeb243c884b4911b5a2a9bea	 200 0ms GET /json
[38;5;6m INFO[0m [04:04:42] cc35b918030f40b7b1b60f7b7ace46bb	 200 0ms GET /json
[38;5;6m INFO[0m [04:04:42] 14f7f9107e5e4428ae09419f95d65be2	 200 0ms GET /json
[38;5;6m INFO[0m [04:04:44] 9894cab80e2949ef87b2ccc875a14e4d	 200 0ms GET /json
[38;5;6m INFO[0m [04:04:44] f9d318839b1948adb1b82a026c01011f	 200 0ms GET /json
[38;5;6m INFO[0m [04:04:44] 5e65351fa7e24adc93249cdb22715e79	 200 0ms GET /json
[38;5;6m INFO[0m [04:04:44] 58d50d6c3cd8424695da6ae567395919	 200 0ms GET /json
[38;5;6m INFO[0m [04:04:44] 5aee82f38f29428cb701b946cd59e7ad	 200 0ms GET /json
[38;5;6m INFO[0m [04:04:44] 5e25a384ba0b42bd9a6755b9e24ea6b3	 200 0ms GET /json
[38;5;6m INFO[0m [04:04:44] bfaf381e9ee8496fafe6ba2814500a19	 200 0ms GET /json
[38;5;6m INFO[0m [04:04:44] 6f32ded2fa3947ae9b9a2169cd09bfd9	 200 0ms GET /json
[38;5;6m INFO[0m [04:04:44] d837b963c3594b0488661bd39741441c	 200 0ms GET /json
[38;5;6m INFO[0m [04:04:44] 44ac364dc5e04a06a04f4277a9752e74	 200 0ms GET /json
[38;5;6m INFO[0m [04:04:44] 9fb2ec5a101845eb8fe81b2e5684863b	 200 0ms GET /json
[38;5;6m INFO[0m [04:04:44] 8f784594a1da44e6a4a97139a563187c	 200 0ms GET /json
[38;5;6m INFO[0m [04:04:44] 3d9cb45698bf4c11b0dc02c9aa3a0e09	 200 0ms GET /json
[38;5;6m INFO[0m [04:04:44] 39b31dc417e940a4a61bf523d2ac9b50	 200 0ms GET /json
[38;5;6m INFO[0m [04:04:44] cc3b6532775b4ca29297870f3f5c34c6	 200 0ms GET /json
[38;5;6m INFO[0m [04:04:44] 12ae0b14a926433b9d17fa292ef357ba	 200 0ms GET /json
[38;5;6m INFO[0m [04:04:44] 145bd2a7ba98468cb8d561920c483334	 200 0ms GET /json
[38;5;6m INFO[0m [04:04:44] 9526094d299245e9a17e3f3e438615f7	 200 0ms GET /json
[38;5;6m INFO[0m [04:04:44] 58e124efb94f42dc8b332978515423f4	 200 0ms GET /json
[38;5;6m INFO[0m [04:04:44] 80ff508625124aca89d40832bb27581c	 200 0ms GET /json
[38;5;6m INFO[0m [04:04:44] 6c28c9245bdd404c9077b5bd270c1491	 200 0ms GET /json
[38;5;6m INFO[0m [04:04:44] 57c26f5500fb40d6938f4b57fcad3c76	 200 0ms GET /json
[38;5;6m INFO[0m [04:04:44] 4783891f58734325adcedb0ff5c3d1a4	 200 0ms GET /json
[38;5;6m INFO[0m [04:04:44] 26b8fef4701447ef92a0aaeb2981550d	 200 0ms GET /json
[38;5;6m INFO[0m [04:04:44] bf5c1a964670472e9a072e82afea804b	 200 0ms GET /json
[38;5;6m INFO[0m [04:04:44] 6f5fde4de0be41a98ee6594ba75149d5	 200 0ms GET /json
[38;5;6m INFO[0m [04:04:44] f54ccb49d2314945a7c32fb4fa281859	 200 0ms GET /json
[38;5;6m INFO[0m [04:04:44] eb4272669dca4c7db059f1cf8d9e44ab	 200 0ms GET /json
[38;5;6m INFO[0m [04:04:44] e3b8c40151b94080905b8c644c2f7680	 200 0ms GET /json
[38;5;6m INFO[0m [04:04:44] e32a859681fa4fb39dc77a27cdd0d392	 200 0ms GET /json
[38;5;6m INFO[0m [04:04:44] 73027a8d2a7749778c758984b8e095eb	 200 0ms GET /json
[38;5;6m INFO[0m [04:04:44] 52f74dd4c2b24b2c9afeb420a263b9f0	 200 0ms GET /json
[38;5;6m INFO[0m [04:04:44] 6878430c80664468ad1570919f266913	 200 0ms GET /json
[38;5;6m INFO[0m [04:04:44] 041bc94d68d542fd80b31085fe58a1f6	 200 0ms GET /json
[38;5;6m INFO[0m [04:04:44] 9b39c95f83b14868b67558a8f113f9c1	 200 0ms GET /json
[38;5;6m INFO[0m [04:04:44] aba1dbdc27784f1c9a125a4a891e5073	 200 0ms GET /json
[38;5;6m INFO[0m [04:04:44] 24d14d7aed914a5e9bb81f9bd99758af	 200 0ms GET /json
[38;5;6m INFO[0m [04:04:44] 3e19e2d757204718ba086954ce768169	 200 0ms GET /json
[38;5;6m INFO[0m [04:04:44] 4cf2d06eb1ba4bf390984908fb2eb65e	 200 0ms GET /json
[38;5;6m INFO[0m [04:04:44] 0457539c356c42c7aba075c388b2be8e	 200 0ms GET /json
[38;5;6m INFO[0m [04:04:44] 8c85a33c01a04587b08f80e0c8131911	 200 0ms GET /json
[38;5;6m INFO[0m [04:04:44] 0231f0e7a61b43b48dd9001a1dc219d3	 200 0ms GET /json
[38;5;6m INFO[0m [04:04:44] 850921a89c114d14a90f7e48dce119f8	 200 0ms GET /json
[38;5;6m INFO[0m [04:04:44] ef652efbd242493c940b1b0345c337ab	 200 0ms GET /json
[38;5;6m INFO[0m [04:04:44] eaf10479d06148889e21eb70043400eb	 200 0ms GET /json
[38;5;6m INFO[0m [04:04:44] 983389faee674435b2197c0477dc0008	 200 0ms GET /json
[38;5;6m INFO[0m [04:04:44] e6302d8ee68c4909a9121d7afbaa3174	 200 0ms GET /json
[38;5;6m INFO[0m [04:04:44] 2acd12555a014731ba666fc3167e709b	 200 0ms GET /json
[38;5;6m INFO[0m [04:04:44] 36f026959af14c26bf730e3bd6c7edb6	 200 0ms GET /json
[38;5;6m INFO[0m [04:04:44] 2298cb4abeee49f7942943cdb2e26c98	 200 0ms GET /json
[38;5;6m INFO[0m [04:04:44] 4a9f70cb01da462eabb1f13c70e9af73	 200 0ms GET /json
[38;5;6m INFO[0m [04:04:44] 767de7eca4d841ad99bc56e6f2a97a6b	 200 0ms GET /json
[38;5;6m INFO[0m [04:04:44] 936cf7c1d6ad4799b3cfe7f0aa8360e9	 200 0ms GET /json
[38;5;6m INFO[0m [04:04:44] ed5702f49a714bd5a76d2dcf2c13e91c	 200 0ms GET /json
[38;5;6m INFO[0m [04:04:44] a9113145b59c431cb356094d7db66f6c	 200 0ms GET /json
[38;5;6m INFO[0m [04:04:44] add4338fa0dc44648fb932960cb3699e	 200 0ms GET /json
[38;5;6m INFO[0m [04:04:44] c6afb0116b9c441c9137d4578ba689b0	 200 0ms GET /json
[38;5;6m INFO[0m [04:04:44] bb50106dff7d4f2389e43dc6e41f5399	 200 0ms GET /json
[38;5;6m INFO[0m [04:04:44] 16f8fb5358134770886a87d69a7185a1	 200 0ms GET /json
[38;5;6m INFO[0m [04:04:44] 5084efd1ad1c499c9f1b9bfa77bb0432	 200 0ms GET /json
[38;5;6m INFO[0m [04:04:44] 30a0985d862841cb810a4b69e6f28ffa	 200 0ms GET /json
[38;5;6m INFO[0m [04:04:44] 999d815934654d57996029185abbed21	 200 0ms GET /json
[38;5;6m INFO[0m [04:04:44] 6dd95fa59acb4f10b63176577cb410ee	 200 0ms GET /json
[38;5;6m INFO[0m [04:04:44] c4509192925747f78f82f952a1e55967	 200 0ms GET /json
[38;5;6m INFO[0m [04:04:44] fd81894819c94e4eac8c79f1aa475a55	 200 0ms GET /json
[38;5;6m INFO[0m [04:04:44] 28a2680596f54b3d922713ac905958b5	 200 0ms GET /json
[38;5;6m INFO[0m [04:04:44] 353bbfa1e8514476b9a275e6336cc838	 200 0ms GET /json
[38;5;6m INFO[0m [04:04:44] c5d56b9a86234516aa130f32892138cc	 200 0ms GET /json
[38;5;6m INFO[0m [04:04:44] d41af4e008a54cd0ac92fa412515a579	 200 0ms GET /json
[38;5;6m INFO[0m [04:04:44] 222697cdbecd479da8973c3dca2e15d0	 200 0ms GET /json
[38;5;6m INFO[0m [04:04:44] 5cec88284203492498897059761de67e	 200 0ms GET /json
[38;5;6m INFO[0m [04:04:44] bc5b3d1a0d454c42946604c7df86446b	 200 0ms GET /json
[38;5;6m INFO[0m [04:04:44] 30d89253cd3d4d87a152703815da2392	 200 0ms GET /json
[38;5;6m INFO[0m [04:04:44] 34c63d6d43ca4697a8e137d9fb7c63b7	 200 0ms GET /json
[38;5;6m INFO[0m [04:04:44] 5f08d4e61d994099bca07b847fb63924	 200 0ms GET /json
[38;5;6m INFO[0m [04:04:44] 93ec99d9acf24ec5b534b130f0dbc671	 200 0ms GET /json
[38;5;6m INFO[0m [04:04:44] 9e7e7d20cb3f40d4a0346c666a6f9021	 200 0ms GET /json
[38;5;6m INFO[0m [04:04:44] 8b23bc3ec344449f8cf2807002f698a5	 200 0ms GET /json
[38;5;6m INFO[0m [04:04:44] b84f0f9a3cd94995b2320bb04afe1fc5	 200 0ms GET /json
[38;5;6m INFO[0m [04:04:44] d1a50468c04b4d3d82b55a41585677e6	 200 0ms GET /json
[38;5;6m INFO[0m [04:04:44] 387545c743e145109ca13605e289f157	 200 0ms GET /json
[38;5;6m INFO[0m [04:04:44] b2bef574779a4abcb9eaf6fda77ae8d4	 200 0ms GET /json
[38;5;6m INFO[0m [04:04:44] f4000fdc6b1d4bd788373298152d0604	 200 0ms GET /json
[38;5;6m INFO[0m [04:04:44] a7ce3838ee8143e5b7d4307f0599946a	 200 0ms GET /json
[38;5;6m INFO[0m [04:04:44] 0bb4d0b03be042dabce5e69f04632585	 200 0ms GET /json
[38;5;6m INFO[0m [04:04:44] 821dfeb0ba524926b79dcb70842f2011	 200 0ms GET /json
[38;5;6m INFO[0m [04:04:44] 827a865089e24a1989a16a03a8e0b36c	 200 0ms GET /json
[38;5;6m INFO[0m [04:04:44] 239c6a840d1a416aa337a625a4129f9b	 200 0ms GET /json
[38;5;6m INFO[0m [04:04:44] 9b614e5cd0dd4ee2bfc4af4847ea43d0	 200 0ms GET /json
[38;5;6m INFO[0m [04:04:44] 9af5472b64c3413fbb7a121c203febfa	 200 0ms GET /json
[38;5;6m INFO[0m [04:04:44] af09d4f1516c4957bf5164e2bd298ec4	 200 0ms GET /json
[38;5;6m INFO[0m [04:04:44] 7ad2f1e29d9c4848b7bb9f59e226be14	 200 0ms GET /json
[38;5;6m INFO[0m [04:04:44] 7c06cf86a548405990a46b2874737b59	 200 0ms GET /json
[38;5;6m INFO[0m [04:04:44] 1077ba06f0834c04b7b730c253c19c23	 200 0ms GET /json
[38;5;6m INFO[0m [04:04:44] ea904f06794a47fda093d701d3a81b9f	 200 0ms GET /json
[38;5;6m INFO[0m [04:04:44] 0702dd0c8469466e9db00f897c14f37d	 200 0ms GET /json
[38;5;6m INFO[0m [04:04:44] 080145069c6842f0986ba7bbdb3e901a	 200 0ms GET /json
[38;5;6m INFO[0m [04:04:44] e85020cbb8bf479e89a51cf887428387	 200 0ms GET /json
[38;5;6m INFO[0m [04:04:44] 102c363b2e884d9e95f546b5ab044b18	 200 0ms GET /json
[38;5;6m INFO[0m [04:04:44] 1911058104ce4344a5bebe7a2de9df56	 200 0ms GET /json
[38;5;6m INFO[0m [04:04:46] 6cf4d7dc31db463ea58ddb12137b21d5	 200 0ms GET /json
[38;5;6m INFO[0m [04:04:46] 5a57603805aa4fc8a9c32b40f9fe9230	 200 0ms GET /json
[38;5;6m INFO[0m [04:04:46] cfa7795379b14a509c41805ba888df54	 200 0ms GET /json
[38;5;6m INFO[0m [04:04:46] d6f3e9b52ab9488589780cf9692b64bb	 200 0ms GET /json
[38;5;6m INFO[0m [04:04:46] 0628ee4518494a58ba5406cb8f428e72	 200 0ms GET /json
[38;5;6m INFO[0m [04:04:46] 60b7140d4cc441b18f84db878e1e0b7b	 200 0ms GET /json
[38;5;6m INFO[0m [04:04:46] 18ee50b34c1346a69fd0ae5fd06e3fad	 200 0ms GET /json
[38;5;6m INFO[0m [04:04:46] a9a4ae00cb30434f9097f1541acd5001	 200 0ms GET /json
[38;5;6m INFO[0m [04:04:46] ad6e057ef36d4bf7a6365a01348cb607	 200 0ms GET /json
[38;5;6m INFO[0m [04:04:46] 670075064f3d4e2f916c14e35f456504	 200 0ms GET /json
[38;5;6m INFO[0m [04:04:46] 7aab8b1931ee4053b0b99a6aac8b521e	 200 0ms GET /json
[38;5;6m INFO[0m [04:04:46] 9ff8a543704f43d7b3f4a18c21464a17	 200 0ms GET /json
[38;5;6m INFO[0m [04:04:46] a98a50fe6d2d4ba4a9e913d4caca75d7	 200 0ms GET /json
[38;5;6m INFO[0m [04:04:46] 71ac952b131d487eb6bb9a30117389f8	 200 0ms GET /json
[38;5;6m INFO[0m [04:04:46] 2fba5ca79103492db2cbb4562e8dba00	 200 0ms GET /json
[38;5;6m INFO[0m [04:04:46] 566162d1296c454faea08e059b385f54	 200 0ms GET /json
[38;5;6m INFO[0m [04:04:46] 95e53388ab6d490a92ceff812ff85652	 200 0ms GET /json
[38;5;6m INFO[0m [04:04:46] a7d188ed972d45f6b61e9e235fb6f9b1	 200 0ms GET /json
[38;5;6m INFO[0m [04:04:46] 7b6cb8bc751b41268598ce526cd55919	 200 0ms GET /json
[38;5;6m INFO[0m [04:04:46] cafc65b21a634b1bb13fa9c25d19eb32	 200 0ms GET /json
[38;5;6m INFO[0m [04:04:46] db3501b40ea040eda2846fbc7edce7e7	 200 0ms GET /json
[38;5;6m INFO[0m [04:04:46] 4fbfd0d17775457f9a7fa9efae09a18c	 200 0ms GET /json
[38;5;6m INFO[0m [04:04:46] 7a1c77fbe25a452d898e9bda92b9452d	 200 0ms GET /json
[38;5;6m INFO[0m [04:04:46] 77a51ae4c55141b2b7221f6b42cf505e	 200 0ms GET /json
[38;5;6m INFO[0m [04:04:46] 027f89c242794df992d67779f7bef58e	 200 0ms GET /json
[38;5;6m INFO[0m [04:04:46] 6728584ec7f6426290f5953713ffbac5	 200 0ms GET /json
[38;5;6m INFO[0m [04:04:46] ab35ad67a4384f32983810322ea42047	 200 0ms GET /json
[38;5;6m INFO[0m [04:04:46] e9ba6664cdc549f886161a4194a99988	 200 0ms GET /json
[38;5;6m INFO[0m [04:04:46] 6e611d71bca04832ba35c72b9ab395f3	 200 0ms GET /json
[38;5;6m INFO[0m [04:04:46] d76b824b10cf4583a6a2e929d714287c	 200 0ms GET /json
[38;5;6m INFO[0m [04:04:46] 573f171c337140bcbdc2c5936e462a70	 200 0ms GET /json
[38;5;6m INFO[0m [04:04:46] 67b15a7367214643bba910fce5ec701c	 200 0ms GET /json
[38;5;6m INFO[0m [04:04:46] f46219dea21b43d98445a9a8937e8dc0	 200 0ms GET /json
[38;5;6m INFO[0m [04:04:46] c744fe433a6d42e7931c11d5ca240c39	 200 0ms GET /json
[38;5;6m INFO[0m [04:04:46] 742961b449034f198fbe1412041d8ebe	 200 0ms GET /json
[38;5;6m INFO[0m [04:04:46] 1beb1650c5e8414da0abd0207c4a4253	 200 0ms GET /json
[38;5;6m INFO[0m [04:04:46] 4557584a028649059b7cb3ddb94ce370	 200 0ms GET /json
[38;5;6m INFO[0m [04:04:46] a52089fc0483460a9d4a747766859c0e	 200 0ms GET /json
[38;5;6m INFO[0m [04:04:46] 1448911db1b3478c9b2c77b67e747bf4	 200 0ms GET /json
[38;5;6m INFO[0m [04:04:46] 3bc0d8778b9b41e886a844f8f3372997	 200 0ms GET /json
[38;5;6m INFO[0m [04:04:46] 5c5ffc6d137e4e239514d5b4239691f9	 200 0ms GET /json
[38;5;6m INFO[0m [04:04:46] 6367f0c295b74896bc3f1a1e2da21c14	 200 0ms GET /json
[38;5;6m INFO[0m [04:04:46] bf7071db9b944aadb4a86bea1d5dc7d5	 200 0ms GET /json
[38;5;6m INFO[0m [04:04:46] b87b1cb95b8b4988862f153fd5974f16	 200 0ms GET /json
[38;5;6m INFO[0m [04:04:46] f83e4c3789f543dfa52ac985193fb613	 200 0ms GET /json
[38;5;6m INFO[0m [04:04:46] 289c1a0cf9df4bd7a98cea3871811cf8	 200 0ms GET /json
[38;5;6m INFO[0m [04:04:46] 9b2aff5d08934adc8e9058effaca9bfa	 200 0ms GET /json
[38;5;6m INFO[0m [04:04:46] d06b0bf0a86a4e439203504c7a8a11a2	 200 0ms GET /json
[38;5;6m INFO[0m [04:04:46] 2b0d9d6797174eaebab36c4c153368ff	 200 0ms GET /json
[38;5;6m INFO[0m [04:04:46] 020c16eaa7084909a0c5aca7fdbafcdd	 200 0ms GET /json
[38;5;6m INFO[0m [04:04:46] 98212022e15e463ebff92ac053739285	 200 0ms GET /json
[38;5;6m INFO[0m [04:04:46] 453f2290bd6c490f8f1f32a97e3bf5ff	 200 0ms GET /json
[38;5;6m INFO[0m [04:04:46] 5c070867f831446eb0c99240a73b4fc9	 200 0ms GET /json
[38;5;6m INFO[0m [04:04:46] d5159561a67f461ebd1617e504f87f0d	 200 0ms GET /json
[38;5;6m INFO[0m [04:04:46] 23d59277cc82447dbde131ba8703277d	 200 0ms GET /json
[38;5;6m INFO[0m [04:04:46] b7d31a2d4a1c47c396b9f62e7616d809	 200 0ms GET /json
[38;5;6m INFO[0m [04:04:46] 254278e469a142299d7509975419b438	 200 0ms GET /json
[38;5;6m INFO[0m [04:04:46] 93aa00404e234145b745debe8fbe9359	 200 0ms GET /json
[38;5;6m INFO[0m [04:04:46] 309b54202b7842339420969f5f076d39	 200 0ms GET /json
[38;5;6m INFO[0m [04:04:46] 2c41f5c1e661424ebd01a93d1de94bb5	 200 0ms GET /json
[38;5;6m INFO[0m [04:04:46] f2e99ba31f804b54bf2fecb37793d4a1	 200 0ms GET /json
[38;5;6m INFO[0m [04:04:46] 6294a89673824607ad672f85a8b5e441	 200 0ms GET /json
[38;5;6m INFO[0m [04:04:46] 5a23b39764f74ec0880e379aa08fddbc	 200 0ms GET /json
[38;5;6m INFO[0m [04:04:46] 44841c76a47b41199e4313798bc7c326	 200 0ms GET /json
[38;5;6m INFO[0m [04:04:46] f3dd6f02444a4cf9a7cf23116b4a7f19	 200 0ms GET /json
[38;5;6m INFO[0m [04:04:46] a3f80e3cffb34dc38aff8d01e2789680	 200 0ms GET /json
[38;5;6m INFO[0m [04:04:46] 32eee9f979734ae7927740862325fd2e	 200 0ms GET /json
[38;5;6m INFO[0m [04:04:46] 0f478389e5af44ab8d0dcf98b2165d62	 200 0ms GET /json
[38;5;6m INFO[0m [04:04:46] a87b3cd2eefa452793911e570ab4c6c0	 200 0ms GET /json
[38;5;6m INFO[0m [04:04:46] 6d01a048618d4d66bd625719737c6d30	 200 0ms GET /json
[38;5;6m INFO[0m [04:04:46] 63a49ca77e92478f857abaec556fc456	 200 0ms GET /json
[38;5;6m INFO[0m [04:04:46] a59ee5c54e9b4cb0a0cc2aa1c73fb09f	 200 0ms GET /json
[38;5;6m INFO[0m [04:04:46] e116260803534ce78f2d6d5a9b7ea92d	 200 0ms GET /json
[38;5;6m INFO[0m [04:04:46] bf19bd15b0834a1b888b2af2069905c5	 200 0ms GET /json
[38;5;6m INFO[0m [04:04:46] 498445f8ff9848d18e0ff41e21f5914e	 200 0ms GET /json
[38;5;6m INFO[0m [04:04:46] 9a30f82e3af24ef8a9ceb671abe8e338	 200 0ms GET /json
[38;5;6m INFO[0m [04:04:46] d9719a6280484f418512c52220dd4522	 200 0ms GET /json
[38;5;6m INFO[0m [04:04:46] 057dad9a4a054be8bb00f517d7870196	 200 0ms GET /json
[38;5;6m INFO[0m [04:04:46] 0b67a5f1b11546dd986a8af9ab3f3859	 200 0ms GET /json
[38;5;6m INFO[0m [04:04:46] ce92c2d008c743a39542cfd7d01b09d8	 200 0ms GET /json
[38;5;6m INFO[0m [04:04:46] ad590730880b49b1ba5c0693f76e9c47	 200 0ms GET /json
[38;5;6m INFO[0m [04:04:46] 9b0eb1ba27244d51954fa03e608494cc	 200 0ms GET /json
[38;5;6m INFO[0m [04:04:46] 896025f05aec41368fa13ef0a0218228	 200 0ms GET /json
[38;5;6m INFO[0m [04:04:46] af8c17c4426c4198b57cc6cb64141f58	 200 0ms GET /json
[38;5;6m INFO[0m [04:04:46] e2d7b2a0bedc42ecbf7fe1773765c968	 200 0ms GET /json
[38;5;6m INFO[0m [04:04:46] 0cad178aa2dc4e99a962c6748f7a139d	 200 0ms GET /json
[38;5;6m INFO[0m [04:04:46] 4a78a5a363f74d2bb2510a38453e1447	 200 0ms GET /json
[38;5;6m INFO[0m [04:04:46] c243b3126e9d442c9ac72842be5eccaf	 200 0ms GET /json
[38;5;6m INFO[0m [04:04:46] 2b88a347ca924de7add1ffe39c0f23f8	 200 0ms GET /json
[38;5;6m INFO[0m [04:04:46] b956c82a7c8c4eb382690415e77b125e	 200 0ms GET /json
[38;5;6m INFO[0m [04:04:46] eb6adc12685940cfbb455a64f6cffaac	 200 0ms GET /json
[38;5;6m INFO[0m [04:04:46] a2297efb540e4bf5946ef97f21e3c423	 200 0ms GET /json
[38;5;6m INFO[0m [04:04:46] 2aa00f8568394f6d9779ee6cef529451	 200 0ms GET /json
[38;5;6m INFO[0m [04:04:46] 8062f629c9a74a98ba92f27433625eef	 200 0ms GET /json
[38;5;6m INFO[0m [04:04:46] 54996115f86c465182c0ef93af42f09d	 200 0ms GET /json
[38;5;6m INFO[0m [04:04:46] f40ee91e0f8e4b3ca19c2fd7d7693538	 200 0ms GET /json
[38;5;6m INFO[0m [04:04:46] 02e7e436250141438034ffcddbe71188	 200 0ms GET /json
[38;5;6m INFO[0m [04:04:46] 70f45351961f468eb4254beca973a09f	 200 0ms GET /json
[38;5;6m INFO[0m [04:04:46] 83fcdf84f2374886909f81ac17637b2b	 200 0ms GET /json
[38;5;6m INFO[0m [04:04:46] 41c97acd49cb4da097bb67cd5116a5dc	 200 0ms GET /json
[38;5;6m INFO[0m [04:04:46] 9782dc706adf4e7080a72e0125c04f86	 200 0ms GET /json
[38;5;6m INFO[0m [04:04:46] b20d8f7699b746c382890e2fe2e0e0f2	 200 0ms GET /json
[38;5;6m INFO[0m [04:04:46] 34f6ab1da55040b0930463f9550742b0	 200 0ms GET /json
[38;5;6m INFO[0m [04:04:46] 4a7798ae0e6c443cb72938a0f270b23e	 200 0ms GET /json
[38;5;6m INFO[0m [04:04:46] b13dc5d6ba2e4761b8c8f2bc0c44f28a	 200 0ms GET /json
[38;5;6m INFO[0m [04:04:46] e4c734ea71db40ed94efae1aaefb8813	 200 0ms GET /json
[38;5;6m INFO[0m [04:04:46] 8296e7a507ab4671afb4afe859ac04f6	 200 0ms GET /json
[38;5;6m INFO[0m [04:04:46] 41aa4f6bfcb8467bbc44c0414b4fab89	 200 0ms GET /json
[38;5;6m INFO[0m [04:04:46] 7afb0d9e253b4fea8053e5828cb6d5bf	 200 0ms GET /json
[38;5;6m INFO[0m [04:04:46] 3c618a8753b1482ab35b7d5f6e427633	 200 0ms GET /json
[38;5;6m INFO[0m [04:04:46] 498a36cfd14e42f0841890fe23b6baf7	 200 0ms GET /json
[38;5;6m INFO[0m [04:04:46] c9bff4c524394722b3cae605d3a7471e	 200 0ms GET /json
[38;5;6m INFO[0m [04:04:46] dfaa698af3ff41db844f147a2b8daaf0	 200 0ms GET /json
[38;5;6m INFO[0m [04:04:46] b93014eee29844579b233ca2b383fc47	 200 0ms GET /json
[38;5;6m INFO[0m [04:04:46] d7f989f65dcf4efa85e04f22370cfbfd	 200 0ms GET /json
[38;5;6m INFO[0m [04:04:46] 74b1401a72ac4e5b857ae265333d282d	 200 0ms GET /json
[38;5;6m INFO[0m [04:04:46] d38d01e07baf4875ba2539332079fa3b	 200 0ms GET /json
[38;5;6m INFO[0m [04:04:46] 16a15d2e57824f089cc74eba306218f1	 200 0ms GET /json
[38;5;6m INFO[0m [04:04:46] 2efd4d8e0559444f888bce7b7e0e1aba	 200 0ms GET /json
[38;5;6m INFO[0m [04:04:46] a4389efc6e9e496e99d4a715f82861a0	 200 0ms GET /json
[38;5;6m INFO[0m [04:04:46] fca396b6f86a4d8d8b8905997c7654ae	 200 0ms GET /json
[38;5;6m INFO[0m [04:04:46] a7f6ebfe1be44d1bbce191fa6da4046e	 200 0ms GET /json
[38;5;6m INFO[0m [04:04:46] 998012e75cfa434e8effe2edf9187e1e	 200 0ms GET /json
[38;5;6m INFO[0m [04:04:46] 7d7af78c01a84dee9372de113d719305	 200 0ms GET /json
[38;5;6m INFO[0m [04:04:46] 6bb61dde1a684beaaf0165e7a4b8dbaa	 200 0ms GET /json
[38;5;6m INFO[0m [04:04:46] 3507336f06d64ee3a8e747829cfc354f	 200 0ms GET /json
[38;5;6m INFO[0m [04:04:46] 63f639b93cf2452dadfc28a480d21e1f	 200 0ms GET /json
[38;5;6m INFO[0m [04:04:46] 550d289432754c8d9b55a6ef49e1e1f2	 200 0ms GET /json
[38;5;6m INFO[0m [04:04:46] 594ccffc732948f79db13e3a5a006009	 200 0ms GET /json
[38;5;6m INFO[0m [04:04:46] 46f5380d45fb471c8e386f329b1c9764	 200 0ms GET /json
[38;5;6m INFO[0m [04:04:46] 0fa24bd758264884988af9bc681567bd	 200 0ms GET /json
[38;5;6m INFO[0m [04:04:46] 904ef738457a403f857e9faff4c65f29	 200 0ms GET /json
[38;5;6m INFO[0m [04:04:46] 083c5529dce44e9997d9fbda4b7f083e	 200 0ms GET /json
[38;5;6m INFO[0m [04:04:46] 6d46c68271c441c986f400d5deca1621	 200 0ms GET /json
[38;5;6m INFO[0m [04:04:46] 0692a0303f9a4f31b651d48e471bc016	 200 0ms GET /json
[38;5;6m INFO[0m [04:04:46] 347f1b9b52c14a97ad9a38be68b53289	 200 0ms GET /json
[38;5;6m INFO[0m [04:04:46] 59a470a84e7645318c5b0cb1cca651f9	 200 0ms GET /json
[38;5;6m INFO[0m [04:04:46] 2af025a478fb4bca9ed31eb219dd3235	 200 0ms GET /json
[38;5;6m INFO[0m [04:04:46] 07ea208e80134508bb2eaa854f23955e	 200 0ms GET /json
[38;5;6m INFO[0m [04:04:46] 7cc9e6d6f54f48c6ae50fea8310330e9	 200 0ms GET /json
[38;5;6m INFO[0m [04:04:46] 44838ec39cd14b15867f4fa7a5417d03	 200 0ms GET /json
[38;5;6m INFO[0m [04:04:46] 43819144119a4136b47a78603e380fb0	 200 0ms GET /json
[38;5;6m INFO[0m [04:04:46] 800775b8b95044fe81e230b23e34b875	 200 0ms GET /json
[38;5;6m INFO[0m [04:04:46] f1795175ccac4b85958cf83d73d12a71	 200 0ms GET /json
[38;5;6m INFO[0m [04:04:46] 3280fb6348c946589676b138c2f97939	 200 0ms GET /json
[38;5;6m INFO[0m [04:04:46] f0703dcce44e42d6862461cbf4e26367	 200 0ms GET /json
[38;5;6m INFO[0m [04:04:46] 21329e74c01a438f853c7229e5d338ad	 200 0ms GET /json
[38;5;6m INFO[0m [04:04:46] 1cc526d4b2004db882e094808f2882e9	 200 0ms GET /json
[38;5;6m INFO[0m [04:04:46] fa6cf5e699e14b4ca15b54172d9e354f	 200 0ms GET /json
[38;5;6m INFO[0m [04:04:46] af50768c219e49778b1d38bd13ba9058	 200 0ms GET /json
[38;5;6m INFO[0m [04:04:46] a5c302cdbaf74ec7a864085894908fc3	 200 0ms GET /json
[38;5;6m INFO[0m [04:04:46] b1251148058749d79bf64e6d56847642	 200 0ms GET /json
[38;5;6m INFO[0m [04:04:46] add116158a6e4dfbb6d06174b722cf24	 200 0ms GET /json
[38;5;6m INFO[0m [04:04:46] 7ee0422096df49d2b9454d1a1eb117f3	 200 0ms GET /json
[38;5;6m INFO[0m [04:04:46] 6d0a336792d44bb380ace9c549d59e48	 200 0ms GET /json
[38;5;6m INFO[0m [04:04:46] 6563952c02d9492c9c6fc85e75fe0029	 200 0ms GET /json
[38;5;6m INFO[0m [04:04:46] 72fb101c86614b0ba21c3f50632af9ac	 200 0ms GET /json
[38;5;6m INFO[0m [04:04:46] cd4b800eaf5b405a959ec0ba09a9aca4	 200 0ms GET /json
[38;5;6m INFO[0m [04:04:46] 6fa0e37dc1194b86a78df1a51e48812f	 200 0ms GET /json
[38;5;6m INFO[0m [04:04:46] b9296b06b8cb479b82925996f74524d9	 200 0ms GET /json
[38;5;6m INFO[0m [04:04:46] fb0308f14de24874b0bf096aa7c2f0d8	 200 0ms GET /json
[38;5;6m INFO[0m [04:04:46] ff4811a8a5274653970c304d16335377	 200 0ms GET /json
[38;5;6m INFO[0m [04:04:46] 2a0b7940d2484ca4a9054d4663812cb9	 200 0ms GET /json
[38;5;6m INFO[0m [04:04:46] 562120885a5042b38cc6a260480bf4f5	 200 0ms GET /json
[38;5;6m INFO[0m [04:04:46] 26f3ced45f254d2dbd0f76b5b70d6256	 200 0ms GET /json
[38;5;6m INFO[0m [04:04:46] d141f409a1e34009b59751e1142b3ade	 200 0ms GET /json
[38;5;6m INFO[0m [04:04:46] 709f93ea443940eb8473bcd68b9e94e4	 200 0ms GET /json
[38;5;6m INFO[0m [04:04:46] e11b4f7f18ba45c0b68f4f3a366ef5af	 200 0ms GET /json
[38;5;6m INFO[0m [04:04:46] 406930c76fdf4354aa8f7a746a1f9ef1	 200 0ms GET /json
[38;5;6m INFO[0m [04:04:46] 434ed27f05864795a8faacc3f9c20a9d	 200 0ms GET /json
[38;5;6m INFO[0m [04:04:46] 368d23d929354c7e9f255d5dc26d5f0b	 200 0ms GET /json
[38;5;6m INFO[0m [04:04:46] 8241eaaa426c47eaa748a066c5b6dea9	 200 0ms GET /json
[38;5;6m INFO[0m [04:04:46] c2fc09d650c3408dbfe5995b52d676ae	 200 0ms GET /json
[38;5;6m INFO[0m [04:04:46] 25a5f73b5c664be189f7c550174b124d	 200 0ms GET /json
[38;5;6m INFO[0m [04:04:46] e2ecffe1ca1e4354be247147921ac398	 200 0ms GET /json
[38;5;6m INFO[0m [04:04:46] c99c21e64b2d4f0699f6a0b4642c3036	 200 0ms GET /json
[38;5;6m INFO[0m [04:04:46] c1a47c9bd58c4ff4a2ea45987dcde348	 200 0ms GET /json
[38;5;6m INFO[0m [04:04:46] d8050a5574c84e858a1264126c562f60	 200 0ms GET /json
[38;5;6m INFO[0m [04:04:46] 84994a5dd1c142ca84a54542aea4009a	 200 0ms GET /json
[38;5;6m INFO[0m [04:04:46] f8c8459ef76b4e04be5ef003f6003bc3	 200 0ms GET /json
[38;5;6m INFO[0m [04:04:46] e587e0a1a49c499daf6bd532021fbb20	 200 0ms GET /json
[38;5;6m INFO[0m [04:04:46] 7ddf8acb90c94cbabfac4e9e2ea2ce26	 200 0ms GET /json
[38;5;6m INFO[0m [04:04:46] e5ea15397026464c86787a67e05f6b03	 200 0ms GET /json
[38;5;6m INFO[0m [04:04:46] d9388a33162a441699631d9b0b59f11c	 200 0ms GET /json
[38;5;6m INFO[0m [04:04:46] 9c145f35ca2040fa973fbe08a1dc3d2e	 200 0ms GET /json
[38;5;6m INFO[0m [04:04:46] 1fedf076905045ba996b1bafef343f30	 200 0ms GET /json
[38;5;6m INFO[0m [04:04:46] 67bdc40b301f4e27a9adc5b6b5f61a59	 200 0ms GET /json
[38;5;6m INFO[0m [04:04:46] 593a5171f6f9479aafdb59ad51dd6be6	 200 0ms GET /json
[38;5;6m INFO[0m [04:04:46] 884fbaf80f364497a8de35cdcb497122	 200 0ms GET /json
[38;5;6m INFO[0m [04:04:46] ae57cac0c5514778a872cafe38689fa9	 200 0ms GET /json
[38;5;6m INFO[0m [04:04:46] baf4548203ba4712b063ad0ccf07e543	 200 0ms GET /json
[38;5;6m INFO[0m [04:04:46] 4f3db8d5f45f489aa5dd66a037797abe	 200 0ms GET /json
[38;5;6m INFO[0m [04:04:46] 93270952c6934f7b8ab4cae92b3df60e	 200 0ms GET /json
[38;5;6m INFO[0m [04:04:46] 55a2400f22914cafa186e2430e272e1e	 200 0ms GET /json
[38;5;6m INFO[0m [04:04:46] 4131ccd168204f1eafb805403133b67c	 200 0ms GET /json
[38;5;6m INFO[0m [04:04:46] fc7603f727024bfa89de43cfac61298b	 200 0ms GET /json
[38;5;6m INFO[0m [04:04:46] af7acc43dc2d4ef7a07b156527bf701d	 200 0ms GET /json
[38;5;6m INFO[0m [04:04:46] 05504af50d0543db9deeb6b70dfbbd2f	 200 0ms GET /json
[38;5;6m INFO[0m [04:04:46] eeab5f6f6a45452da66b0805008aa971	 200 0ms GET /json
[38;5;6m INFO[0m [04:04:46] 502820679967448294aff76da836d884	 200 0ms GET /json
[38;5;6m INFO[0m [04:04:48] 9ae628dcecca45fb931a97d68b6611e9	 200 0ms GET /json
[38;5;6m INFO[0m [04:04:48] 28d245af478746caafdf5aed0a8e44ff	 200 0ms GET /json
[38;5;6m INFO[0m [04:04:48] 65d2a2b097af4a6a879d3d780508b17b	 200 0ms GET /json
[38;5;6m INFO[0m [04:04:48] 123c1b9a0e4840a0aa1940405d693954	 200 0ms GET /json
[38;5;6m INFO[0m [04:04:48] 6742ad98832248b08adf8269de885924	 200 0ms GET /json
[38;5;6m INFO[0m [04:04:48] 840c14935107443299550cd6e829ee4b	 200 0ms GET /json
[38;5;6m INFO[0m [04:04:48] b4ca7e0e6d8642b98012f306cb1c8562	 200 0ms GET /json
[38;5;6m INFO[0m [04:04:48] 482c8d4b49ea4726a7348d4812a6ba36	 200 0ms GET /json
[38;5;6m INFO[0m [04:04:48] f37854087e3942b796914a7500656234	 200 0ms GET /json
[38;5;6m INFO[0m [04:04:48] 74523d90f80a4d4997bcf03c3c0677e3	 200 0ms GET /json
[38;5;6m INFO[0m [04:04:48] 2e31cd4900a341a38b1941c5b90de4b3	 200 0ms GET /json
[38;5;6m INFO[0m [04:04:48] 52f88b2ee4614ebebc48756603181775	 200 0ms GET /json
[38;5;6m INFO[0m [04:04:48] 0c67f73c043c4a269d88479beb10d49d	 200 0ms GET /json
[38;5;6m INFO[0m [04:04:48] 79e4e61f089241ba85ef6c82714231bb	 200 0ms GET /json
[38;5;6m INFO[0m [04:04:48] 67c977da322d4dc4b8cbded180001acb	 200 0ms GET /json
[38;5;6m INFO[0m [04:04:48] fd2dea82928e49a3916228e13893089e	 200 0ms GET /json
[38;5;6m INFO[0m [04:04:48] e8477a2fe06440db9fe200c99c04277b	 200 0ms GET /json
[38;5;6m INFO[0m [04:04:48] 5d729a2f6674421bbd83e1f5c5206273	 200 0ms GET /json
[38;5;6m INFO[0m [04:04:48] 450afc752107476abc87ed1b3c0e4795	 200 0ms GET /json
[38;5;6m INFO[0m [04:04:48] bc1fdb3fe47448ccaa7b4af26ba3b4d6	 200 0ms GET /json
[38;5;6m INFO[0m [04:04:48] d126cad2b0f7467b8aec1548e697e285	 200 0ms GET /json
[38;5;6m INFO[0m [04:04:48] 260ff874b34541f5ac57b3d26ce61b14	 200 0ms GET /json
[38;5;6m INFO[0m [04:04:48] ebbbd4dd92224f5d958d48d35eb8817a	 200 0ms GET /json
[38;5;6m INFO[0m [04:04:48] 76a75659773b465fb11c18c42d03f353	 200 0ms GET /json
[38;5;6m INFO[0m [04:04:48] 6097ac34ef4c48069c971e4d99d23f2b	 200 0ms GET /json
[38;5;6m INFO[0m [04:04:48] b495f38dd6074b84aefe2336c69c7880	 200 0ms GET /json
[38;5;6m INFO[0m [04:04:48] f171511b774347d88491856dfaf0f536	 200 0ms GET /json
[38;5;6m INFO[0m [04:04:48] ed041820ffe04b9d8a19ac64241924ad	 200 0ms GET /json
[38;5;6m INFO[0m [04:04:48] e0f8c2e1b9cf44af953cda03966348bf	 200 0ms GET /json
[38;5;6m INFO[0m [04:04:48] 2b9dc043bc4241038939868a5dc45065	 200 0ms GET /json
[38;5;6m INFO[0m [04:04:48] cb2688f3399a464196d4a73bddb118ff	 200 0ms GET /json
[38;5;6m INFO[0m [04:04:48] d7fb4d7fe99541379a764b0941ba2263	 200 0ms GET /json
[38;5;6m INFO[0m [04:04:48] 74083f0d6efd43d790ea56cab727898f	 200 0ms GET /json
[38;5;6m INFO[0m [04:04:48] 9e5a136762ae434c83af935798449f9f	 200 0ms GET /json
[38;5;6m INFO[0m [04:04:48] ecd7cdc62e87410a80537e8d5b91d6a8	 200 0ms GET /json
[38;5;6m INFO[0m [04:04:48] 69a12b3a25994822aeb17750259cc66f	 200 0ms GET /json
[38;5;6m INFO[0m [04:04:48] a1148509c7604cbb87e91e05ca108cd2	 200 0ms GET /json
[38;5;6m INFO[0m [04:04:48] bed83bb42aa94d44b3f316119b341350	 200 0ms GET /json
[38;5;6m INFO[0m [04:04:48] f4118349ce0c4f7396b6a0a7500b5156	 200 0ms GET /json
[38;5;6m INFO[0m [04:04:48] 6bbd0184a0c24174a2ed7b78dee202d6	 200 0ms GET /json
[38;5;6m INFO[0m [04:04:48] 31f3f710da5e494b9fe1a218310e8239	 200 0ms GET /json
[38;5;6m INFO[0m [04:04:48] 14745d58ec724a6495672b04c0e2bbe0	 200 0ms GET /json
[38;5;6m INFO[0m [04:04:48] 1820b3722de54ab68e92594c782967b2	 200 0ms GET /json
[38;5;6m INFO[0m [04:04:48] 586c477dd8b74713b851afd263c84aec	 200 0ms GET /json
[38;5;6m INFO[0m [04:04:48] 216762032c674998ae60af2b62ae65d4	 200 0ms GET /json
[38;5;6m INFO[0m [04:04:48] 2f03b3bfd26b4b5395809067ee9f02b1	 200 0ms GET /json
[38;5;6m INFO[0m [04:04:48] 0e0b81d00bdd4149a5fc76c8f4cb057d	 200 0ms GET /json
[38;5;6m INFO[0m [04:04:48] 7933894821554fccbd19b73d0eff7cc8	 200 0ms GET /json
[38;5;6m INFO[0m [04:04:48] 88219bf70d4142ce803231c7191a081e	 200 0ms GET /json
[38;5;6m INFO[0m [04:04:48] 07e15326e7104b52bce758410f1a08b5	 200 0ms GET /json
[38;5;6m INFO[0m [04:04:48] 3ce64cfb25b649ce9ab0383fac0a6da2	 200 0ms GET /json
[38;5;6m INFO[0m [04:04:48] c8a973c162b446eb9cea08e5c159f5ad	 200 0ms GET /json
[38;5;6m INFO[0m [04:04:48] e199e324014546c9b0bd162ce20e61df	 200 0ms GET /json
[38;5;6m INFO[0m [04:04:48] 315aa13d095d4de09176b0e369c69e2a	 200 0ms GET /json
[38;5;6m INFO[0m [04:04:48] 4a8bcfe627b0415fa31f0326ebfcc59b	 200 0ms GET /json
[38;5;6m INFO[0m [04:04:48] 4b864f4ef8594ef1b477bd3e53b74bf0	 200 0ms GET /json
[38;5;6m INFO[0m [04:04:48] b709b52946eb48168988d2fe6016cfaa	 200 0ms GET /json
[38;5;6m INFO[0m [04:04:48] 5b283344df2e47de957fb320269a4add	 200 0ms GET /json
[38;5;6m INFO[0m [04:04:48] 754fa53c3b964da78f79e26a80ea6b9a	 200 0ms GET /json
[38;5;6m INFO[0m [04:04:48] 06e7a5b72e644510ad16611399e5c4f5	 200 0ms GET /json
[38;5;6m INFO[0m [04:04:48] 96265b1dbfc448588d021a9585c7507e	 200 0ms GET /json
[38;5;6m INFO[0m [04:04:48] 5c7287e38db14450bc10d39b54190ae5	 200 0ms GET /json
[38;5;6m INFO[0m [04:04:48] 5b8f8eebf82d4f2b89d53bd4e984a63c	 200 0ms GET /json
[38;5;6m INFO[0m [04:04:48] 4541e35509f2456895b432ec302e2a5a	 200 0ms GET /json
[38;5;6m INFO[0m [04:04:48] 5f0cbdc667754565a0ff4e9b2659fea2	 200 0ms GET /json
[38;5;6m INFO[0m [04:04:48] 4b3fad87ecf044878f2b0a9e78616ae5	 200 0ms GET /json
[38;5;6m INFO[0m [04:04:48] 63f40854f24847c9b72ff36e1784a73f	 200 0ms GET /json
[38;5;6m INFO[0m [04:04:48] e06ea7f844b742b5b7e42522831d5022	 200 0ms GET /json
[38;5;6m INFO[0m [04:04:48] f086f9af72f3472a9b1fb325e9a4508d	 200 0ms GET /json
[38;5;6m INFO[0m [04:04:48] d525d706e0f541ca986f686edb4ab06d	 200 0ms GET /json
[38;5;6m INFO[0m [04:04:48] 0a84fe82a6774ea9876e005d753b8ec2	 200 0ms GET /json
[38;5;6m INFO[0m [04:04:48] 5c3182a3d654477a944ecf483d75935b	 200 0ms GET /json
[38;5;6m INFO[0m [04:04:48] 1ba3463c1129426189ae0f92c3f8e416	 200 0ms GET /json
[38;5;6m INFO[0m [04:04:48] 9d422c72b9214f039af8f9b99b2caa17	 200 0ms GET /json
[38;5;6m INFO[0m [04:04:48] 2fb6b70782d24ee598a45e28394f53c3	 200 0ms GET /json
[38;5;6m INFO[0m [04:04:48] 17f0f2119ecf4366ac254974680a1cf1	 200 0ms GET /json
[38;5;6m INFO[0m [04:04:48] b7742e742db340daad99ca3458ba6154	 200 0ms GET /json
[38;5;6m INFO[0m [04:04:48] 25738969f75b4e33bcc73f23746e4403	 200 0ms GET /json
[38;5;6m INFO[0m [04:04:48] ee04923b483948f5a276f282c387d5e6	 200 0ms GET /json
[38;5;6m INFO[0m [04:04:48] 9ddc39a1a125416bb418b2c4bb91db5a	 200 0ms GET /json
[38;5;6m INFO[0m [04:04:48] 6655ab6f978443b0b24c5ce2731110e2	 200 0ms GET /json
[38;5;6m INFO[0m [04:04:48] 0f2a9b6c2bdd4bdaab040660bee4bcf6	 200 0ms GET /json
[38;5;6m INFO[0m [04:04:48] 84dbff67f6784a61a54e9e3808b872de	 200 0ms GET /json
[38;5;6m INFO[0m [04:04:48] 75c83ccfb07a4ee6a3cf8828822a0d97	 200 0ms GET /json
[38;5;6m INFO[0m [04:04:48] 0b2f53fb0d7247d4889e45cb14bd084b	 200 0ms GET /json
[38;5;6m INFO[0m [04:04:48] cf1996952d094ba08bd182ffa8674d84	 200 0ms GET /json
[38;5;6m INFO[0m [04:04:48] 5a10764b6d354efcad60b601dfe562e4	 200 0ms GET /json
[38;5;6m INFO[0m [04:04:48] c3cd53bc95a5424487f4e1b14ba2e5f6	 200 0ms GET /json
[38;5;6m INFO[0m [04:04:48] 6328f32df932439a8cc64eb9bf914d6a	 200 0ms GET /json
[38;5;6m INFO[0m [04:04:48] 9d0a962dc122460aacb79160cb3da77e	 200 0ms GET /json
[38;5;6m INFO[0m [04:04:48] 597304c7ddee42ea901280bd67f49003	 200 0ms GET /json
[38;5;6m INFO[0m [04:04:48] bed532b8ab5644efafbb646f13505f9a	 200 0ms GET /json
[38;5;6m INFO[0m [04:04:48] 08e8c085c0c5465991e2d11733e9678a	 200 0ms GET /json
[38;5;6m INFO[0m [04:04:48] 12cad65c4e7c4768be338b53aef0abcb	 200 0ms GET /json
[38;5;6m INFO[0m [04:04:48] 7b86c834f4a5403da04162489e01c478	 200 0ms GET /json
[38;5;6m INFO[0m [04:04:48] 3e053b6b76084211b5f04d99e6fdea77	 200 0ms GET /json
[38;5;6m INFO[0m [04:04:48] 9f574df6f2d94faabccffc49936f761d	 200 0ms GET /json
[38;5;6m INFO[0m [04:04:48] 5fd93c9e20834151b62406dad8e49774	 200 0ms GET /json
[38;5;6m INFO[0m [04:04:48] 0b750dab3ea2494790a5688944ab4339	 200 0ms GET /json
[38;5;6m INFO[0m [04:04:48] 6b092fa1d91549858df9735643607816	 200 0ms GET /json
[38;5;6m INFO[0m [04:04:48] d826b204769b4a5397d0759d9fa27356	 200 0ms GET /json
[38;5;6m INFO[0m [04:04:48] d7cb9003b98744c9b99ecd66cf54c2cd	 200 0ms GET /json
[38;5;6m INFO[0m [04:04:48] 14266aa175aa4316833aefc1a268d250	 200 0ms GET /json
[38;5;6m INFO[0m [04:04:48] f72325c61be1480fb6729cd50a9801eb	 200 0ms GET /json
[38;5;6m INFO[0m [04:04:48] 98e2326ea26b495eac0ef3f43996853a	 200 0ms GET /json
[38;5;6m INFO[0m [04:04:48] 6cf78da1e8904cafa04c993aa4eb9430	 200 0ms GET /json
[38;5;6m INFO[0m [04:04:48] 4c60fe52012b4876bc47268528f6e499	 200 0ms GET /json
[38;5;6m INFO[0m [04:04:48] 6c0b4c073ec84a1c8200cb71d80aba88	 200 0ms GET /json
[38;5;6m INFO[0m [04:04:48] 18978dab49b94fe5b8abd72c0726c4c2	 200 0ms GET /json
[38;5;6m INFO[0m [04:04:48] bf8518116aa840d98e2861991d6934b7	 200 0ms GET /json
[38;5;6m INFO[0m [04:04:48] 8de803746a6c4633ae573d6b7e95c69d	 200 0ms GET /json
[38;5;6m INFO[0m [04:04:48] b057c69bca1f4f088b0f3826fb49e907	 200 0ms GET /json
[38;5;6m INFO[0m [04:04:48] 7d71b8cd8e85432f86457d30adf78c14	 200 0ms GET /json
[38;5;6m INFO[0m [04:04:48] fb7cfbd9579a4638b10cb5f4780b80a4	 200 0ms GET /json
[38;5;6m INFO[0m [04:04:48] ec200ae345e347d0a5cbcd6e3bb1f56c	 200 0ms GET /json
[38;5;6m INFO[0m [04:04:48] f209865f227d483baea10f85e5c5a8ca	 200 0ms GET /json
[38;5;6m INFO[0m [04:04:48] fc6fd9d6af9d4be29bbbb8b168ba2fd1	 200 0ms GET /json
[38;5;6m INFO[0m [04:04:48] d42a38a56ebc45bebaae0e13787d9c81	 200 0ms GET /json
[38;5;6m INFO[0m [04:04:48] 13757012cf6146d486e177ac99de7dc3	 200 0ms GET /json
[38;5;6m INFO[0m [04:04:48] fea97e5b557f406cab212a5e8b0695bf	 200 0ms GET /json
[38;5;6m INFO[0m [04:04:48] c9946f9e8d8e4a7bace3b7b421e2fd62	 200 0ms GET /json
[38;5;6m INFO[0m [04:04:48] 85bfc31dc43b4aa8902fb01f9763e2ec	 200 0ms GET /json
[38;5;6m INFO[0m [04:04:48] f354336e0652425da128e218a7cad605	 200 0ms GET /json
[38;5;6m INFO[0m [04:04:48] 86eea09ddc04404d8034da2c90f14308	 200 0ms GET /json
[38;5;6m INFO[0m [04:04:48] 4d2a7c1847e2440da7e9cdf54ade16bf	 200 0ms GET /json
[38;5;6m INFO[0m [04:04:48] 484bc2a5dc244c8181295ecf3da532be	 200 0ms GET /json
[38;5;6m INFO[0m [04:04:48] a86904fbf2614403a12e12ffd55aa36b	 200 0ms GET /json
[38;5;6m INFO[0m [04:04:48] 6440489405584106a2c47d7adf5b1f5d	 200 0ms GET /json
[38;5;6m INFO[0m [04:04:48] 5ef08bb18b074d609ed459a3da568c6f	 200 0ms GET /json
[38;5;6m INFO[0m [04:04:48] ed5c7251a2b148db9d48b10344162555	 200 0ms GET /json
[38;5;6m INFO[0m [04:04:48] be225e5e30b5433f8828cb1c1595bee3	 200 0ms GET /json
[38;5;6m INFO[0m [04:04:48] d15f4f9a574a40229112e8cdd60c6941	 200 0ms GET /json
[38;5;6m INFO[0m [04:04:48] dcc8c283ec2d4cd183809d3f8ec05b7b	 200 0ms GET /json
[38;5;6m INFO[0m [04:04:48] 4b237f515c8a43abbfa83cbf367f0cfb	 200 0ms GET /json
[38;5;6m INFO[0m [04:04:48] 82bd2e35cc7643418ebdb207864ce618	 200 0ms GET /json
[38;5;6m INFO[0m [04:04:48] 78ad85da9c024b31849adc5f68ca275a	 200 0ms GET /json
[38;5;6m INFO[0m [04:04:48] fbcd09eedca44f72a7760f4c767f2b4f	 200 0ms GET /json
[38;5;6m INFO[0m [04:04:48] 3b019f44915f48608385956a403dd415	 200 0ms GET /json
[38;5;6m INFO[0m [04:04:48] 62c754e8643d48c3bac44744121072ef	 200 0ms GET /json
[38;5;6m INFO[0m [04:04:48] 1315a8d84b484e46971d8faa74622ac0	 200 0ms GET /json
[38;5;6m INFO[0m [04:04:48] 1af8c348492b4eafa2e4ca4a238817ea	 200 0ms GET /json
[38;5;6m INFO[0m [04:04:48] 90582851626743839e7f9e0d9f9be6f4	 200 0ms GET /json
[38;5;6m INFO[0m [04:04:48] 1a286a7ee2ba40cc80fdeccfa88c114b	 200 0ms GET /json
[38;5;6m INFO[0m [04:04:48] e6a9825213ec42ce9a21626b3e3393d0	 200 0ms GET /json
[38;5;6m INFO[0m [04:04:48] a987a02a0934458abd00af521167f43b	 200 0ms GET /json
[38;5;6m INFO[0m [04:04:48] ed271f4f0520421ab1330b1b4b305cce	 200 0ms GET /json
[38;5;6m INFO[0m [04:04:48] 020d9bcb067e4ab6b5e11681ead6887a	 200 0ms GET /json
[38;5;6m INFO[0m [04:04:48] f0ecdb985a5b4e05b32200cf945d942b	 200 0ms GET /json
[38;5;6m INFO[0m [04:04:48] 78b72768698d42aeb1532d2015b015c9	 200 0ms GET /json
[38;5;6m INFO[0m [04:04:48] e5a9e33e9e864d1f964cad7ba60d9cf1	 200 0ms GET /json
[38;5;6m INFO[0m [04:04:48] 6c793766304f4a998acfdf0af279515a	 200 0ms GET /json
[38;5;6m INFO[0m [04:04:48] a2435dd8dd8e4d328fc04eb17cca48de	 200 0ms GET /json
[38;5;6m INFO[0m [04:04:48] 7ae0373566684da0bcac4a644507f53b	 200 0ms GET /json
[38;5;6m INFO[0m [04:04:48] 683edf2c92e04178a1d698d2af863d0d	 200 0ms GET /json
[38;5;6m INFO[0m [04:04:48] dca44e302e8444a39d5534ef49c6196d	 200 0ms GET /json
[38;5;6m INFO[0m [04:04:48] c444245debf64013b69eafe2e87b6249	 200 0ms GET /json
[38;5;6m INFO[0m [04:04:48] 892f4812d97e4f25809d3e34216d7ab8	 200 0ms GET /json
[38;5;6m INFO[0m [04:04:48] 5542dcc932ed4dd4b8649a12b7cc3b2c	 200 0ms GET /json
[38;5;6m INFO[0m [04:04:48] 8e1351c7615f43fe81c4fac6ac0b33df	 200 0ms GET /json
[38;5;6m INFO[0m [04:04:48] fc3d95a3b4e44fe78e7ee368217b399b	 200 0ms GET /json
[38;5;6m INFO[0m [04:04:48] 4873b30e4fd04752b20e8d184027b29e	 200 0ms GET /json
[38;5;6m INFO[0m [04:04:48] 3d9cb67e79df44b5989c567862ae53e8	 200 0ms GET /json
[38;5;6m INFO[0m [04:04:48] 96447052b1c94e72a1511e572c6522e2	 200 0ms GET /json
[38;5;6m INFO[0m [04:04:48] 2ddd92558e774bbe8e2690d49775476e	 200 0ms GET /json
[38;5;6m INFO[0m [04:04:48] fab44436139f4693842843df82ccae0f	 200 0ms GET /json
[38;5;6m INFO[0m [04:04:48] 5957b5b3375e4d86a7d201b674cb10cb	 200 0ms GET /json
[38;5;6m INFO[0m [04:04:48] abc7b870f4f74f2da9d648cc3699d299	 200 0ms GET /json
[38;5;6m INFO[0m [04:04:48] e7ed90422fd6486eb825c98ee2818e96	 200 0ms GET /json
[38;5;6m INFO[0m [04:04:48] 1de997c0f6834bd59c187d640f017efa	 200 0ms GET /json
[38;5;6m INFO[0m [04:04:48] dd1e16b62cb04c9691613806f3f7674a	 200 0ms GET /json
[38;5;6m INFO[0m [04:04:48] 840ed40465034da394926eb9930fde04	 200 0ms GET /json
[38;5;6m INFO[0m [04:04:48] 7260eed3b9b74d18949a3559b1017a95	 200 0ms GET /json
[38;5;6m INFO[0m [04:04:48] a9d3105e9c6c40d583d0f9fda6199662	 200 0ms GET /json
[38;5;6m INFO[0m [04:04:48] 2cf1f166d95842bd83242cc4afc649c4	 200 0ms GET /json
[38;5;6m INFO[0m [04:04:48] 7f66dc2776e3407e8c24ec7e539b2238	 200 0ms GET /json
[38;5;6m INFO[0m [04:04:48] 93604560563a47e780e2a183e8b575b0	 200 0ms GET /json
[38;5;6m INFO[0m [04:04:48] 1e535aaaf4d54db4a09be2eea8afbd0f	 200 0ms GET /json
[38;5;6m INFO[0m [04:04:48] 64912ace768e4695a6e9c25c7b7b6c55	 200 0ms GET /json
[38;5;6m INFO[0m [04:04:48] 48cf960759fa435f9cd6505d7c16bbce	 200 0ms GET /json
[38;5;6m INFO[0m [04:04:48] 00cd833234be4d3daec889b7e69a542f	 200 0ms GET /json
[38;5;6m INFO[0m [04:04:48] b39ce75d70454f05a01cfd8f7c3a89c3	 200 0ms GET /json
[38;5;6m INFO[0m [04:04:48] 9c6c81c805154981a60eec34af1e9bc2	 200 0ms GET /json
[38;5;6m INFO[0m [04:04:48] a9fabe19a7a04929b86295416cc5e05d	 200 0ms GET /json
[38;5;6m INFO[0m [04:04:48] d4925a39a0be4500ae06ba4d3f59d5cd	 200 0ms GET /json
[38;5;6m INFO[0m [04:04:48] 51d102c383ef410885bbf7546b59b4f8	 200 0ms GET /json
[38;5;6m INFO[0m [04:04:48] ad1f08088d0c442cb33a4153facb7b0d	 200 0ms GET /json
[38;5;6m INFO[0m [04:04:48] d847f155c31c4fd49ad3bca640fee15c	 200 0ms GET /json
[38;5;6m INFO[0m [04:04:48] b488a4e7ea82459ea21b8efc63a85439	 200 0ms GET /json
[38;5;6m INFO[0m [04:04:48] 9744a61e4e17411e943158ea67cc6b11	 200 0ms GET /json
[38;5;6m INFO[0m [04:04:48] a72905251a5f44eb883ebd8502c61249	 200 0ms GET /json
[38;5;6m INFO[0m [04:04:48] befcc21dfb804290882e81fb0e5afe35	 200 0ms GET /json
[38;5;6m INFO[0m [04:04:48] ed6daf5002c84b0c83cbc4c6a89af012	 200 0ms GET /json
[38;5;6m INFO[0m [04:04:48] a66ff4b766324a01b212e3cf814946f1	 200 0ms GET /json
[38;5;6m INFO[0m [04:04:48] 5e54b2afd10a4b6c99a97645909b5700	 200 0ms GET /json
[38;5;6m INFO[0m [04:04:48] d328cdb65fbc4ab28e0c0a8f571b1c28	 200 0ms GET /json
[38;5;6m INFO[0m [04:04:48] d468fec5c8374b8792fa8167637a8b8c	 200 0ms GET /json
[38;5;6m INFO[0m [04:04:48] f53dec4d48794c95a65b0ff919cfd7eb	 200 0ms GET /json
[38;5;6m INFO[0m [04:04:48] 237cfbbb062f4e61b56afa07efda8d3f	 200 0ms GET /json
[38;5;6m INFO[0m [04:04:48] 3a1a8f4a0e8a499992162c4c9f7f7a71	 200 0ms GET /json
[38;5;6m INFO[0m [04:04:48] 93ebfe91b0324e89966a29ab0ef642a9	 200 0ms GET /json
[38;5;6m INFO[0m [04:04:48] 6c2acec1f1d8493da3ef9081ff1ab3d8	 200 0ms GET /json
[38;5;6m INFO[0m [04:04:48] cfb0df783df6433c8e4f86d89eb42ff8	 200 0ms GET /json
[38;5;6m INFO[0m [04:04:48] 76354e57d2e341649d938c6045400bc1	 200 0ms GET /json
[38;5;6m INFO[0m [04:04:48] 0a42dd918e8a4cef9faa98e6055a8b3f	 200 0ms GET /json
[38;5;6m INFO[0m [04:04:48] d9515aeed44e464ab08734d55ff2c76e	 200 0ms GET /json
[38;5;6m INFO[0m [04:04:48] 10c467941b444b2787981b67911a3a74	 200 0ms GET /json
[38;5;6m INFO[0m [04:04:48] 96039f931ddb4a19b52ac051a048af04	 200 0ms GET /json
[38;5;6m INFO[0m [04:04:48] d132cc3c81a74525b22248392a2b3214	 200 0ms GET /json
[38;5;6m INFO[0m [04:04:48] 6a463775bd7344a981fa447fef7fa38e	 200 0ms GET /json
[38;5;6m INFO[0m [04:04:48] c69c5e30c02c46d6b98a252660514eee	 200 0ms GET /json
[38;5;6m INFO[0m [04:04:48] 2c55d3dbb77e4a0781530dce9f2de59d	 200 0ms GET /json
[38;5;6m INFO[0m [04:04:48] 82749848bea347738e39048407ba8f4c	 200 0ms GET /json
[38;5;6m INFO[0m [04:04:48] aef9b32d3a5c40a0b7b85eb4a7aeeaa4	 200 0ms GET /json
[38;5;6m INFO[0m [04:04:48] c9c4fe7c49324662b6b7d7e1b341a968	 200 0ms GET /json
[38;5;6m INFO[0m [04:04:48] bb5042233d684ed89155836e6ff14028	 200 0ms GET /json
[38;5;6m INFO[0m [04:04:48] 08a4cb06b93c48aba0511a8771077dba	 200 0ms GET /json
[38;5;6m INFO[0m [04:04:48] 3f7b7a3526aa4b36ace25ac807ada660	 200 0ms GET /json
[38;5;6m INFO[0m [04:04:48] 65fdc1a7889b4e839bfb534ff17dc962	 200 0ms GET /json
[38;5;6m INFO[0m [04:04:48] dda3afc0d31746bcbf01aa05a49e80b9	 200 0ms GET /json
[38;5;6m INFO[0m [04:04:48] b4f4b066a6324d8281f4c6137ee68f9e	 200 0ms GET /json
[38;5;6m INFO[0m [04:04:48] 902f07aca0514b65933442969c1571aa	 200 0ms GET /json
[38;5;6m INFO[0m [04:04:48] 0e5661adb7494994a3a1912b165323ea	 200 0ms GET /json
[38;5;6m INFO[0m [04:04:48] b1bbff4c8f834b7f918943b14df96398	 200 0ms GET /json
[38;5;6m INFO[0m [04:04:48] d712fff160a348568722f56e7950784e	 200 0ms GET /json
[38;5;6m INFO[0m [04:04:48] 5fe084f42a974137900d25b1398f0e5d	 200 0ms GET /json
[38;5;6m INFO[0m [04:04:48] c6d47a8ebfb44416b81fb2e9f6c81c09	 200 0ms GET /json
[38;5;6m INFO[0m [04:04:48] cb950d1a1e284b28bd40a5ff26456ef1	 200 0ms GET /json
[38;5;6m INFO[0m [04:04:48] 91fcc99a8c9f40c98b60e72a394ac9ad	 200 0ms GET /json
[38;5;6m INFO[0m [04:04:48] c546e32fd221458a9cc2f2cd1a4cc250	 200 0ms GET /json
[38;5;6m INFO[0m [04:04:48] f30cbdc0ee3f48a99a5f36c60c9893f2	 200 0ms GET /json
[38;5;6m INFO[0m [04:04:48] a1fa418d985a4964afc1edf013170171	 200 0ms GET /json
[38;5;6m INFO[0m [04:04:48] be82e3d30fba4e5b8a745cbf041780b5	 200 0ms GET /json
[38;5;6m INFO[0m [04:04:48] 6df56546a2c74e6d9788d964609853a8	 200 0ms GET /json
[38;5;6m INFO[0m [04:04:48] c4d7664f7c3b41beb7c496193045c394	 200 0ms GET /json
[38;5;6m INFO[0m [04:04:48] 52a00ae6905c46e28d17fb82c7270fa5	 200 0ms GET /json
[38;5;6m INFO[0m [04:04:48] 900331b3d746491b900acdb868b1c295	 200 0ms GET /json
[38;5;6m INFO[0m [04:04:48] e24dee7ee96a47eca050ddde05a0852b	 200 0ms GET /json
[38;5;6m INFO[0m [04:04:48] b7dd47a55c1c4e958b3a6c0448b5b8d5	 200 0ms GET /json
[38;5;6m INFO[0m [04:04:48] 0b0b813e8dc240ada0089388e495282e	 200 0ms GET /json
[38;5;6m INFO[0m [04:04:48] d9b7d053a0ad4d0894dcec2a9e4a8b54	 200 0ms GET /json
[38;5;6m INFO[0m [04:04:48] e5730b877d154419882a822cd1c08076	 200 0ms GET /json
[38;5;6m INFO[0m [04:04:48] bcc413d33a9f4cd1a0a9c2abec11cd81	 200 0ms GET /json
[38;5;6m INFO[0m [04:04:48] 57cea419b22f42f6804593fc7df06df1	 200 0ms GET /json
[38;5;6m INFO[0m [04:04:48] dabed7db7a6e49b6acebbcd7335a9eb9	 200 0ms GET /json
[38;5;6m INFO[0m [04:04:48] 2f8a286cff23472a9bd75843a765f6c3	 200 0ms GET /json
[38;5;6m INFO[0m [04:04:48] 2f0e9b1be0194d98b54166a68a23335a	 200 0ms GET /json
[38;5;6m INFO[0m [04:04:48] daa26ab7cff041938c256b1b6a255da7	 200 0ms GET /json
[38;5;6m INFO[0m [04:04:48] 4a11cb27a890413ebded0e65f508c3a0	 200 0ms GET /json
[38;5;6m INFO[0m [04:04:48] b8113da81a304fbf9404d4380d3e807e	 200 0ms GET /json
[38;5;6m INFO[0m [04:04:48] a4dc32388a384227bf36c94ba493decf	 200 0ms GET /json
[38;5;6m INFO[0m [04:04:48] cebb7c5a94c6431385452abb98e01d40	 200 0ms GET /json
[38;5;6m INFO[0m [04:04:48] 1548a8a4763b4333a203fe17b3613cfb	 200 0ms GET /json
[38;5;6m INFO[0m [04:04:48] 187b858a815d450a9cc646e3d16295f3	 200 0ms GET /json
[38;5;6m INFO[0m [04:04:48] ff34f87213414db0bb382c61d374d22b	 200 0ms GET /json
[38;5;6m INFO[0m [04:04:48] 2a0292a92800495d883e351fa269ef73	 200 0ms GET /json
[38;5;6m INFO[0m [04:04:48] 0e0d808c669a44fda1eb407719e8da00	 200 0ms GET /json
[38;5;6m INFO[0m [04:04:48] 454775609ea34422bfa34b19ad7ccf9c	 200 0ms GET /json
[38;5;6m INFO[0m [04:04:48] d4a5f73bfe02485482837272bc31c89b	 200 0ms GET /json
[38;5;6m INFO[0m [04:04:48] fedd2969e8784a6fabfcb3d268823233	 200 0ms GET /json
[38;5;6m INFO[0m [04:04:48] 37f9eafbd47b43a2947e50d1510c1b7c	 200 0ms GET /json
[38;5;6m INFO[0m [04:04:48] 7cab0f6692fc40abacbc2c18234158aa	 200 0ms GET /json
[38;5;6m INFO[0m [04:04:48] dc4bab7adf814a1dbfb39f78080aa996	 200 0ms GET /json
[38;5;6m INFO[0m [04:04:48] add1621b0cb74684b2c1b2900233697d	 200 0ms GET /json
[38;5;6m INFO[0m [04:04:48] 7edfb6b345e64b90ab04631345608c90	 200 0ms GET /json
[38;5;6m INFO[0m [04:04:48] d3024d71ce71460e9a1d5436e4a08869	 200 0ms GET /json
[38;5;6m INFO[0m [04:04:48] c5c6151259874bb2a3f8ff8a4224afe9	 200 0ms GET /json
[38;5;6m INFO[0m [04:04:48] 57cf25c331ed4efc8fc1c12f278836b8	 200 0ms GET /json
[38;5;6m INFO[0m [04:04:48] d0e8c390115c44d4ab6d8b3eb39aeacf	 200 0ms GET /json
[38;5;6m INFO[0m [04:04:48] 2844d7dbb9eb43c8aa5f3020a5ecf08f	 200 0ms GET /json
[38;5;6m INFO[0m [04:04:48] c9f837b1e5644854bda057ba7fdc636d	 200 0ms GET /json
[38;5;6m INFO[0m [04:04:48] 05a0fce18e80442baaf175e34326e751	 200 0ms GET /json
[38;5;6m INFO[0m [04:04:48] 7e873a66bc3646de95b74a62efd968ef	 200 0ms GET /json
[38;5;6m INFO[0m [04:04:48] 7dd0f0747e374bae8467d82887d016da	 200 0ms GET /json
[38;5;6m INFO[0m [04:04:48] a2c1c8f41686458d9c5d182b048adfdb	 200 0ms GET /json
[38;5;6m INFO[0m [04:04:48] 2b6d9e6649e6441b9a74f413853d5708	 200 0ms GET /json
[38;5;6m INFO[0m [04:04:48] 6a01671ceaac45229b69092a5d1a0f70	 200 0ms GET /json
[38;5;6m INFO[0m [04:04:48] 70494955bbc54487945d5140759ff6be	 200 0ms GET /json
[38;5;6m INFO[0m [04:04:48] 3231636229df4dd2a492dda3fb2e9e1a	 200 0ms GET /json
[38;5;6m INFO[0m [04:04:48] 1928ae2c752e4f7f9589e663d3313cd0	 200 0ms GET /json
[38;5;6m INFO[0m [04:04:48] 9550476d347148459cd0c82538cb02a0	 200 0ms GET /json
[38;5;6m INFO[0m [04:04:48] 1effc48425224ce1ab10ca133c087444	 200 0ms GET /json
[38;5;6m INFO[0m [04:04:48] b173f54e9bbc4e258522006210eee648	 200 0ms GET /json
[38;5;6m INFO[0m [04:04:48] 5edb55209ba545bab3bad9953bd5cd0f	 200 0ms GET /json
[38;5;6m INFO[0m [04:04:48] f89251faf68e4b0ca558ffe18d668f23	 200 0ms GET /json
[38;5;6m INFO[0m [04:04:48] ff8c59dbc4b84cb49ed0cb3d3f418ff0	 200 0ms GET /json
[38;5;6m INFO[0m [04:04:48] b7c6c825c6134311a89253ab1d30cfb0	 200 0ms GET /json
[38;5;6m INFO[0m [04:04:48] 12b1ed0174e049f187446307c87c25bd	 200 0ms GET /json
[38;5;6m INFO[0m [04:04:48] 29dd4b5a5e034e208d52851e669f8587	 200 0ms GET /json
[38;5;6m INFO[0m [04:04:48] 683078802eb040758699057c258f2c01	 200 0ms GET /json
[38;5;6m INFO[0m [04:04:48] be650585b43c48f680a1dbc3f24a1a15	 200 0ms GET /json
[38;5;6m INFO[0m [04:04:48] 331787d60c924446986f74e62b679fba	 200 0ms GET /json
[38;5;6m INFO[0m [04:04:48] 64a5210407de45b0a288cfc95d5b3bde	 200 0ms GET /json
[38;5;6m INFO[0m [04:04:48] 8198a0c3e0394bd392e802de3528db30	 200 0ms GET /json
[38;5;6m INFO[0m [04:04:48] 27b77abced9a4a31af72ee8489a21883	 200 0ms GET /json
[38;5;6m INFO[0m [04:04:48] 840e0cf4249b416cb11e724b41b83757	 200 0ms GET /json
[38;5;6m INFO[0m [04:04:48] 7d091ffc87e84e7891be9a2a26e97849	 200 0ms GET /json
[38;5;6m INFO[0m [04:04:48] 484d56826547446e92c580e8ab8e4522	 200 0ms GET /json
[38;5;6m INFO[0m [04:04:48] 5acc18b7f9b944d8960b9955c74f1e36	 200 0ms GET /json
[38;5;6m INFO[0m [04:04:48] a32c2d6ea1b042279db458fd9666635c	 200 0ms GET /json
[38;5;6m INFO[0m [04:04:48] f25f8af189b94991be18ed61f70f6244	 200 0ms GET /json
[38;5;6m INFO[0m [04:04:52] e18557a83f17485a81bbdd57993a6a03	 200 0ms GET /json
[38;5;6m INFO[0m [04:04:52] 95d6c093996946d893ad1d00e1e12b99	 200 0ms GET /json
[38;5;6m INFO[0m [04:04:52] c167fead3f924cab9c7a3d886f552c72	 200 0ms GET /json
[38;5;6m INFO[0m [04:04:52] 62a76dc093f44fba96018b14f6aab0af	 200 0ms GET /json
[38;5;6m INFO[0m [04:04:52] 4a37ea8fe2654b20815cddd8fcebe72e	 200 0ms GET /json
[38;5;6m INFO[0m [04:04:52] 4caddb4c481346ba88b725e0fc860188	 200 0ms GET /json
[38;5;6m INFO[0m [04:04:52] fceebcd9b6774695a5e513b83dfd083b	 200 0ms GET /json
[38;5;6m INFO[0m [04:04:52] 024094cd3830418f9db460c8a1354d79	 200 0ms GET /json
[38;5;6m INFO[0m [04:04:52] d38ff05200e8418ba088d18797ac6d88	 200 0ms GET /json
[38;5;6m INFO[0m [04:04:52] be6d55c4edb74253bff656ccb0deb04a	 200 0ms GET /json
[38;5;6m INFO[0m [04:04:52] de5a0d2057e34b57b31fe6559a47d085	 200 0ms GET /json
[38;5;6m INFO[0m [04:04:52] 65437b8812304265aae0e35011a9045e	 200 0ms GET /json
[38;5;6m INFO[0m [04:04:52] 604d51eca6ae49e2a8a123f77f308f8f	 200 0ms GET /json
[38;5;6m INFO[0m [04:04:52] ffa686360dc94dacb2ec1c6900cc6ab3	 200 0ms GET /json
[38;5;6m INFO[0m [04:04:52] 9c7d3b4beac1456293b738f70040ed28	 200 0ms GET /json
[38;5;6m INFO[0m [04:04:52] f655c8aec1f34208bf9719813b83c7a6	 200 0ms GET /json
[38;5;6m INFO[0m [04:04:52] 3ec306f9e12f4afcb20b700597909143	 200 0ms GET /json
[38;5;6m INFO[0m [04:04:52] 098a1127094540eca729ba90cae98f8b	 200 0ms GET /json
[38;5;6m INFO[0m [04:04:52] 37ec6d981eda431a90fe6dc8fa349190	 200 0ms GET /json
[38;5;6m INFO[0m [04:04:52] dd1c5d92a7bc4c788a0606e47add38df	 200 0ms GET /json
[38;5;6m INFO[0m [04:04:52] 35a942445cc341afa4ba57807b4f6595	 200 0ms GET /json
[38;5;6m INFO[0m [04:04:52] a113520feb244d36ac6cb21e578ea049	 200 0ms GET /json
[38;5;6m INFO[0m [04:04:52] 4503fcea7d424226be81e57675373348	 200 0ms GET /json
[38;5;6m INFO[0m [04:04:52] 614b1a9fcc574536923457113d7af61c	 200 0ms GET /json
[38;5;6m INFO[0m [04:04:52] 5c705f0680a44a03a944f9189e9a97ff	 200 0ms GET /json
[38;5;6m INFO[0m [04:04:52] cab93514946c4ecfbf491dc24dcbd6f7	 200 0ms GET /json
[38;5;6m INFO[0m [04:04:52] 2571b59add7d4f5caf5352b1b65df43f	 200 0ms GET /json
[38;5;6m INFO[0m [04:04:52] 206e4ff9717b4a42953533242c7f50cf	 200 0ms GET /json
[38;5;6m INFO[0m [04:04:52] a08ad1040b97470d895318a9249fbc9c	 200 0ms GET /json
[38;5;6m INFO[0m [04:04:52] d3537477e34849b685e75776417998ce	 200 0ms GET /json
[38;5;6m INFO[0m [04:04:52] 11aa4bc30e4749e8ac7c1185c1a4d169	 200 0ms GET /json
[38;5;6m INFO[0m [04:04:52] f08e9de2abe44a41af86996f92f0e1b6	 200 0ms GET /json
[38;5;6m INFO[0m [04:04:52] 6260934b35d24566aca1ca287ab3e4b4	 200 0ms GET /json
[38;5;6m INFO[0m [04:04:52] 8f6791ef615441748db0d8ff7b1a3d9d	 200 0ms GET /json
[38;5;6m INFO[0m [04:04:52] d14a3bdb6d15445183ef0aa7ba90f44f	 200 0ms GET /json
[38;5;6m INFO[0m [04:04:52] 4610c07d8c21453b83298a78fe77ce1e	 200 0ms GET /json
[38;5;6m INFO[0m [04:04:52] 1f81f44aba03422e96950f9cd0297d59	 200 0ms GET /json
[38;5;6m INFO[0m [04:04:52] 196196c5f8c94526914932126725334d	 200 0ms GET /json
[38;5;6m INFO[0m [04:04:52] b6d357c976044f069e3d4413204eb183	 200 0ms GET /json
[38;5;6m INFO[0m [04:04:52] fb8412cec68148f7bc421fcab22a033a	 200 0ms GET /json
[38;5;6m INFO[0m [04:04:52] 7f1e02c967a14a729ccff581c6783268	 200 0ms GET /json
[38;5;6m INFO[0m [04:04:52] dbc0bc34b1364b21b6301542bdaa7d3d	 200 0ms GET /json
[38;5;6m INFO[0m [04:04:52] b63dc9db892547048a35e357ba2105b5	 200 0ms GET /json
[38;5;6m INFO[0m [04:04:52] 3eb4604dd66c4820b89228752ee6bb92	 200 0ms GET /json
[38;5;6m INFO[0m [04:04:52] d0cff5b45983461683fea1123f2dc9b7	 200 0ms GET /json
[38;5;6m INFO[0m [04:04:52] 021958f9742d401cb7a0060fa35c140b	 200 0ms GET /json
[38;5;6m INFO[0m [04:04:52] b94ee5b8c9de46a69bcd3c08bdc5a3ba	 200 0ms GET /json
[38;5;6m INFO[0m [04:04:52] b9e0e266fb2348279685237701b2a43a	 200 0ms GET /json
[38;5;6m INFO[0m [04:04:52] c54613a29c274bbab5825d71ec3f118c	 200 0ms GET /json
[38;5;6m INFO[0m [04:04:52] a8197da672a840c7bffe75c04ff2c4fd	 200 0ms GET /json
[38;5;6m INFO[0m [04:04:52] 0c4e1baa9a9646b5876fe412d719ab3d	 200 0ms GET /json
[38;5;6m INFO[0m [04:04:52] cb7e7ba8eced4eefa4bfdf0c068a559a	 200 0ms GET /json
[38;5;6m INFO[0m [04:04:52] 64a39886a2b34749a74ba66c5fec0648	 200 0ms GET /json
[38;5;6m INFO[0m [04:04:52] 7b9aca9a5ec340eea5a0d4dd682f3560	 200 0ms GET /json
[38;5;6m INFO[0m [04:04:52] 786d881864cf455fb975f8e7bdf09e84	 200 0ms GET /json
[38;5;6m INFO[0m [04:04:52] 9f54f83e21904bb2b502c3892ee7d6bb	 200 0ms GET /json
[38;5;6m INFO[0m [04:04:52] 9d0abfd9439f43b78b887921d2c536ba	 200 0ms GET /json
[38;5;6m INFO[0m [04:04:52] c480d5457d7b4658be257ccb5eb050e5	 200 0ms GET /json
[38;5;6m INFO[0m [04:04:52] ef2139d0320549118a3dadf31118e2f6	 200 0ms GET /json
[38;5;6m INFO[0m [04:04:52] 068d84df850d4e09be12ba4df579d79f	 200 0ms GET /json
[38;5;6m INFO[0m [04:04:52] 124d26c7d9c34948b9b30edce887cf08	 200 0ms GET /json
[38;5;6m INFO[0m [04:04:52] f3a20e1b20f24b3dbc5730f8469c33ca	 200 0ms GET /json
[38;5;6m INFO[0m [04:04:52] 745a1ced5d1641c2acff73634fa480c3	 200 0ms GET /json
[38;5;6m INFO[0m [04:04:52] e388006877b54aa1ab5ccf807e8a4a1d	 200 0ms GET /json
[38;5;6m INFO[0m [04:04:52] 0c4f79ff77e04c6cba8e2ca721df0bc5	 200 0ms GET /json
[38;5;6m INFO[0m [04:04:52] 7bfbc6f86c854e1d89922ecc2146ce96	 200 0ms GET /json
[38;5;6m INFO[0m [04:04:52] 16690ef259f74f5db5a17e67cd959325	 200 0ms GET /json
[38;5;6m INFO[0m [04:04:52] 5a531cac2b95487db6d90f703a97988c	 200 0ms GET /json
[38;5;6m INFO[0m [04:04:52] b2581ecbf8cd4041bd07cace56ec9d05	 200 0ms GET /json
[38;5;6m INFO[0m [04:04:52] e88ae7c792904a7d9b07a851241e9030	 200 0ms GET /json
[38;5;6m INFO[0m [04:04:52] a16602654ee648cea5133bf54aad18f7	 200 0ms GET /json
[38;5;6m INFO[0m [04:04:52] 81797d2f31ad481f9f1abdefd7257815	 200 0ms GET /json
[38;5;6m INFO[0m [04:04:52] 67fb15d223694ef3890c65b50f290619	 200 0ms GET /json
[38;5;6m INFO[0m [04:04:52] ae59cb79352f4e4a980cbe0f598fb9f3	 200 0ms GET /json
[38;5;6m INFO[0m [04:04:52] f2659c95df60497cb60d566c29a4020e	 200 0ms GET /json
[38;5;6m INFO[0m [04:04:52] eaf3681f0d2c4711aa7f87896dc38518	 200 0ms GET /json
[38;5;6m INFO[0m [04:04:52] 854a4165b4944f379ea8b5119f2d0146	 200 0ms GET /json
[38;5;6m INFO[0m [04:04:52] 2875e0081f274b5b8df075bfbbed564e	 200 0ms GET /json
[38;5;6m INFO[0m [04:04:52] 779ebccd75474f9fa5628f43c02c675b	 200 0ms GET /json
[38;5;6m INFO[0m [04:04:52] 70acf59f540b4aca9a720cc064582a2a	 200 0ms GET /json
[38;5;6m INFO[0m [04:04:52] 7759e15dde774b409e6149a48438029f	 200 0ms GET /json
[38;5;6m INFO[0m [04:04:52] e10ab73992734c00b8d4bc968c3496c9	 200 0ms GET /json
[38;5;6m INFO[0m [04:04:52] fde3e2b8a35d4a89a0d010bd796c5182	 200 0ms GET /json
[38;5;6m INFO[0m [04:04:52] 623af9e0acca4b6699e5b3f1fb2ee618	 200 0ms GET /json
[38;5;6m INFO[0m [04:04:52] 537bfb82424a4425b399e41d16cf3ca6	 200 0ms GET /json
[38;5;6m INFO[0m [04:04:52] 3541748ed0d04efbac6064ac44e27827	 200 0ms GET /json
[38;5;6m INFO[0m [04:04:52] 370671c64566427f868b9fd1f7416f97	 200 0ms GET /json
[38;5;6m INFO[0m [04:04:52] ffcee5ea5f354dc5b999920f6707d70b	 200 0ms GET /json
[38;5;6m INFO[0m [04:04:52] ff217673abb64330bad594aab587615f	 200 0ms GET /json
[38;5;6m INFO[0m [04:04:52] 5959aa16dee6431eb762cc28023f6a70	 200 0ms GET /json
[38;5;6m INFO[0m [04:04:52] 0da32cbb773242479a4dc92458a8a3bd	 200 0ms GET /json
[38;5;6m INFO[0m [04:04:52] 149c44f9f3914203bfd549289a1cc4a7	 200 0ms GET /json
[38;5;6m INFO[0m [04:04:52] a28306a478364620aa46a654a407f6b0	 200 0ms GET /json
[38;5;6m INFO[0m [04:04:52] 96095227751d48f688c258d03743f215	 200 0ms GET /json
[38;5;6m INFO[0m [04:04:52] bccb6ef4d5754ddb8ff0e72d10a6b2bc	 200 0ms GET /json
[38;5;6m INFO[0m [04:04:52] 5773ec20e6f34a57a2552529dabc6bae	 200 0ms GET /json
[38;5;6m INFO[0m [04:04:52] e7b4b95e9e5045e884ae7b03db7bb7ab	 200 0ms GET /json
[38;5;6m INFO[0m [04:04:52] 4e784a0bc21145f29d6c58fa7c0623dc	 200 0ms GET /json
[38;5;6m INFO[0m [04:04:52] 4d28130b8afe4b28866e5611b9025020	 200 0ms GET /json
[38;5;6m INFO[0m [04:04:52] 1e4a0be13a114acdb8146a54dcaf8ffa	 200 0ms GET /json
[38;5;6m INFO[0m [04:04:52] fd856450fa454b1f85a7a89e3d128e1e	 200 0ms GET /json
[38;5;6m INFO[0m [04:04:52] d0d0a242019248fa81a392735a446ecb	 200 0ms GET /json
[38;5;6m INFO[0m [04:04:52] 67fde1c381da45bbb879fffd87de2cea	 200 0ms GET /json
[38;5;6m INFO[0m [04:04:52] 59a5d71c182f4b45bc0d25666a20ac60	 200 0ms GET /json
[38;5;6m INFO[0m [04:04:52] 22c43c7c9a2e4d71b0384b38742a909f	 200 0ms GET /json
[38;5;6m INFO[0m [04:04:52] 7df6ebb42a3948a3b5a1ca05e098d048	 200 0ms GET /json
[38;5;6m INFO[0m [04:04:52] e3b3d8f8676f457f969c1e7a284751c5	 200 0ms GET /json
[38;5;6m INFO[0m [04:04:52] 080c1398f1fc4f4689bd5f948b9056fb	 200 0ms GET /json
[38;5;6m INFO[0m [04:04:52] 0ab96c28179049cca7652ea529957022	 200 0ms GET /json
[38;5;6m INFO[0m [04:04:52] d5cc0a9eaf384095b8bd7f145190cdb8	 200 0ms GET /json
[38;5;6m INFO[0m [04:04:52] 89885b085665452d91f9c989c281c54a	 200 0ms GET /json
[38;5;6m INFO[0m [04:04:52] b01001a127d444709afb661fbf35423a	 200 0ms GET /json
[38;5;6m INFO[0m [04:04:52] 1d2e1dae99a4477eb15ea1b5998cb75d	 200 0ms GET /json
[38;5;6m INFO[0m [04:04:52] 3a555c3f9e654f3bb8b03a082f584e1c	 200 0ms GET /json
[38;5;6m INFO[0m [04:04:52] e198d32ce1814015a57e3ad0688bc8d2	 200 0ms GET /json
[38;5;6m INFO[0m [04:04:52] 39670a6e0b2748589094b4fbf320a403	 200 0ms GET /json
[38;5;6m INFO[0m [04:04:52] 4ba8e402c271403d960d61d07abcebdf	 200 0ms GET /json
[38;5;6m INFO[0m [04:04:52] b55c71e35698459f813353f689dcc83b	 200 0ms GET /json
[38;5;6m INFO[0m [04:04:52] 2b4b1a5a798b4c0c860d2632f4b5839c	 200 0ms GET /json
[38;5;6m INFO[0m [04:04:52] fe131ff74e0143bab2d5a70fa5f2f373	 200 0ms GET /json
[38;5;6m INFO[0m [04:04:52] 8563771dcfbd4d579739a0fac49422ea	 200 0ms GET /json
[38;5;6m INFO[0m [04:04:52] 52e6322225fc4ca4b7f69f7eb7902c43	 200 0ms GET /json
[38;5;6m INFO[0m [04:04:52] d793fc398bf042e2af5a9b3721284171	 200 0ms GET /json
[38;5;6m INFO[0m [04:04:52] b920dde2b5824415839976db8fbab9fc	 200 0ms GET /json
[38;5;6m INFO[0m [04:04:52] 5607cd0e0d33445bb4f79f595d2e05e4	 200 0ms GET /json
[38;5;6m INFO[0m [04:04:52] 2993157639414a95b8595064441a1515	 200 0ms GET /json
[38;5;6m INFO[0m [04:04:52] 8a93d6854aec42d5bb1e19f653a7e8a9	 200 0ms GET /json
[38;5;6m INFO[0m [04:04:52] 6cafe63eecab4bd3acec6d1df802473d	 200 0ms GET /json
[38;5;6m INFO[0m [04:04:52] 0b7eb12db89e4a5d93e8b3461fa109a8	 200 0ms GET /json
[38;5;6m INFO[0m [04:04:52] 3a4feb5d7d394eb6aaa6d2d85cf30310	 200 0ms GET /json
[38;5;6m INFO[0m [04:04:52] a3788db5a95e4d81a4d1c4c9d75d63b7	 200 0ms GET /json
[38;5;6m INFO[0m [04:04:52] ef1e658176a446fdbc207458b1761911	 200 0ms GET /json
[38;5;6m INFO[0m [04:04:52] 1876b9c9737048fe80426b1cad974573	 200 0ms GET /json
[38;5;6m INFO[0m [04:04:52] 9dea42fdcdfe47b3bc889b9cf768473d	 200 0ms GET /json
[38;5;6m INFO[0m [04:04:52] 87580a37c1224702aadc5c76b39bfc10	 200 0ms GET /json
[38;5;6m INFO[0m [04:04:52] 5517f15f9c5f4503a908bafde31337c0	 200 0ms GET /json
[38;5;6m INFO[0m [04:04:52] 61e80b3f58334567981a298692b8f939	 200 0ms GET /json
[38;5;6m INFO[0m [04:04:52] 300d0978feb94978b4e1d85991860bf0	 200 0ms GET /json
[38;5;6m INFO[0m [04:04:52] 5cd7c5be78704445bd4bee2bb75b67a4	 200 0ms GET /json
[38;5;6m INFO[0m [04:04:52] 91f7e086dd744725bbe5519f9889e53e	 200 0ms GET /json
[38;5;6m INFO[0m [04:04:52] 2ba33ac194f74cf39488f2391da7aeea	 200 0ms GET /json
[38;5;6m INFO[0m [04:04:52] 9c020dafa86a4d068d0e389f79fed06e	 200 0ms GET /json
[38;5;6m INFO[0m [04:04:52] b464c108cf34454d95caecdd69635cc4	 200 0ms GET /json
[38;5;6m INFO[0m [04:04:52] 42c7c918adc546c6a320cd1993e877c6	 200 0ms GET /json
[38;5;6m INFO[0m [04:04:52] 49932af5d47a4715b99cd8fecd0e060d	 200 0ms GET /json
[38;5;6m INFO[0m [04:04:52] 19e000d4cc004bffb298a043f0ea994c	 200 0ms GET /json
[38;5;6m INFO[0m [04:04:52] 83015f4699dc4b8e9e434b15553539cb	 200 0ms GET /json
[38;5;6m INFO[0m [04:04:52] d87c303a62af40e4bcefc6b049a63a48	 200 0ms GET /json
[38;5;6m INFO[0m [04:04:52] 0fb69b0bd79246a1b6893714c932b75a	 200 0ms GET /json
[38;5;6m INFO[0m [04:04:52] 325587d7a4994122a62c051167d2256c	 200 0ms GET /json
[38;5;6m INFO[0m [04:04:52] 37a16e8f7a1a45fb924eed980dd33835	 200 0ms GET /json
[38;5;6m INFO[0m [04:04:52] 7c7daa87804441809a50f17382d63f03	 200 0ms GET /json
[38;5;6m INFO[0m [04:04:52] 1f1750394b3d4fc093ccbc232eca8332	 200 0ms GET /json
[38;5;6m INFO[0m [04:04:52] b00c4cd1a83a4f9ea7a6ce59a7f9e62c	 200 0ms GET /json
[38;5;6m INFO[0m [04:04:52] 2d6667ffe1e0416cbc0aebc6572486e0	 200 0ms GET /json
[38;5;6m INFO[0m [04:04:52] efb3d883a0254fcc91eab2baad4e5900	 200 0ms GET /json
[38;5;6m INFO[0m [04:04:52] 32891adc0dbe4e22b11e05acdf7767a7	 200 0ms GET /json
[38;5;6m INFO[0m [04:04:52] e0d1fdba065242769d1ed56a8e2a2d36	 200 0ms GET /json
[38;5;6m INFO[0m [04:04:52] df9b328cdec14c6eb95630a2a02072ce	 200 0ms GET /json
[38;5;6m INFO[0m [04:04:52] 0d49faa79e104007af3fcb560169e153	 200 0ms GET /json
[38;5;6m INFO[0m [04:04:52] e0aff391c8c149309240dcf5497065bf	 200 0ms GET /json
[38;5;6m INFO[0m [04:04:52] 02a0b25bfcfc4aa496e745c3ebfceb19	 200 0ms GET /json
[38;5;6m INFO[0m [04:04:52] 9ddce3f01b144cca84fb2fd5961ace00	 200 0ms GET /json
[38;5;6m INFO[0m [04:04:52] 982559d24b5e4e14902735140936f9ec	 200 0ms GET /json
[38;5;6m INFO[0m [04:04:52] 92ea6a7b1e9e49949eb1e3effdc2523f	 200 0ms GET /json
[38;5;6m INFO[0m [04:04:52] 68002aed93464fe09a3ed2740c159575	 200 0ms GET /json
[38;5;6m INFO[0m [04:04:52] 1b2af1aaf07e464ca2e01a07248966f3	 200 0ms GET /json
[38;5;6m INFO[0m [04:04:52] 20d36940124343c3a5cf83b9a4cdc2a0	 200 0ms GET /json
[38;5;6m INFO[0m [04:04:52] 066dda2ed20c46bfbf14e99957c4159b	 200 0ms GET /json
[38;5;6m INFO[0m [04:04:52] ad96cf9a242748619bf75f19616b8913	 200 0ms GET /json
[38;5;6m INFO[0m [04:04:52] 09ad50d46674485da86a278d9337b2d6	 200 0ms GET /json
[38;5;6m INFO[0m [04:04:52] 38d572deb59b42e4b17a3c6fbacc2344	 200 0ms GET /json
[38;5;6m INFO[0m [04:04:52] fc35c5228b6442b7b51fbc5fea408ac5	 200 0ms GET /json
[38;5;6m INFO[0m [04:04:52] ffaec04a0ace462b8d70cec42c562da1	 200 0ms GET /json
[38;5;6m INFO[0m [04:04:52] 08d43237c7ec48f7832f89cff3e03656	 200 0ms GET /json
[38;5;6m INFO[0m [04:04:52] fa09e35d8b344705b0a8c42723389a0c	 200 0ms GET /json
[38;5;6m INFO[0m [04:04:52] 8877a6167a9c4b3cb16dc848d8bb7a5c	 200 0ms GET /json
[38;5;6m INFO[0m [04:04:52] d5af97a1fd214451b28b8998a63e9e83	 200 0ms GET /json
[38;5;6m INFO[0m [04:04:52] 094d9776e07e4738b06b6a52bcbe0b87	 200 0ms GET /json
[38;5;6m INFO[0m [04:04:52] dba52a733b19497ca62a0708921331f6	 200 0ms GET /json
[38;5;6m INFO[0m [04:04:52] 954ce73ec8934c038ac61c20cb462f32	 200 0ms GET /json
[38;5;6m INFO[0m [04:04:52] b4b15f3e07b946618a6dc5892110cc63	 200 0ms GET /json
[38;5;6m INFO[0m [04:04:52] 2094cba8ae2b4bd281b5e62c4c441bba	 200 0ms GET /json
[38;5;6m INFO[0m [04:04:52] eb204d164c174975aeb42d3a2a6e635f	 200 0ms GET /json
[38;5;6m INFO[0m [04:04:52] 02d53fa292394fee84d1a1dea58aa0f2	 200 0ms GET /json
[38;5;6m INFO[0m [04:04:52] 68b97815b0a74a7b9a64e766a879794a	 200 0ms GET /json
[38;5;6m INFO[0m [04:04:52] 58727d1cae9f4feebbc41e6b4f005dcf	 200 0ms GET /json
[38;5;6m INFO[0m [04:04:52] 4c48aaf0add04d76bb390a8fb8f9fca1	 200 0ms GET /json
[38;5;6m INFO[0m [04:04:52] d26fa87d0c5b4fb184a9ad6dbb736524	 200 0ms GET /json
[38;5;6m INFO[0m [04:04:52] 46e24e9036964d11b28793d95ec279ad	 200 0ms GET /json
[38;5;6m INFO[0m [04:04:52] 724baf9ef75b497f9b609719d9c54c79	 200 0ms GET /json
[38;5;6m INFO[0m [04:04:52] 9ae3b4c6eab3432f98dbd2c77b7a6bdf	 200 0ms GET /json
[38;5;6m INFO[0m [04:04:52] 1cbd0b3ed12144369ce25f85f9685976	 200 0ms GET /json
[38;5;6m INFO[0m [04:04:52] a88a8910c8514fc8bf7e0b739cde3ba7	 200 0ms GET /json
[38;5;6m INFO[0m [04:04:52] 2ae1a7f0100a4d3fbcd734dc08b81f30	 200 0ms GET /json
[38;5;6m INFO[0m [04:04:52] 17460d2bd76142078f18708ef61cd6d5	 200 0ms GET /json
[38;5;6m INFO[0m [04:04:52] 6ab3157b29c148278f942cf156691d8f	 200 0ms GET /json
[38;5;6m INFO[0m [04:04:52] 9e725cda73584597961c6611f17f0f98	 200 0ms GET /json
[38;5;6m INFO[0m [04:04:52] aff81fafc89d4f4a942265313ff8914e	 200 0ms GET /json
[38;5;6m INFO[0m [04:04:52] 15f56cf79009438d96bc5259e0b07a72	 200 0ms GET /json
[38;5;6m INFO[0m [04:04:54] 81d4201bd8c9409e91e4839a0940bc3e	 200 0ms GET /json
[38;5;6m INFO[0m [04:04:54] f520905525ed407ebb0c570d8a1e59d6	 200 0ms GET /json
[38;5;6m INFO[0m [04:04:54] 66cc07b3ab3349869f89a030d5e40579	 200 0ms GET /json
[38;5;6m INFO[0m [04:04:54] 8b6994ffa7dc4f79b5995960db04265c	 200 0ms GET /json
[38;5;6m INFO[0m [04:04:54] 26fb4aa5ee2041cd8b562e1b0474a6cd	 200 0ms GET /json
[38;5;6m INFO[0m [04:04:54] 733761c706c649ed94d59aff3840e0eb	 200 0ms GET /json
[38;5;6m INFO[0m [04:04:54] 60e7b637f82549d68ffd5f7be96f5947	 200 0ms GET /json
[38;5;6m INFO[0m [04:04:54] debdff339cad4f9286c68d8d123e4f2e	 200 0ms GET /json
[38;5;6m INFO[0m [04:04:54] 71ee40c9a9a84b4292d8660644ca43ae	 200 0ms GET /json
[38;5;6m INFO[0m [04:04:54] 448e3d71f2494a35b277b944dd707b28	 200 0ms GET /json
[38;5;6m INFO[0m [04:04:54] b087add54a564c1f94475ba32c6ddea0	 200 0ms GET /json
[38;5;6m INFO[0m [04:04:54] 9d6138fc12c04578964f82931a1ff526	 200 0ms GET /json
[38;5;6m INFO[0m [04:04:54] 75a3b2bb48374cc283eb0064e67ec159	 200 0ms GET /json
[38;5;6m INFO[0m [04:04:54] 6b11bd192c7d41d1b5687a7b4a19acfb	 200 0ms GET /json
[38;5;6m INFO[0m [04:04:54] e96d76fae2224be59e85b0f2bbb6ed14	 200 0ms GET /json
[38;5;6m INFO[0m [04:04:54] 9b4ec8f417364eba8ca2a4d288930bb2	 200 0ms GET /json
[38;5;6m INFO[0m [04:04:54] 1c282e2f087a4f0ba662e0a08201ae48	 200 0ms GET /json
[38;5;6m INFO[0m [04:04:54] 8cf73ee8404a4804becff434d93064f7	 200 0ms GET /json
[38;5;6m INFO[0m [04:04:54] b0e4906e7e01409e9164c8f9881016c8	 200 0ms GET /json
[38;5;6m INFO[0m [04:04:54] 41ee702158174ff1a9d4ab1852ee11eb	 200 0ms GET /json
[38;5;6m INFO[0m [04:04:54] 003fda540bc945b4a9a29d8217d10a66	 200 0ms GET /json
[38;5;6m INFO[0m [04:04:54] bbeea84ac01d46718565aa21fb8fa69e	 200 0ms GET /json
[38;5;6m INFO[0m [04:04:54] bb9d7bc08af84959b9e36d5a960e687e	 200 0ms GET /json
[38;5;6m INFO[0m [04:04:54] 292fa7c1980b4280a496356954408bad	 200 0ms GET /json
[38;5;6m INFO[0m [04:04:54] d0f6a1d5f83f4d07a7989f922fe477e3	 200 0ms GET /json
[38;5;6m INFO[0m [04:04:54] b247101550fe402baa27f2f0bd184282	 200 0ms GET /json
[38;5;6m INFO[0m [04:04:54] 406155366c9945c88f252642740fc54d	 200 0ms GET /json
[38;5;6m INFO[0m [04:04:54] 3d3f3db86b554269ae0559efe495d109	 200 0ms GET /json
[38;5;6m INFO[0m [04:04:54] 26cfaa44d3ea42499b66b38926e76dc5	 200 0ms GET /json
[38;5;6m INFO[0m [04:04:54] 1b2ac465650945f2a5f7e06e0fe796c4	 200 0ms GET /json
[38;5;6m INFO[0m [04:04:54] 90132630e2dc4b7eb3e30b3711570242	 200 0ms GET /json
[38;5;6m INFO[0m [04:04:54] 920dfa3fa1e048128bc26e00d03c944c	 200 0ms GET /json
[38;5;6m INFO[0m [04:04:54] adfe47f552724e30b95a21f479f37a55	 200 0ms GET /json
[38;5;6m INFO[0m [04:04:54] fe8cfc53a8c1465aa535a8435f282de5	 200 0ms GET /json
[38;5;6m INFO[0m [04:04:54] da08627b81064aab9cfb42b29acb214f	 200 0ms GET /json
[38;5;6m INFO[0m [04:04:54] 538238cb333c4978a1ae14089ca05e96	 200 0ms GET /json
[38;5;6m INFO[0m [04:04:54] ce2eaa6fc81246b78cb4cfdff99991f6	 200 0ms GET /json
[38;5;6m INFO[0m [04:04:54] ebd934014fca4a4981f3a94716af7ccc	 200 0ms GET /json
[38;5;6m INFO[0m [04:04:54] 059c6343079a41c1958a09a19379a3a9	 200 0ms GET /json
[38;5;6m INFO[0m [04:04:54] 7c97a45bc73e451d9fed122bd54bd4d7	 200 0ms GET /json
[38;5;6m INFO[0m [04:04:54] c093341611d14d229ee3fc73caa78402	 200 0ms GET /json
[38;5;6m INFO[0m [04:04:54] 1d76031279254d0badf0d2e886be81ed	 200 0ms GET /json
[38;5;6m INFO[0m [04:04:54] aa60e77f22b045e899db6e390db46c45	 200 0ms GET /json
[38;5;6m INFO[0m [04:04:54] 9956a6f4badc4bcbbce6b4d3e86afb8f	 200 0ms GET /json
[38;5;6m INFO[0m [04:04:54] a0c23a7c0e804e468937efd1e59dd0e0	 200 0ms GET /json
[38;5;6m INFO[0m [04:04:54] a383ead0d3864269b3e552c2b3afa61f	 200 0ms GET /json
[38;5;6m INFO[0m [04:04:54] 7a19d5ecb50d404a8154777917445d16	 200 0ms GET /json
[38;5;6m INFO[0m [04:04:54] f7930b3c7a1d48aebdc199731ad41b5f	 200 0ms GET /json
[38;5;6m INFO[0m [04:04:54] e476886ada854202a6b79a1b1749ef20	 200 0ms GET /json
[38;5;6m INFO[0m [04:04:54] 5638a9214edd4650951694efbd7a4efd	 200 0ms GET /json
[38;5;6m INFO[0m [04:04:54] 1eb856a5fcea4b9995c602b43fa81277	 200 0ms GET /json
[38;5;6m INFO[0m [04:04:54] 0ee9adef9bab4e46b2698f57f3ab84ad	 200 0ms GET /json
[38;5;6m INFO[0m [04:04:54] 686bf50f2c75414e879e093a446b1b79	 200 0ms GET /json
[38;5;6m INFO[0m [04:04:54] 848db5b0d113419781fc3926cc546fa4	 200 0ms GET /json
[38;5;6m INFO[0m [04:04:54] 3311c60ed66d499987986745bc6c982d	 200 0ms GET /json
[38;5;6m INFO[0m [04:04:54] e5a446c8f5824b8abfd98709ff34caa3	 200 0ms GET /json
[38;5;6m INFO[0m [04:04:54] 19a3240a6663456ea8d1503161ccfe7a	 200 0ms GET /json
[38;5;6m INFO[0m [04:04:54] 27412d78a565498ea824c0fad2864d10	 200 0ms GET /json
[38;5;6m INFO[0m [04:04:54] 221d45fa254643ca84b8bc7f41fa1526	 200 0ms GET /json
[38;5;6m INFO[0m [04:04:54] e02fd6cbbc444695bbfceebaed4f3613	 200 0ms GET /json
[38;5;6m INFO[0m [04:04:54] 5a0d7f46ad3e40bb872a920f39d6523a	 200 0ms GET /json
[38;5;6m INFO[0m [04:04:54] d861e4cf9eb24feabc40e752540e0b6c	 200 0ms GET /json
[38;5;6m INFO[0m [04:04:54] 5e4dfb891f514e91b4faa4b8cfbc2717	 200 0ms GET /json
[38;5;6m INFO[0m [04:04:54] 1737ca4006054cb7b62516b7c5ecdac1	 200 0ms GET /json
[38;5;6m INFO[0m [04:04:54] 9e58b3b1c1dd48af85c0cd2aab69c0b6	 200 0ms GET /json
[38;5;6m INFO[0m [04:04:54] 2295b0b1ee7347088cb7655eceda33e6	 200 0ms GET /json
[38;5;6m INFO[0m [04:04:54] 7c691cad9f4347e69fc003360a1bbd76	 200 0ms GET /json
[38;5;6m INFO[0m [04:04:54] ea100f0d59d84ea1902679e6fe662dd6	 200 0ms GET /json
[38;5;6m INFO[0m [04:04:54] f058ac4352dd434e8fb4720643015364	 200 0ms GET /json
[38;5;6m INFO[0m [04:04:54] de68c53f9f0a48aa95a0facb56a2525c	 200 0ms GET /json
[38;5;6m INFO[0m [04:04:54] ee315f31aa094f2390b28056f6555a15	 200 0ms GET /json
[38;5;6m INFO[0m [04:04:54] 1d287ba454eb4f3f856c6dba9f1e1db0	 200 0ms GET /json
[38;5;6m INFO[0m [04:04:54] 33617ab36f3c45bcb456cfd3a2f9230d	 200 0ms GET /json
[38;5;6m INFO[0m [04:04:54] d4e8fa54296340f896f776deb5fc5b11	 200 0ms GET /json
[38;5;6m INFO[0m [04:04:54] d2e961a9274849319d798ee3b2f09de5	 200 0ms GET /json
[38;5;6m INFO[0m [04:04:54] fe178279202d42c5a5f171c6a7b6126b	 200 0ms GET /json
[38;5;6m INFO[0m [04:04:54] 7f85f76a27ed463684c07ab6fd3c7134	 200 0ms GET /json
[38;5;6m INFO[0m [04:04:54] 9bcdbc1f8e4a4723b382238ee96ae206	 200 0ms GET /json
[38;5;6m INFO[0m [04:04:54] 305fcbf7a4bb49cd894ca0a9fbc20930	 200 0ms GET /json
[38;5;6m INFO[0m [04:04:54] 64e351c5a1e348f7b69b8ec94293a9ec	 200 0ms GET /json
[38;5;6m INFO[0m [04:04:54] 178a063f85784e75bb24ee32fc618155	 200 0ms GET /json
[38;5;6m INFO[0m [04:04:54] e17a24e10d63420dab17fdaed36e5672	 200 0ms GET /json
[38;5;6m INFO[0m [04:04:54] 204357521d2247498421f1553a45767a	 200 0ms GET /json
[38;5;6m INFO[0m [04:04:54] de38508ccbd64e9a8e8090f6608d8f1d	 200 0ms GET /json
[38;5;6m INFO[0m [04:04:54] 84f5caf1dc2849cb954ec7415b24a566	 200 0ms GET /json
[38;5;6m INFO[0m [04:04:54] 345b140e6d9f49c0bbb265d0e3b2c1d9	 200 0ms GET /json
[38;5;6m INFO[0m [04:04:54] 3cd6e630e8964d5089b2eccc6ff9d98a	 200 0ms GET /json
[38;5;6m INFO[0m [04:04:54] 3d2f30392aa24f72b55a3466429820a2	 200 0ms GET /json
[38;5;6m INFO[0m [04:04:54] cb1d466a4e094dc989cba5ec4efe934a	 200 0ms GET /json
[38;5;6m INFO[0m [04:04:54] 22429b689ebb4a038c3ee5f6f493374e	 200 0ms GET /json
[38;5;6m INFO[0m [04:04:54] b5a65dba14754d60a167eb5d023817c1	 200 0ms GET /json
[38;5;6m INFO[0m [04:04:54] aaa53d45fe15452492a6eb81e864c461	 200 0ms GET /json
[38;5;6m INFO[0m [04:04:54] 983c247e1c634c43a1ee1ea349edc94f	 200 0ms GET /json
[38;5;6m INFO[0m [04:04:54] e41f74b1e1654b4891ec279aeec6d90c	 200 0ms GET /json
[38;5;6m INFO[0m [04:04:54] ecb60885bd1448de8ea8e123f41a7d03	 200 0ms GET /json
[38;5;6m INFO[0m [04:04:54] 3ee510681de14c4f82b94c766e9a0199	 200 0ms GET /json
[38;5;6m INFO[0m [04:04:54] f235cbebc2294354abea4991db247f98	 200 0ms GET /json
[38;5;6m INFO[0m [04:04:54] af3b6bb515b149d3bbaa4ad4aa8987c6	 200 0ms GET /json
[38;5;6m INFO[0m [04:04:54] 9a7d6bf6270d4624b971666f5a6d5265	 200 0ms GET /json
[38;5;6m INFO[0m [04:04:54] f1d525b8fa4140ae8c2b2cabac7e98a4	 200 0ms GET /json
[38;5;6m INFO[0m [04:04:54] f456900b8c2d4f8aaf91d4b064593d60	 200 0ms GET /json
[38;5;6m INFO[0m [04:04:54] 00dcf053b9b24864b739078866c4d5ce	 200 0ms GET /json
[38;5;6m INFO[0m [04:04:54] 582cdb6238de433484373c889dc4cd77	 200 0ms GET /json
[38;5;6m INFO[0m [04:04:54] e17f9d1183b94f6fb062e77ca978388c	 200 0ms GET /json
[38;5;6m INFO[0m [04:04:54] e162c9b447064a9f82f2cd024c025e91	 200 0ms GET /json
[38;5;6m INFO[0m [04:04:54] 2a62e3c08999431eaf8841dcdac25915	 200 0ms GET /json
[38;5;6m INFO[0m [04:04:54] 7a5e266503ef4efda0337f1b49be6d39	 200 0ms GET /json
[38;5;6m INFO[0m [04:04:54] 596373758bb84ed7a5c8dd99c5bdf2f4	 200 0ms GET /json
[38;5;6m INFO[0m [04:04:54] 85450eef60154bb99b5260b795325375	 200 0ms GET /json
[38;5;6m INFO[0m [04:04:54] 881fa7ef55714f2194a7e94ba1aeb532	 200 0ms GET /json
[38;5;6m INFO[0m [04:04:54] 4d0a3e9a7a06433c98a07f3d0e3d83e2	 200 0ms GET /json
[38;5;6m INFO[0m [04:04:54] 7d2299525ad74d4e88e006412d899276	 200 0ms GET /json
[38;5;6m INFO[0m [04:04:54] 466cb77dde1048ca83dbeadbaa42442d	 200 0ms GET /json
[38;5;6m INFO[0m [04:04:54] 9db2498788fe4cada4c6e042a7c6bcfa	 200 0ms GET /json
[38;5;6m INFO[0m [04:04:54] 1b39d771bed94b469dfb085e369d1d3f	 200 0ms GET /json
[38;5;6m INFO[0m [04:04:54] be1470216b8645d5bdf86a2bdc7c8626	 200 0ms GET /json
[38;5;6m INFO[0m [04:04:54] db81025a438a407cbdd803c55e881601	 200 0ms GET /json
[38;5;6m INFO[0m [04:04:54] 8baa4135d44a4db987f0e7745c277c85	 200 0ms GET /json
[38;5;6m INFO[0m [04:04:54] 6f8b92060b44403a9fcd28bd2957c750	 200 0ms GET /json
[38;5;6m INFO[0m [04:04:54] 13013635060f4aa3a00c0b30fd3e555f	 200 0ms GET /json
[38;5;6m INFO[0m [04:04:54] b223b848c9e24ad681116867a2495ec1	 200 0ms GET /json
[38;5;6m INFO[0m [04:04:54] c1557ae80e764471ae27d4d5a8ce0530	 200 0ms GET /json
[38;5;6m INFO[0m [04:04:54] 6678b66bc685421ca3b2397b4afd2e70	 200 0ms GET /json
[38;5;6m INFO[0m [04:04:54] 2ba03a559d6241e097906d0f4fb94ed3	 200 0ms GET /json
[38;5;6m INFO[0m [04:04:54] 9ebedba94e074648869cc6be8b33bc85	 200 0ms GET /json
[38;5;6m INFO[0m [04:04:54] 0920338d9fd64f45b8ce094b9cc244d7	 200 0ms GET /json
[38;5;6m INFO[0m [04:04:54] 87447380f5ca40709a66837452ba5e77	 200 0ms GET /json
[38;5;6m INFO[0m [04:04:54] a2d3a4fe48104db994dc1a938282639b	 200 0ms GET /json
[38;5;6m INFO[0m [04:04:54] 0fc025c48d854a2eb11b8fc0581c185e	 200 0ms GET /json
[38;5;6m INFO[0m [04:04:54] 792876533376497099bcf01a80d6d670	 200 0ms GET /json
[38;5;6m INFO[0m [04:04:54] 5a637ae25b92461eb3326e61aee74ecd	 200 0ms GET /json
[38;5;6m INFO[0m [04:04:54] 297463d521b04253b5cab66b193d6674	 200 0ms GET /json
[38;5;6m INFO[0m [04:04:54] e06d6462544d4d21b0884ec2ba827dd2	 200 0ms GET /json
[38;5;6m INFO[0m [04:04:54] e684ff42d6694de0873aaea51c653d2b	 200 0ms GET /json
[38;5;6m INFO[0m [04:04:54] 9103a77a628c46c79866f40a0cd0c645	 200 0ms GET /json
[38;5;6m INFO[0m [04:04:54] 1c6c590a34c04a9ab90b266912a60597	 200 0ms GET /json
[38;5;6m INFO[0m [04:04:54] 27942e5a9b0f4ab89b352aa1aff5348d	 200 0ms GET /json
[38;5;6m INFO[0m [04:04:54] 1d9bf52e334e4f6eb23317026c12262c	 200 0ms GET /json
[38;5;6m INFO[0m [04:04:54] 1c43af30684a46649d8f1e1cb4a15acd	 200 0ms GET /json
[38;5;6m INFO[0m [04:04:54] bab30b8a4abc406ab281943896a5af44	 200 0ms GET /json
[38;5;6m INFO[0m [04:04:54] 63193960119f453ab3f5e183dce8faf8	 200 0ms GET /json
[38;5;6m INFO[0m [04:04:54] 0707cc34ce6649e5a8dea2f1c3dc396f	 200 0ms GET /json
[38;5;6m INFO[0m [04:04:54] aee00807dc234f5a816342e9e4adc9f9	 200 0ms GET /json
[38;5;6m INFO[0m [04:04:54] e037ff4aa3f347c5a0d5178738e03b64	 200 0ms GET /json
[38;5;6m INFO[0m [04:04:54] 5feb8ffab182456099cb1890d4d89742	 200 0ms GET /json
[38;5;6m INFO[0m [04:04:54] c6cfc227103f4e05a668dde581d574bd	 200 0ms GET /json
[38;5;6m INFO[0m [04:04:54] 5ad8d2befe96449595b7f0316cb06621	 200 0ms GET /json
[38;5;6m INFO[0m [04:04:54] f69b0f3ae3174fa5a11d6a5c18fddb87	 200 0ms GET /json
[38;5;6m INFO[0m [04:04:54] 1b61131cc0ae4755882c3a51620cad78	 200 0ms GET /json
[38;5;6m INFO[0m [04:04:54] fdaf1a22123940519615d39ee9598eec	 200 0ms GET /json
[38;5;6m INFO[0m [04:04:54] a6956eba20b743c08bd985f117378a87	 200 0ms GET /json
[38;5;6m INFO[0m [04:04:54] f65768be39774a4e8362e04d9caab4f3	 200 0ms GET /json
[38;5;6m INFO[0m [04:04:54] 658e2d8a71ee445887f10912f261d5bd	 200 0ms GET /json
[38;5;6m INFO[0m [04:04:54] acd1d973ee074132b26720d5642a79e0	 200 0ms GET /json
[38;5;6m INFO[0m [04:04:54] 918546c15b084d14a94d9c31f23a886c	 200 0ms GET /json
[38;5;6m INFO[0m [04:04:54] 2de13f741d19411f844b80713a226c41	 200 0ms GET /json
[38;5;6m INFO[0m [04:04:54] a0425025c7d34818be76dff57c6abb96	 200 0ms GET /json
[38;5;6m INFO[0m [04:04:54] 4b3281fe08a14b2899cd4ca3f223d8c3	 200 0ms GET /json
[38;5;6m INFO[0m [04:04:54] 1742c86fe1d3460da15f0648da2e2f8d	 200 0ms GET /json
[38;5;6m INFO[0m [04:04:54] 68dc3957ab3143d2ac47bb6d35666dcb	 200 0ms GET /json
[38;5;6m INFO[0m [04:04:54] 7efdc6f3bda545c696a63904bcd2d4c5	 200 0ms GET /json
[38;5;6m INFO[0m [04:04:54] f6c960c755e14508a08ec115d40edba6	 200 0ms GET /json
[38;5;6m INFO[0m [04:04:54] 19c1921e665a4a3bb228261d168ea8b0	 200 0ms GET /json
[38;5;6m INFO[0m [04:04:54] a795c38d6ecf4323a32ba00e2c523aba	 200 0ms GET /json
[38;5;6m INFO[0m [04:04:54] 78cc9881ffe94d25ba454017c1484c60	 200 0ms GET /json
[38;5;6m INFO[0m [04:04:54] 79ad3abfc2ff4f2297894be9a64047ba	 200 0ms GET /json
[38;5;6m INFO[0m [04:04:54] 554fb5c868a34fe5a98fda6dbe28b17c	 200 0ms GET /json
[38;5;6m INFO[0m [04:04:54] 6dae76ec21f74954a8b37689b3723a02	 200 0ms GET /json
[38;5;6m INFO[0m [04:04:54] 900077292f184697b40a747d935dc473	 200 0ms GET /json
[38;5;6m INFO[0m [04:04:54] 66c9f3e48936413a9fba6b9fee2d4f8b	 200 0ms GET /json
[38;5;6m INFO[0m [04:04:54] dd3323e567d0499aa6a02a18ef959009	 200 0ms GET /json
[38;5;6m INFO[0m [04:04:54] f4be5c224e064804868b049eb603ce15	 200 0ms GET /json
[38;5;6m INFO[0m [04:04:54] 056236e6bda04c7cab78ee18f77871f5	 200 0ms GET /json
[38;5;6m INFO[0m [04:04:54] 44d5f36c29884ba381f3a6885bafcac9	 200 0ms GET /json
[38;5;6m INFO[0m [04:04:54] 42909c67892c43ae9ba3a2236142f02d	 200 0ms GET /json
[38;5;6m INFO[0m [04:04:54] e7f5bf1011e648ca973b3f3e3f09c432	 200 0ms GET /json
[38;5;6m INFO[0m [04:04:54] 20aa210c348a43bb80c15b7235bed7ae	 200 0ms GET /json
[38;5;6m INFO[0m [04:04:54] 160a3d3e232c4e6ab5ef7395ab9f6664	 200 0ms GET /json
[38;5;6m INFO[0m [04:04:54] 573c4251725b43789317b033b9ad5053	 200 0ms GET /json
[38;5;6m INFO[0m [04:04:54] 62e497238f0d46d29c91a7080aa0d5f7	 200 0ms GET /json
[38;5;6m INFO[0m [04:04:54] 816e463492f04356a944a4f730b30a2b	 200 0ms GET /json
[38;5;6m INFO[0m [04:04:54] 3fcc6b098f434a8f89975e6537a8d9c6	 200 0ms GET /json
[38;5;6m INFO[0m [04:04:54] 3e1501c4bcea4b88a6565d3c4dba1c08	 200 0ms GET /json
[38;5;6m INFO[0m [04:04:54] a020552612cf41078ff991610225dc2f	 200 0ms GET /json
[38;5;6m INFO[0m [04:04:54] 960b9ce25b6d43329b830a696942391c	 200 0ms GET /json
[38;5;6m INFO[0m [04:04:54] 240f837746f7481ca75c711b1b1718c1	 200 0ms GET /json
[38;5;6m INFO[0m [04:04:54] 4b3bf2c44c164ab0bfdb9881f885353a	 200 0ms GET /json
[38;5;6m INFO[0m [04:04:54] b0fdce57df044f0688315511475ebe49	 200 0ms GET /json
[38;5;6m INFO[0m [04:04:54] 12b79b52bd0741eb8f0760fee6b1d0d1	 200 0ms GET /json
[38;5;6m INFO[0m [04:04:54] 44415edfe7d044be94e9d11b77654bb4	 200 0ms GET /json
[38;5;6m INFO[0m [04:04:54] 9d60fd16d6944c3b91c74133f17d9e16	 200 0ms GET /json
[38;5;6m INFO[0m [04:04:54] f2e6a7fb83f646d3aa994f0ab6c5ae38	 200 0ms GET /json
[38;5;6m INFO[0m [04:04:54] 9310c9f2d128427f99a4c1da8ba6ea27	 200 0ms GET /json
[38;5;6m INFO[0m [04:04:54] 0d21b3aecc02414b9689da8912f3d701	 200 0ms GET /json
[38;5;6m INFO[0m [04:04:54] 88f5eb745c5c4371b7769712f4eaf377	 200 0ms GET /json
[38;5;6m INFO[0m [04:04:54] b2963c24689048e78ef52a67fbaff8aa	 200 0ms GET /json
[38;5;6m INFO[0m [04:04:54] cd505863a96b447ab2f724400717f804	 200 0ms GET /json
[38;5;6m INFO[0m [04:04:54] 0c3f704f0105429bb811722216117428	 200 0ms GET /json
[38;5;6m INFO[0m [04:04:54] f46f226e4ef3463c9e2d0e17cdf294f4	 200 0ms GET /json
[38;5;6m INFO[0m [04:04:54] 774ca13b58a34c84a953e968e89b8fcf	 200 0ms GET /json
[38;5;6m INFO[0m [04:04:54] 1cfcec88aecc4f0a93599774096a1cc7	 200 0ms GET /json
[38;5;6m INFO[0m [04:04:54] 17e1e354ca204b57a9e8eb3e83f2c7fc	 200 0ms GET /json
[38;5;6m INFO[0m [04:04:54] c7ca32b32a2742c58e8298dcae6814cc	 200 0ms GET /json
[38;5;6m INFO[0m [04:04:54] 4bf2915137354402b8ebbd4c17e37394	 200 0ms GET /json
[38;5;6m INFO[0m [04:04:54] b4e42f51c6794dd2bf793be6b5477d77	 200 0ms GET /json
[38;5;6m INFO[0m [04:04:54] 404438f6ebd04cc4828db6d2cc596d30	 200 0ms GET /json
[38;5;6m INFO[0m [04:04:54] 6d5eea22fcd54c5e8e8dfbc25709d369	 200 0ms GET /json
[38;5;6m INFO[0m [04:04:54] 5a98b402452247b3a7fb7b7cd0918445	 200 0ms GET /json
[38;5;6m INFO[0m [04:04:54] c177a33d741f4cd19f89b39596add6e3	 200 0ms GET /json
[38;5;6m INFO[0m [04:04:54] 7bfc8a83fba248a0b3f5ecd22b4c4f1c	 200 0ms GET /json
[38;5;6m INFO[0m [04:04:54] 15fd155ffd4341e6a3cacd52166ad801	 200 0ms GET /json
[38;5;6m INFO[0m [04:04:54] 877bcf0d3efc4337b1832edd503a10e9	 200 0ms GET /json
[38;5;6m INFO[0m [04:04:54] e7cf790fec974aa09792bf562ce25c90	 200 0ms GET /json
[38;5;6m INFO[0m [04:04:54] f2a89007516f41ff96b755f1d59617d3	 200 0ms GET /json
[38;5;6m INFO[0m [04:04:54] 49fbcba765ff4f73b7c63cf4106360ed	 200 0ms GET /json
[38;5;6m INFO[0m [04:04:54] 91b0c4fbe6c841a49e53709819cbdfb4	 200 0ms GET /json
[38;5;6m INFO[0m [04:04:54] f088c8dc80744717b7df579a524da03f	 200 0ms GET /json
[38;5;6m INFO[0m [04:04:54] 221beadf4357455f9e724d949c80eefe	 200 0ms GET /json
[38;5;6m INFO[0m [04:04:54] 2d407de4a6534c70a2729443519222da	 200 0ms GET /json
[38;5;6m INFO[0m [04:04:54] dfb6edeb3c9449919511dd6ac1077915	 200 0ms GET /json
[38;5;6m INFO[0m [04:04:54] 9e5e121e96774109a654ed575b6eea03	 200 0ms GET /json
[38;5;6m INFO[0m [04:04:54] 64af3ce5435145ca9c7c6b78e8199946	 200 0ms GET /json
[38;5;6m INFO[0m [04:04:54] bdf3b62fadba4937838c8f23e73df241	 200 0ms GET /json
[38;5;6m INFO[0m [04:04:54] 6cb53e1af7c9451e976724804cdc8b3e	 200 0ms GET /json
[38;5;6m INFO[0m [04:04:54] 63b3a87346f4413a95dee51c3cc949de	 200 0ms GET /json
[38;5;6m INFO[0m [04:04:54] 97f9f6dcf1ba4bd9ac305cd2f995852b	 200 0ms GET /json
[38;5;6m INFO[0m [04:04:54] 7ec2533133fe4a5b8539f360b4c904fd	 200 0ms GET /json
[38;5;6m INFO[0m [04:04:54] 9fc8f61e0a114fb3869211d36ae213b7	 200 0ms GET /json
[38;5;6m INFO[0m [04:04:54] 686071815a7b431aa2e5d2efb9e7109d	 200 0ms GET /json
[38;5;6m INFO[0m [04:04:54] 7eb9fe7fe39d49b69021a845ba1c99c1	 200 0ms GET /json
[38;5;6m INFO[0m [04:04:54] 06e439d194494f27af48a5933f256ffa	 200 0ms GET /json
[38;5;6m INFO[0m [04:04:54] dfbb7132e8054b4db1427e31745aed09	 200 0ms GET /json
[38;5;6m INFO[0m [04:04:54] 87a1996ab4e1477babfc4ed702cdc65b	 200 0ms GET /json
[38;5;6m INFO[0m [04:04:54] bbf7418b43654044959f239c5e907ffa	 200 0ms GET /json
[38;5;6m INFO[0m [04:04:54] 9796e71194534d12a83c5f51ea271905	 200 0ms GET /json
[38;5;6m INFO[0m [04:04:54] 2561f122b45d4aab9088688049570cc8	 200 0ms GET /json
[38;5;6m INFO[0m [04:04:54] a57e91077c584096993f49ff75633fd6	 200 0ms GET /json
[38;5;6m INFO[0m [04:04:54] e05bbb8c6a8e4efab6dad6d544399ff9	 200 0ms GET /json
[38;5;6m INFO[0m [04:04:54] 4a6abc90acf5471f97fac74a5c220b60	 200 0ms GET /json
[38;5;6m INFO[0m [04:04:54] cd6f15b4ff234749979b3319e2848850	 200 0ms GET /json
[38;5;6m INFO[0m [04:04:54] e3462ab593ad4e25897401617fee86b8	 200 0ms GET /json
[38;5;6m INFO[0m [04:04:54] 9eafce7e5a2f4a7d835cd890543b1666	 200 0ms GET /json
[38;5;6m INFO[0m [04:04:54] 816c062523ec48908a34c45ac59718c3	 200 0ms GET /json
[38;5;6m INFO[0m [04:04:54] adef7e0b94134e79bd76a70420204fd2	 200 0ms GET /json
[38;5;6m INFO[0m [04:04:54] c2d3e5d4c6ea48f3afc55c4bb87dcea3	 200 0ms GET /json
[38;5;6m INFO[0m [04:04:54] 4da1de436bc8479b87a19a01d8948aaf	 200 0ms GET /json
[38;5;6m INFO[0m [04:04:54] e9ca343d5d774b3985029b6543f4e747	 200 0ms GET /json
[38;5;6m INFO[0m [04:04:54] a06009047f3642a5b6bce45c5f2bf7c4	 200 0ms GET /json
[38;5;6m INFO[0m [04:04:54] 5a07b12fccf6497bba71b5fcd87120c8	 200 0ms GET /json
[38;5;6m INFO[0m [04:04:54] 0c65c4914b6645519298f8b062ef0be1	 200 0ms GET /json
[38;5;6m INFO[0m [04:04:54] e54ddb8598a44ab9b421a38a39083028	 200 0ms GET /json
[38;5;6m INFO[0m [04:04:54] 32ccf2d8eb82447c86d425e62fce3c67	 200 0ms GET /json
[38;5;6m INFO[0m [04:04:54] d85b72d27dd147da8c97ccd7a7df2c62	 200 0ms GET /json
[38;5;6m INFO[0m [04:04:54] 0743a31728ae49138dc97feeb8b59dc0	 200 0ms GET /json
[38;5;6m INFO[0m [04:04:54] b14664eb08474dfcbf5adba4d42d631b	 200 0ms GET /json
[38;5;6m INFO[0m [04:04:54] 62f4c73475fd4f1db1a7e9e05772ccbb	 200 0ms GET /json
[38;5;6m INFO[0m [04:04:54] 62912193b42f4b098058c27c8b78e4b5	 200 0ms GET /json
[38;5;6m INFO[0m [04:04:54] f67fbe65a37e44d19414b0bd31399edc	 200 0ms GET /json
[38;5;6m INFO[0m [04:04:54] 46c2a3b782224443bd6bc3db2a7a2377	 200 0ms GET /json
[38;5;6m INFO[0m [04:04:54] 49355a6e369047b5ac619d2f0dec2e12	 200 0ms GET /json
[38;5;6m INFO[0m [04:04:54] f1d47b14cf01403fa4f6abd7b2a2d3ad	 200 0ms GET /json
[38;5;6m INFO[0m [04:04:54] 3d7db8118c8544b5975b1177cca44e94	 200 0ms GET /json
[38;5;6m INFO[0m [04:04:54] 966c7932725646ed83c3bf8055d0e912	 200 0ms GET /json
[38;5;6m INFO[0m [04:04:54] 6cd8afe9d8054a64b7ebbba84d768ef9	 200 0ms GET /json
[38;5;6m INFO[0m [04:04:54] 8a149d3029f54f408d81a1fb59fc8143	 200 0ms GET /json
[38;5;6m INFO[0m [04:04:54] e92cc8549232436a82e84b9c712a1bca	 200 0ms GET /json
[38;5;6m INFO[0m [04:04:54] d7e11abdb1d84912bd2233cac1c0acab	 200 0ms GET /json
[38;5;6m INFO[0m [04:04:54] fdd4e3c9404c4c5ca17abefc7ddc9052	 200 0ms GET /json
[38;5;6m INFO[0m [04:04:54] f1a04da5a03945d7bdfabe7f00992a92	 200 0ms GET /json
[38;5;6m INFO[0m [04:04:54] 383a24ed2cc3411aba6a809cf5408a44	 200 0ms GET /json
[38;5;6m INFO[0m [04:04:54] 363f1cdaf9aa46d8af810bcc7f0aca5b	 200 0ms GET /json
[38;5;6m INFO[0m [04:04:54] d008e34bf8334d82a6aaf5ca6e5fd406	 200 0ms GET /json
[38;5;6m INFO[0m [04:04:54] acd6e8abd2b3438ab7b971e5ba546642	 200 0ms GET /json
[38;5;6m INFO[0m [04:04:54] aae3cc3ca1fc41ccbdb015682077660d	 200 0ms GET /json
[38;5;6m INFO[0m [04:04:54] 0426cbd139ce4cffbaa3606428787b4c	 200 0ms GET /json
[38;5;6m INFO[0m [04:04:54] edf7530550354e2592353d75aa7ca798	 200 0ms GET /json
[38;5;6m INFO[0m [04:04:54] 362ddc650b8849ed95a76f6084f1d81a	 200 0ms GET /json
[38;5;6m INFO[0m [04:04:54] 894458516f624907b91b4671b9766068	 200 0ms GET /json
[38;5;6m INFO[0m [04:04:54] 5933f2625b364b44acd830649139024d	 200 0ms GET /json
[38;5;6m INFO[0m [04:04:54] d015482c4a2c43b1b74859401b210559	 200 0ms GET /json
[38;5;6m INFO[0m [04:04:54] d82b64b117fe41e1b0aee7dcb12fe678	 200 0ms GET /json
[38;5;6m INFO[0m [04:04:54] 203061eaf7a74547b23d8579f9c73679	 200 0ms GET /json
[38;5;6m INFO[0m [04:04:54] 63f5f93abce44d83a1c5fb73fbd9d048	 200 0ms GET /json
[38;5;6m INFO[0m [04:04:54] f874b7b44cb64a87a84c78369802f5e2	 200 0ms GET /json
[38;5;6m INFO[0m [04:04:54] a4b70503cfa34393a0fbb8b32769d29b	 200 0ms GET /json
[38;5;6m INFO[0m [04:04:54] 84ebaa47bcca42958af218bf729d7fcd	 200 0ms GET /json
[38;5;6m INFO[0m [04:04:54] fcdeccbb60854139a08d29f637fbda2d	 200 0ms GET /json
[38;5;6m INFO[0m [04:04:54] 68f5804fb20446a28697036c8f43fa52	 200 0ms GET /json
[38;5;6m INFO[0m [04:04:54] 412d98d09b6147c484cb4db9023d0909	 200 0ms GET /json
[38;5;6m INFO[0m [04:04:54] 65cd1b758e05448da6d42021e6d4385f	 200 0ms GET /json
[38;5;6m INFO[0m [04:04:54] a5f266d026ad4635aeaca691f2bb8597	 200 0ms GET /json
[38;5;6m INFO[0m [04:04:54] 7f7965a91c644c41a67ed135dacb4329	 200 0ms GET /json
[38;5;6m INFO[0m [04:04:54] 904bfd3b22504867bd1ca6aea0af2458	 200 0ms GET /json
[38;5;6m INFO[0m [04:04:54] 74aa3edc192f464184f9b18ba97dea65	 200 0ms GET /json
[38;5;6m INFO[0m [04:04:54] 8f6c5c8c1a774e748104a5340cba73b8	 200 0ms GET /json
[38;5;6m INFO[0m [04:04:54] 279a379bb6c749cbad2bd4fe54058c86	 200 0ms GET /json
[38;5;6m INFO[0m [04:04:54] 2def5534e9c94ad79599863851a1f75c	 200 0ms GET /json
[38;5;6m INFO[0m [04:04:54] 37c40d82643948cfbbc72f2532922f80	 200 0ms GET /json
[38;5;6m INFO[0m [04:04:54] 8ef9dc375db741a0b8755d61e7ebff76	 200 0ms GET /json
[38;5;6m INFO[0m [04:04:54] 92908dfc298a4ba6a11b11b2c10e6c5f	 200 0ms GET /json
[38;5;6m INFO[0m [04:04:56] 598d6d4d13674e0594ba168fb0cf76f5	 200 0ms GET /json
[38;5;6m INFO[0m [04:04:56] 82fc85dd8ed04ff49472dee681e24e5f	 200 0ms GET /json
[38;5;6m INFO[0m [04:04:56] ff8192c4931b407ab537befeb24fb81c	 200 0ms GET /json
[38;5;6m INFO[0m [04:04:56] e7ab292269924e3a961e77b7be3e271b	 200 0ms GET /json
[38;5;6m INFO[0m [04:04:56] 9adc7c83eaf24643ac56638c8aa75334	 200 0ms GET /json
[38;5;6m INFO[0m [04:04:56] 0125323c4bd0432d82cbb23a0ab3d604	 200 0ms GET /json
[38;5;6m INFO[0m [04:04:56] c885360ddaa44cd296a489f02092add3	 200 0ms GET /json
[38;5;6m INFO[0m [04:04:56] c2489ba57363425e9e12c7378ec41e7c	 200 0ms GET /json
[38;5;6m INFO[0m [04:04:56] 378daa1ac8764df29eaffe4118725b43	 200 0ms GET /json
[38;5;6m INFO[0m [04:04:56] 98aa82195bca489ba38fb196ab5bff35	 200 0ms GET /json
[38;5;6m INFO[0m [04:04:56] 3e2376b580804683a6494e4ea9ed1c91	 200 0ms GET /json
[38;5;6m INFO[0m [04:04:56] 44ab9f86803c47be926d0388e408b88a	 200 0ms GET /json
[38;5;6m INFO[0m [04:04:56] 7332d76adc824192b75aa31c3121ba4f	 200 0ms GET /json
[38;5;6m INFO[0m [04:04:56] 5f9875729c1b4a44b7735a07d03480ea	 200 0ms GET /json
[38;5;6m INFO[0m [04:04:56] d943e94f3dee4f7f8e018387fcd4fd04	 200 0ms GET /json
[38;5;6m INFO[0m [04:04:56] 9adb56ed695e40d3a6a821eb366bc305	 200 0ms GET /json
[38;5;6m INFO[0m [04:04:56] b8a55e945d1a4ede9be4bd4dbb2a7c74	 200 0ms GET /json
[38;5;6m INFO[0m [04:04:56] b5fd44117504434888744eca5c0217b3	 200 0ms GET /json
[38;5;6m INFO[0m [04:04:56] c1948412b9584a70b225fee6f527f5fd	 200 0ms GET /json
[38;5;6m INFO[0m [04:04:56] b34174465d36451e957860b8aa0f688e	 200 0ms GET /json
[38;5;6m INFO[0m [04:04:56] 22327dd6e60c4f1ab14b524b70e58e88	 200 0ms GET /json
[38;5;6m INFO[0m [04:04:56] 34d75e9f413e40ddbe28bbdca59bf73e	 200 0ms GET /json
[38;5;6m INFO[0m [04:04:56] 6bfa67e358f649179cd68b59f4883c13	 200 0ms GET /json
[38;5;6m INFO[0m [04:04:56] 79b0d937dca742aba4548c132bef3836	 200 0ms GET /json
[38;5;6m INFO[0m [04:04:56] 76e62bcb034c43a48fecac31d931a5d8	 200 0ms GET /json
[38;5;6m INFO[0m [04:04:56] 2d71bb194dc8492cb1862b064a983398	 200 0ms GET /json
[38;5;6m INFO[0m [04:04:56] 7f17fde8f37d4f7c9e5175f23b39a550	 200 0ms GET /json
[38;5;6m INFO[0m [04:04:56] 0a392de9963c49b6b92b56c9b6e06ed4	 200 0ms GET /json
[38;5;6m INFO[0m [04:04:56] c4d0036f277b49068c7c9ae305def0e7	 200 0ms GET /json
[38;5;6m INFO[0m [04:04:56] 4ec8912014454d81a3ae0fea2ed2d46f	 200 0ms GET /json
[38;5;6m INFO[0m [04:04:56] 23672a473fa0425dbeb56a52a30d6099	 200 0ms GET /json
[38;5;6m INFO[0m [04:04:56] a03f0d01a62d4461a6d62d018bb1db24	 200 0ms GET /json
[38;5;6m INFO[0m [04:04:56] 5b4c8fa29378434b903b02a792d71d8d	 200 0ms GET /json
[38;5;6m INFO[0m [04:04:56] f3165b5698f54e2ea4bd46f7caa8842c	 200 0ms GET /json
[38;5;6m INFO[0m [04:04:56] aa794dc3e877481a81af61f2b918406e	 200 0ms GET /json
[38;5;6m INFO[0m [04:04:56] 8d2c71b82d5c4d8c83aa495319062070	 200 0ms GET /json
[38;5;6m INFO[0m [04:04:56] 86db43e7b37742fa8744ee7a67737567	 200 0ms GET /json
[38;5;6m INFO[0m [04:04:56] eccccbf82f014ed5a9f28e051494c4b7	 200 0ms GET /json
[38;5;6m INFO[0m [04:04:56] 38775524266b4c688059d510d3be5f78	 200 0ms GET /json
[38;5;6m INFO[0m [04:04:56] 4548b38ebfae42da8f143b0f39a61e1d	 200 0ms GET /json
[38;5;6m INFO[0m [04:04:56] 1c43a190f4064944b2bb8b3238ad9e10	 200 0ms GET /json
[38;5;6m INFO[0m [04:04:56] 71a4e496eafa42b389687e0516ecf010	 200 0ms GET /json
[38;5;6m INFO[0m [04:04:56] ce745562685d4eb598b81339678dac44	 200 0ms GET /json
[38;5;6m INFO[0m [04:04:56] 7d1355154acf4c1abcf501f88ec6989f	 200 0ms GET /json
[38;5;6m INFO[0m [04:04:56] 35c604cb60ca4db3953b0d25eec41a27	 200 0ms GET /json
[38;5;6m INFO[0m [04:04:56] 40e2a462e9014b53b829c54b071f7240	 200 0ms GET /json
[38;5;6m INFO[0m [04:04:56] df99c39ff89a4b0dbfa5f4fb2f9e8006	 200 0ms GET /json
[38;5;6m INFO[0m [04:04:56] b82cc11b53584dd09286733d00731543	 200 0ms GET /json
[38;5;6m INFO[0m [04:04:56] 26c7f63a591c444c96b50b191a53fe3c	 200 0ms GET /json
[38;5;6m INFO[0m [04:04:56] 725a06e74b444f289ae5bfb73ae7cde4	 200 0ms GET /json
[38;5;6m INFO[0m [04:04:56] 50f4266bde8e480697ce5da0c1b8fc9f	 200 0ms GET /json
[38;5;6m INFO[0m [04:04:56] a2971906cc834454b8c7751858f4e9da	 200 0ms GET /json
[38;5;6m INFO[0m [04:04:56] 8d6b4411dfcb4ed78ee31a99e18a8c6a	 200 0ms GET /json
[38;5;6m INFO[0m [04:04:56] 45accb3201924d2aa2d3bdbea057eade	 200 0ms GET /json
[38;5;6m INFO[0m [04:04:56] 7160e5fa049d464b9229f51fe3327c3f	 200 0ms GET /json
[38;5;6m INFO[0m [04:04:56] 4b76e79415364945b3a91d53888b565a	 200 0ms GET /json
[38;5;6m INFO[0m [04:04:56] f8c9621f4c6d492ebc37182802a7af05	 200 0ms GET /json
[38;5;6m INFO[0m [04:04:56] 47a46df5ba434ebe92e2b34f810de37e	 200 0ms GET /json
[38;5;6m INFO[0m [04:04:56] 1da843b6db4a4345a13a6467fb52a20c	 200 0ms GET /json
[38;5;6m INFO[0m [04:04:56] 55b514d7b2c6454489b56d81f4e24637	 200 0ms GET /json
[38;5;6m INFO[0m [04:04:56] 948f050c6ab24a79b0d7a9532ccacedc	 200 0ms GET /json
[38;5;6m INFO[0m [04:04:56] b096da020ffe459d99911d44d395a4a6	 200 0ms GET /json
[38;5;6m INFO[0m [04:04:56] f9ca033de4d346758a35001f3a1df637	 200 0ms GET /json
[38;5;6m INFO[0m [04:04:56] 2c888a9855384c93b4442b9cc4b20b2d	 200 0ms GET /json
[38;5;6m INFO[0m [04:04:56] f7c8f981d7fd4c159e1bf9d56ab7ec66	 200 0ms GET /json
[38;5;6m INFO[0m [04:04:56] 14b7b91757774f7cb9110b269ce5f71e	 200 0ms GET /json
[38;5;6m INFO[0m [04:04:56] ba2a8664786c40f39e6676911ddccee4	 200 0ms GET /json
[38;5;6m INFO[0m [04:04:56] 24ff08c85f0b408f891022d1b16749fd	 200 0ms GET /json
[38;5;6m INFO[0m [04:04:56] 21c55fca58f049678947dfaaca959f78	 200 0ms GET /json
[38;5;6m INFO[0m [04:04:56] ba926330f75347fa9046462dec4a25e1	 200 0ms GET /json
[38;5;6m INFO[0m [04:04:56] 8518abd9dba44c8b9c40207d52ef58d1	 200 0ms GET /json
[38;5;6m INFO[0m [04:04:56] 9f53d664a1a4463e9cfdc821672c5b4d	 200 0ms GET /json
[38;5;6m INFO[0m [04:04:56] d2d5cbe4ba2f4711a159dbcef53b63d8	 200 0ms GET /json
[38;5;6m INFO[0m [04:04:56] d15fa0d8812a47baace705ff5a41c6d2	 200 0ms GET /json
[38;5;6m INFO[0m [04:04:56] 736e45b186554970bb1ecc8c797a5166	 200 0ms GET /json
[38;5;6m INFO[0m [04:04:56] 1717f34e881845c983dcbeaec98a043a	 200 0ms GET /json
[38;5;6m INFO[0m [04:04:56] 6e32fd1f07754fcc8d68e509cb01b2c2	 200 0ms GET /json
[38;5;6m INFO[0m [04:04:56] 70ddae50da9a4ffeb358e4326ff458bd	 200 0ms GET /json
[38;5;6m INFO[0m [04:04:56] e4bfd27ce0344b9abb4ec552614c1ef7	 200 0ms GET /json
[38;5;6m INFO[0m [04:04:56] ba8f8effa4664868bf90c16197321b31	 200 0ms GET /json
[38;5;6m INFO[0m [04:04:56] 8607d2ce294540b6aa36991b335f5414	 200 0ms GET /json
[38;5;6m INFO[0m [04:04:56] 237358f927804a4cbd1ce36e5c672f50	 200 0ms GET /json
[38;5;6m INFO[0m [04:04:56] 00d320ae8ba54e75aec6498403c16fe5	 200 0ms GET /json
[38;5;6m INFO[0m [04:04:56] 128f743f9b2443a7b2f33f477eb94324	 200 0ms GET /json
[38;5;6m INFO[0m [04:04:56] 9f5690ebf112435db80c30575d29e045	 200 0ms GET /json
[38;5;6m INFO[0m [04:04:56] 7a6685b604ba4b6383dfb9d4b4631b61	 200 0ms GET /json
[38;5;6m INFO[0m [04:04:56] 63c83eba618f4b36a5f2a07538da3594	 200 0ms GET /json
[38;5;6m INFO[0m [04:04:56] 887ff1ccea274833a3a5f3a74674b863	 200 0ms GET /json
[38;5;6m INFO[0m [04:04:56] b0def2f9ec5c4a34ba61caf926f5cd57	 200 0ms GET /json
[38;5;6m INFO[0m [04:04:56] 40abff9579c243f8ada5ab8140de4055	 200 0ms GET /json
[38;5;6m INFO[0m [04:04:56] 55102cd12e244ae495e73fc978568a16	 200 0ms GET /json
[38;5;6m INFO[0m [04:04:56] 1b2a5c331e17464f8d90bfffe7d49f0f	 200 0ms GET /json
[38;5;6m INFO[0m [04:04:56] c61ac94c39644d0983be19894fd23dd1	 200 0ms GET /json
[38;5;6m INFO[0m [04:04:56] 53aae5bb8ddf47ca8cd606677415fd62	 200 0ms GET /json
[38;5;6m INFO[0m [04:04:56] 3408ab81e20243009fd60e18d777dca7	 200 0ms GET /json
[38;5;6m INFO[0m [04:04:56] 218abbfb5f4a48289e2ab73d13066e41	 200 0ms GET /json
[38;5;6m INFO[0m [04:04:56] ce640089af74477283bc392563baf6dd	 200 0ms GET /json
[38;5;6m INFO[0m [04:04:56] d78a1511059a43609221a0d177894dfb	 200 0ms GET /json
[38;5;6m INFO[0m [04:04:56] 827594e0c11b421e8677c06b4853372d	 200 0ms GET /json
[38;5;6m INFO[0m [04:04:56] 78e789bc06de44f7bfdd6bed596131b1	 200 0ms GET /json
[38;5;6m INFO[0m [04:04:58] 8121aa31404f479e9921496358ad1e3e	 200 0ms GET /json
[38;5;6m INFO[0m [04:04:58] 3b895cc3662346a08bc82c1c0096ccd6	 200 0ms GET /json
[38;5;6m INFO[0m [04:04:58] 4c21ffc0906b461c931286ee7ebb0d5d	 200 0ms GET /json
[38;5;6m INFO[0m [04:04:58] d16864a2182549e7b4a0c2944efa90bd	 200 0ms GET /json
[38;5;6m INFO[0m [04:04:58] 4a9b27fbd0924dfdae2a6ee431754ac5	 200 0ms GET /json
[38;5;6m INFO[0m [04:04:58] 59fd0bcf4ced408abab2c1fe72a635d1	 200 0ms GET /json
[38;5;6m INFO[0m [04:04:58] 7c239a8328dd49908270bdae13fe8768	 200 0ms GET /json
[38;5;6m INFO[0m [04:04:58] e60e8f5af4e3490889c7ea8eb016a598	 200 0ms GET /json
[38;5;6m INFO[0m [04:04:58] 9e5cd86365b349139c131ec902fdc9f4	 200 0ms GET /json
[38;5;6m INFO[0m [04:04:58] 0861c73f0cf24dce9f9783e888927818	 200 0ms GET /json
[38;5;6m INFO[0m [04:04:58] 98c8c0e699ba447f9c4e00601322121a	 200 0ms GET /json
[38;5;6m INFO[0m [04:04:58] f97ddd4763bb4d3897ded7f59557cb11	 200 0ms GET /json
[38;5;6m INFO[0m [04:04:58] c54c7d3e741048979e1789f6784d681c	 200 0ms GET /json
[38;5;6m INFO[0m [04:04:58] 8ab70c3d7e174db2b70482a1719d3530	 200 0ms GET /json
[38;5;6m INFO[0m [04:04:58] 40d5816516b64f5cbc9a682d30f1a64a	 200 0ms GET /json
[38;5;6m INFO[0m [04:04:58] d26d593daa084abfb2423d081785fd7d	 200 0ms GET /json
[38;5;6m INFO[0m [04:04:58] 6f43b67f1a2b4c72a6c1dca1b0ab2b8e	 200 0ms GET /json
[38;5;6m INFO[0m [04:04:58] cfc91629e81443e7b1ecf3e1c534a890	 200 0ms GET /json
[38;5;6m INFO[0m [04:04:58] a0aef4ef231440a0bf0c83a9a67048de	 200 0ms GET /json
[38;5;6m INFO[0m [04:04:58] e8b86423729f42fbb15433ce5b54dd5a	 200 0ms GET /json
[38;5;6m INFO[0m [04:04:58] 93868b0b95fc46e08d5e60bbeec58321	 200 0ms GET /json
[38;5;6m INFO[0m [04:04:58] 44e2571d5e6d42a1b553ae3a3b67097d	 200 0ms GET /json
[38;5;6m INFO[0m [04:04:58] 6f9c41f18f7b4937940ee4d7770713fc	 200 0ms GET /json
[38;5;6m INFO[0m [04:04:58] 451f9af7139444faafa3c69e8f11c33c	 200 0ms GET /json
[38;5;6m INFO[0m [04:04:58] f9d151b84fb149f7a532178250203e1d	 200 0ms GET /json
[38;5;6m INFO[0m [04:04:58] 77484b53622f4eb6ba24faef7b0dbad4	 200 0ms GET /json
[38;5;6m INFO[0m [04:04:58] f25e3442fb9b4588902e05d01a5466ca	 200 0ms GET /json
[38;5;6m INFO[0m [04:04:58] 7b3419a088dd4914a9b30cdc5c3a69ee	 200 0ms GET /json
[38;5;6m INFO[0m [04:04:58] 25ca182216ca431abb4bd71b9d1dd67c	 200 0ms GET /json
[38;5;6m INFO[0m [04:04:58] afa006552e634620a20a97d1130a0350	 200 0ms GET /json
[38;5;6m INFO[0m [04:04:58] c8aa8fa0ac8d426f9e705f0881eb7158	 200 0ms GET /json
[38;5;6m INFO[0m [04:04:58] 70c568b06d254213b05fd710f635273a	 200 0ms GET /json
[38;5;6m INFO[0m [04:04:58] ccfb28d20ad8486c9cc288bff8157b68	 200 0ms GET /json
[38;5;6m INFO[0m [04:04:58] ae10e23f12ec48b9ba48bcac5cdab6ca	 200 0ms GET /json
[38;5;6m INFO[0m [04:04:58] c3569b627ea44eefa04e23087d1f97bb	 200 0ms GET /json
[38;5;6m INFO[0m [04:04:58] a80eb6337b574874bc71b14208c493f0	 200 0ms GET /json
[38;5;6m INFO[0m [04:04:58] 698736a9b9434ffbb3456f7cd3035947	 200 0ms GET /json
[38;5;6m INFO[0m [04:04:58] d9b6450f91e44361b31cae2126b85a2d	 200 0ms GET /json
[38;5;6m INFO[0m [04:04:58] bdd85f3d8db64b458f24effc77d2d3b3	 200 0ms GET /json
[38;5;6m INFO[0m [04:04:58] d2635c4ae7744e56a6fff022784fdd25	 200 0ms GET /json
[38;5;6m INFO[0m [04:04:58] 16420b16250245ada17471d30ef903a2	 200 0ms GET /json
[38;5;6m INFO[0m [04:04:58] db5381a756034c6cbe26fd9efa5e10ac	 200 0ms GET /json
[38;5;6m INFO[0m [04:04:58] 8e63b69c920542cba4710605a7ef5d90	 200 0ms GET /json
[38;5;6m INFO[0m [04:04:58] a95c6c5e9b314e0c82a1dfe6b38453dc	 200 0ms GET /json
[38;5;6m INFO[0m [04:04:58] ffb33b3fc72443c48524847c1d1aa65e	 200 0ms GET /json
[38;5;6m INFO[0m [04:04:58] c16d44ffd84a42c68b86d8be5b17cc99	 200 0ms GET /json
[38;5;6m INFO[0m [04:04:58] e261905d82194923b114b594f5ea1441	 200 0ms GET /json
[38;5;6m INFO[0m [04:04:58] e5d9a973efd34f9a8d6b1e229a69f7fb	 200 0ms GET /json
[38;5;6m INFO[0m [04:04:58] 63f8d1964d1b4d94b48243e330dae2be	 200 0ms GET /json
[38;5;6m INFO[0m [04:04:58] f1c8d69e7b984a64bdc5e815506519d2	 200 0ms GET /json
[38;5;6m INFO[0m [04:04:58] c2a26ebbf54d458c8928fb6492667899	 200 0ms GET /json
[38;5;6m INFO[0m [04:04:58] e08f58edf316434abe456e9e2300f214	 200 0ms GET /json
[38;5;6m INFO[0m [04:04:58] 61585b3f297f45f5a2e6fc18dfb6fb7e	 200 0ms GET /json
[38;5;6m INFO[0m [04:04:58] af467cdabc934a3aafa56c114b0ae7cf	 200 0ms GET /json
[38;5;6m INFO[0m [04:04:58] e103498221a746078bf0602f50ff5ef0	 200 0ms GET /json
[38;5;6m INFO[0m [04:04:58] 51ebe388298a4fe98d9be0c65cac26d6	 200 0ms GET /json
[38;5;6m INFO[0m [04:04:58] 021a126857cf4de4b46fd6df4559d788	 200 0ms GET /json
[38;5;6m INFO[0m [04:04:58] 5f0fb538486d4d43a8a8517ff64179e4	 200 0ms GET /json
[38;5;6m INFO[0m [04:04:58] 6c7ff85c907f4c5eb14f303e12863dd2	 200 0ms GET /json
[38;5;6m INFO[0m [04:04:58] 6e7bd67ffcea4df2ad7fa5ae4c86bb48	 200 0ms GET /json
[38;5;6m INFO[0m [04:04:58] e31f4f677a5e44b89f80e7bafc603bd1	 200 0ms GET /json
[38;5;6m INFO[0m [04:04:58] d07d0c49ab1f429d8b9baf11ac862f9f	 200 0ms GET /json
[38;5;6m INFO[0m [04:04:58] 7c777e521da34dea8c145f89894f75dc	 200 0ms GET /json
[38;5;6m INFO[0m [04:04:58] f05f456354bd47a19297d3ad69cc4981	 200 0ms GET /json
[38;5;6m INFO[0m [04:04:58] 26d08b40352d4da3a4727f636f7ba778	 200 0ms GET /json
[38;5;6m INFO[0m [04:04:58] 0079ffad4a4e4ca39ff8ad75aeacb731	 200 0ms GET /json
[38;5;6m INFO[0m [04:04:58] 6a49abfa9f024db1a889825daaeeb91b	 200 0ms GET /json
[38;5;6m INFO[0m [04:04:58] 8cf1d1c85ad64a5e97ed4114bf81227f	 200 0ms GET /json
[38;5;6m INFO[0m [04:04:58] 54e620bc0b564f56a4fc7a4ac1b5421b	 200 0ms GET /json
[38;5;6m INFO[0m [04:04:58] bca7e6144f77432f9d6dc7304f1e960c	 200 0ms GET /json
[38;5;6m INFO[0m [04:04:58] ac3fd45d205743c18ab484e2d5d032d0	 200 0ms GET /json
[38;5;6m INFO[0m [04:04:58] f8418f7c951148f9a6f5aa19a081086d	 200 0ms GET /json
[38;5;6m INFO[0m [04:04:58] beeffe10e396408eb7083c2799769d2f	 200 0ms GET /json
[38;5;6m INFO[0m [04:04:58] c071f08e8d9246eb9f652c2b4e193e84	 200 0ms GET /json
[38;5;6m INFO[0m [04:04:58] 82b4daa433bf4b6bb798de519e971be8	 200 0ms GET /json
[38;5;6m INFO[0m [04:04:58] ec4e987f886c4c9e94e4703db11c1de7	 200 0ms GET /json
[38;5;6m INFO[0m [04:04:58] 5867c26f73c0404c9f5165471a115d73	 200 0ms GET /json
[38;5;6m INFO[0m [04:04:58] e94b629a5af04707820a1c76b00e18e9	 200 0ms GET /json
[38;5;6m INFO[0m [04:04:58] 435b40a2518c4e689b63c8f1ebf93ddd	 200 0ms GET /json
[38;5;6m INFO[0m [04:04:58] 70c3bbd70bc440b19a58505e92682e83	 200 0ms GET /json
[38;5;6m INFO[0m [04:04:58] 31f87d0f8c39417dbbebd5aa98db00d2	 200 0ms GET /json
[38;5;6m INFO[0m [04:04:58] eb489cb355e04f8db09c95e662853685	 200 0ms GET /json
[38;5;6m INFO[0m [04:04:58] e2a0a62627784263afd32979f3d28516	 200 0ms GET /json
[38;5;6m INFO[0m [04:04:58] fc8e6a4d25974923893f8f8006261e0f	 200 0ms GET /json
[38;5;6m INFO[0m [04:04:58] 0976ff6cc4f7437cb988840367f6d041	 200 0ms GET /json
[38;5;6m INFO[0m [04:04:58] 1ea8c0b663684376b03ea1daafa34584	 200 0ms GET /json
[38;5;6m INFO[0m [04:04:58] 079cc03675814566877585afc6b45bf9	 200 0ms GET /json
[38;5;6m INFO[0m [04:04:58] 2780d37144774ba48dc30ea30e3d9dd2	 200 0ms GET /json
[38;5;6m INFO[0m [04:04:58] 822d9d03b9d54f2e868a8912d4461cc6	 200 0ms GET /json
[38;5;6m INFO[0m [04:04:58] 3b8515c4ab4f4f2d86531fcd603ca319	 200 0ms GET /json
[38;5;6m INFO[0m [04:04:58] c9ca45ecdb8e4ff9851289e83bd0df8d	 200 0ms GET /json
[38;5;6m INFO[0m [04:04:58] 65f81e06830043b2b8ae17ce24a82c72	 200 0ms GET /json
[38;5;6m INFO[0m [04:04:58] d08ccd245cfd4e3c954d994c213b66a4	 200 0ms GET /json
[38;5;6m INFO[0m [04:04:58] eab97078023e407f85d5baa4c908b65c	 200 0ms GET /json
[38;5;6m INFO[0m [04:04:58] 40fc0c426b6a4ec8a2f86ef8074d4ab1	 200 0ms GET /json
[38;5;6m INFO[0m [04:04:58] b30257758fb34a68ac9bbbeb7c6254e5	 200 0ms GET /json
[38;5;6m INFO[0m [04:04:58] a2e6a7e3882c45b4a30cc86bfbdb800c	 200 0ms GET /json
[38;5;6m INFO[0m [04:04:58] aedea920c3de4d93ba7b3751f9c6659e	 200 0ms GET /json
[38;5;6m INFO[0m [04:04:58] 42be5f4c033341d3af1dd86d3ca82697	 200 0ms GET /json
[38;5;6m INFO[0m [04:04:58] cb692573b6cd4a48b5c94ad07cf9d1d2	 200 0ms GET /json
[38;5;6m INFO[0m [04:04:58] 7d1d829ced1d49ab8daf9c6ffcadda7b	 200 0ms GET /json
[38;5;6m INFO[0m [04:04:58] c79b23c3ace34ea394d498c0ebd0ffd7	 200 0ms GET /json
[38;5;6m INFO[0m [04:04:58] 63a05e8a262544f2afcac294a651026c	 200 0ms GET /json
[38;5;6m INFO[0m [04:04:58] 87741354289b4a538f92715ca4eb38d3	 200 0ms GET /json
[38;5;6m INFO[0m [04:04:58] 9866d5f461924f699210f5ce9b3af896	 200 0ms GET /json
[38;5;6m INFO[0m [04:04:58] 8f806badec254557961cacf5efed313c	 200 0ms GET /json
[38;5;6m INFO[0m [04:04:58] 31d87f29f73244dc91ef652e8f5ddc83	 200 0ms GET /json
[38;5;6m INFO[0m [04:04:58] 9b73cebc7edb4b1794628f7bf18df23b	 200 0ms GET /json
[38;5;6m INFO[0m [04:04:58] 078520c313e84de6ae154e6e2bc788ea	 200 0ms GET /json
[38;5;6m INFO[0m [04:04:58] 968b099ad9f94f2ea354f2e539decd49	 200 0ms GET /json
[38;5;6m INFO[0m [04:04:58] 2a667681ebac4d1aa3feda2bbffe4282	 200 0ms GET /json
[38;5;6m INFO[0m [04:04:58] f91f771711e24824aa2c93c3bc0dd012	 200 0ms GET /json
[38;5;6m INFO[0m [04:04:58] 8f50de177e134ae68ae0931d9e919a33	 200 0ms GET /json
[38;5;6m INFO[0m [04:04:58] bfc15d8fb19146ee8cd49aeee8d397f4	 200 0ms GET /json
[38;5;6m INFO[0m [04:04:58] 24116232b6b34251837b811aa3f8e61e	 200 0ms GET /json
[38;5;6m INFO[0m [04:04:58] 527727a745c34f87954706dd241053a2	 200 0ms GET /json
[38;5;6m INFO[0m [04:04:58] 05a2c21b7fca4ad9913f66b410a90bd1	 200 0ms GET /json
[38;5;6m INFO[0m [04:04:58] 07aac507f531474aa3ea677afd1f4a8a	 200 0ms GET /json
[38;5;6m INFO[0m [04:04:58] 8aabb23b738d43888d2b79bc52bcc05b	 200 0ms GET /json
[38;5;6m INFO[0m [04:04:58] 35ffe980c5614b629972038b2b64abd6	 200 0ms GET /json
[38;5;6m INFO[0m [04:04:58] 6b7da3b388ce4bcc913d3dc697dfabe9	 200 0ms GET /json
[38;5;6m INFO[0m [04:04:58] 9e3f47d816f44c0dad9d4df5a1495f81	 200 0ms GET /json
[38;5;6m INFO[0m [04:04:58] c96c1b30bf9a4593b6db3365527cf92e	 200 0ms GET /json
[38;5;6m INFO[0m [04:04:58] 1cdd6b2675864bf395a1ac96c2689d55	 200 0ms GET /json
[38;5;6m INFO[0m [04:04:58] 65768e4f805a4d4ab26939712b833c00	 200 0ms GET /json
[38;5;6m INFO[0m [04:04:58] 8ff9424542f448debd324973369ee2cd	 200 0ms GET /json
[38;5;6m INFO[0m [04:04:58] 47a2b3092048439f9beedc488b59ddd0	 200 0ms GET /json
[38;5;6m INFO[0m [04:04:58] 4c1aa5b9dcd64be79af788d1c25fc3c5	 200 0ms GET /json
[38;5;6m INFO[0m [04:04:58] e36c3e989d49463788481ac6a4879f39	 200 0ms GET /json
[38;5;6m INFO[0m [04:04:58] a7b658264f94471fa82599908b3670e0	 200 0ms GET /json
[38;5;6m INFO[0m [04:04:58] ef45846463484fe28999e1789d19573a	 200 0ms GET /json
[38;5;6m INFO[0m [04:04:58] 608d8f84ffb44a83b9a0f90e39c14d74	 200 0ms GET /json
[38;5;6m INFO[0m [04:04:58] 66c586078fc8483baa43c4411788c1ef	 200 0ms GET /json
[38;5;6m INFO[0m [04:04:58] de66e6eca26043c284a8ae2283285da3	 200 0ms GET /json
[38;5;6m INFO[0m [04:04:58] 49afc18ab64b4834ba44b30f882bc3df	 200 0ms GET /json
[38;5;6m INFO[0m [04:04:58] 96b28f3a4c82444e8741edacdc68ef46	 200 0ms GET /json
[38;5;6m INFO[0m [04:04:58] 480385d4c5bb4a0aba199663274ca91a	 200 0ms GET /json
[38;5;6m INFO[0m [04:04:58] e313c67082bb43f8837ebf48548e5dd0	 200 0ms GET /json
[38;5;6m INFO[0m [04:04:58] 9f0bdfdcc693428ba2611ebb66ce244d	 200 0ms GET /json
[38;5;6m INFO[0m [04:04:58] 5b88202a3e3d4a769c58c1fdb5043f3f	 200 0ms GET /json
[38;5;6m INFO[0m [04:04:58] aafd00c6a96944d6b0d89cb76c9ef25b	 200 0ms GET /json
[38;5;6m INFO[0m [04:04:58] ec30df7ef1b34fe18a42e4415bd658b0	 200 0ms GET /json
[38;5;6m INFO[0m [04:04:58] 2d99439179e14c499720c219434aabf0	 200 0ms GET /json
[38;5;6m INFO[0m [04:04:58] 56cafc8f9fed42299e3caccc6d8e7061	 200 0ms GET /json
[38;5;6m INFO[0m [04:04:58] 559daafb96064c51b04691d741a96630	 200 0ms GET /json
[38;5;6m INFO[0m [04:04:58] 430f54f5aaa94821a793c854d8f3b5f0	 200 0ms GET /json
[38;5;6m INFO[0m [04:04:58] 681da33e10b5441fb2135c1462d7e7d8	 200 0ms GET /json
[38;5;6m INFO[0m [04:04:58] ac0df84a643b4faea6d3d32ae33203a2	 200 0ms GET /json
[38;5;6m INFO[0m [04:04:58] bb52cc4a4e014e479f7e888153ee6ad2	 200 0ms GET /json
[38;5;6m INFO[0m [04:04:58] 703eb3a487fb4e1a9c7835d94510d628	 200 0ms GET /json
[38;5;6m INFO[0m [04:04:58] 014c6d5bca81427d83b56d6e0f7789c3	 200 0ms GET /json
[38;5;6m INFO[0m [04:04:58] cb735609ff7f499e9fe080976061355f	 200 0ms GET /json
[38;5;6m INFO[0m [04:04:58] 6340a44481d8447ca8abea5a43bc5ba2	 200 0ms GET /json
[38;5;6m INFO[0m [04:04:58] 6e9808f01f7040ca8eb4523877cace2a	 200 0ms GET /json
[38;5;6m INFO[0m [04:04:58] b9fcc9686be2484189e7ca9bc0455d37	 200 0ms GET /json
[38;5;6m INFO[0m [04:04:58] 5ab01dc38de94f399de7e22de5603f6c	 200 0ms GET /json
[38;5;6m INFO[0m [04:04:58] 1b043d62a4d84c0fba46717d1b178060	 200 0ms GET /json
[38;5;6m INFO[0m [04:04:58] bbc90328123d497f892f4b0c733dc6f3	 200 0ms GET /json
[38;5;6m INFO[0m [04:04:58] c706e773017d45fe8e1f7584298f7631	 200 0ms GET /json
[38;5;6m INFO[0m [04:04:58] 940d446ed10c42498ce5f6914e2e1a33	 200 0ms GET /json
[38;5;6m INFO[0m [04:04:58] 42d9ebb1ab3d4deeaae5c2e38a7c3cbe	 200 0ms GET /json
[38;5;6m INFO[0m [04:04:58] 1b702c63efa64a288b5eb48944ae4b85	 200 0ms GET /json
[38;5;6m INFO[0m [04:04:58] 7c1bc80bec5b490ca6e851a2a0b98a09	 200 0ms GET /json
[38;5;6m INFO[0m [04:04:58] 7cf737e503de4105a5bb9de365f02c44	 200 0ms GET /json
[38;5;6m INFO[0m [04:04:58] f3d805232ae04643bcec9cdf2e5123b6	 200 0ms GET /json
[38;5;6m INFO[0m [04:04:58] 028b62ba6c12422d9eac9d4fc371c4b4	 200 0ms GET /json
[38;5;6m INFO[0m [04:04:58] 434d4a86ad8b4c48abab642510752a80	 200 0ms GET /json
[38;5;6m INFO[0m [04:04:58] df1a986db3a14374b146d6d79dc3ed41	 200 0ms GET /json
[38;5;6m INFO[0m [04:04:58] 409ababe9112496d8172500f0e462922	 200 0ms GET /json
[38;5;6m INFO[0m [04:04:58] 4693869237a4432a8c3ac06150f57044	 200 0ms GET /json
[38;5;6m INFO[0m [04:04:58] b5570ae12f2c483bbfcb25c735ea1ed1	 200 0ms GET /json
[38;5;6m INFO[0m [04:04:58] 5a67da871665401f879e0cdf5f36dd20	 200 0ms GET /json
[38;5;6m INFO[0m [04:04:58] 818a7be6f1ee4a8d9c2560f62d01ca33	 200 0ms GET /json
[38;5;6m INFO[0m [04:04:58] 8585b9cd91894090a92e9aa8c8379b5f	 200 0ms GET /json
[38;5;6m INFO[0m [04:04:58] 130afd91186849649b2da03698f151bf	 200 0ms GET /json
[38;5;6m INFO[0m [04:04:58] c91bf47bdbcb46418a17f633118f01f3	 200 0ms GET /json
[38;5;6m INFO[0m [04:04:58] 822911729be740aab1e8adaf6c23d4c4	 200 0ms GET /json
[38;5;6m INFO[0m [04:04:58] 70e334ac92ae427eb8764cfdb2a8658b	 200 0ms GET /json
[38;5;6m INFO[0m [04:04:58] 67c09419e3534347a0022d53ac818402	 200 0ms GET /json
[38;5;6m INFO[0m [04:04:58] f6dcec706fa144a78dbc47e0428f1119	 200 0ms GET /json
[38;5;6m INFO[0m [04:04:58] 019fb4bf8d114764bfbe801cc6ac1df7	 200 0ms GET /json
[38;5;6m INFO[0m [04:04:58] 1595841f56f6454faafc7e6bde02ae9e	 200 0ms GET /json
[38;5;6m INFO[0m [04:04:58] 77bf33c8a035472399a5e07b6926bcce	 200 0ms GET /json
[38;5;6m INFO[0m [04:04:58] cc7bd845a58b4f0dbe97beb5fb90f498	 200 0ms GET /json
[38;5;6m INFO[0m [04:04:58] bd3bbd4eceb24fd482f9c8ce19bfb658	 200 0ms GET /json
[38;5;6m INFO[0m [04:04:58] b1f19a9454e24752be0058f67a8d72f8	 200 0ms GET /json
[38;5;6m INFO[0m [04:04:58] 267fd7859e124d73a8c26e23704aafae	 200 0ms GET /json
[38;5;6m INFO[0m [04:04:58] d3bbe80e1766442883c10c0b8914914c	 200 0ms GET /json
[38;5;6m INFO[0m [04:04:58] c3e1e35c2b26444b969cae3ad019ebd3	 200 0ms GET /json
[38;5;6m INFO[0m [04:04:58] 0bd6284ca99c480cb2d0372574824983	 200 0ms GET /json
[38;5;6m INFO[0m [04:04:58] 178d1a96428548e6b13054d4d186da58	 200 0ms GET /json
[38;5;6m INFO[0m [04:04:58] df9a03f2f15e49b3bd0a2881365a8d95	 200 0ms GET /json
[38;5;6m INFO[0m [04:04:58] e95310137c6c4db6a01d3eff70f537e7	 200 0ms GET /json
[38;5;6m INFO[0m [04:04:58] 4a2793815a2347c684ba16c8150b5c7e	 200 0ms GET /json
[38;5;6m INFO[0m [04:04:58] d85ad120e7de4cd88d63121446212233	 200 0ms GET /json
[38;5;6m INFO[0m [04:04:58] ae89c29cf8964befb3e32a36d7c26055	 200 0ms GET /json
[38;5;6m INFO[0m [04:04:58] 516bd879e04943f9b5670eb6cbda9b18	 200 0ms GET /json
[38;5;6m INFO[0m [04:04:58] d2cceed2e9ac4bae88daf1a5465b9630	 200 0ms GET /json
[38;5;6m INFO[0m [04:04:58] d497a971dd7c410c8788aa4a1b287e52	 200 0ms GET /json
[38;5;6m INFO[0m [04:04:58] 17685ec1d5bc4f2a8278ebc3a41721f8	 200 0ms GET /json
[38;5;6m INFO[0m [04:05:00] 90a9ef16e8c34428b3c34f7faec7a31a	 200 0ms GET /json
[38;5;6m INFO[0m [04:05:00] 7ca4224886344eb593b2fa9e8f6ed122	 200 0ms GET /json
[38;5;6m INFO[0m [04:05:00] e1faff9b19ed45f983c54d91842c2491	 200 0ms GET /json
[38;5;6m INFO[0m [04:05:00] d683e9de6b29474aa21f1362ef47b259	 200 0ms GET /json
[38;5;6m INFO[0m [04:05:00] a35f6b4c9475474eb3282200b2a69d38	 200 0ms GET /json
[38;5;6m INFO[0m [04:05:00] 85899cf85ef449c8babc3386a86fa6e9	 200 0ms GET /json
[38;5;6m INFO[0m [04:05:00] a4ae125787a145a5a5d5364e30cb4643	 200 0ms GET /json
[38;5;6m INFO[0m [04:05:00] f16d119ecd5042589b9c489194e20980	 200 0ms GET /json
[38;5;6m INFO[0m [04:05:00] 800c9db585a74efca27f45934fea2bd7	 200 0ms GET /json
[38;5;6m INFO[0m [04:05:00] 1bc4ab8fae9f4240a11de8498836f8bf	 200 0ms GET /json
[38;5;6m INFO[0m [04:05:00] 0e13047565d94c3eac539d18199aabfa	 200 0ms GET /json
[38;5;6m INFO[0m [04:05:00] db632f2d6a73429a86d47b44676a8c11	 200 0ms GET /json
[38;5;6m INFO[0m [04:05:00] db1b9a5efbbd48eebbdf1c80588252f7	 200 0ms GET /json
[38;5;6m INFO[0m [04:05:00] c7c1e23418eb48c0b694a5617c0cd972	 200 0ms GET /json
[38;5;6m INFO[0m [04:05:00] 0b08ee0a5efe4c72b672e62e555bddac	 200 0ms GET /json
[38;5;6m INFO[0m [04:05:00] e52391da3db04506b66f31168b0e3442	 200 0ms GET /json
[38;5;6m INFO[0m [04:05:00] 2a685c8fe1b34e2ab395c2d6e84f8260	 200 0ms GET /json
[38;5;6m INFO[0m [04:05:00] 99d4d97db76f444080fdb1c70a8705df	 200 0ms GET /json
[38;5;6m INFO[0m [04:05:00] d38b30310fce48eeaa9936089b97a82e	 200 0ms GET /json
[38;5;6m INFO[0m [04:05:00] 6b7b7770068b4000a36c8b8b14b16024	 200 0ms GET /json
[38;5;6m INFO[0m [04:05:00] c9a19de553ef4d42b1c75afdd5a417b6	 200 0ms GET /json
[38;5;6m INFO[0m [04:05:00] 05f51b7560254eb0843d98fa7e6f01ce	 200 0ms GET /json
[38;5;6m INFO[0m [04:05:00] 0b6a66be8b634815adc3bd605ce1be01	 200 0ms GET /json
[38;5;6m INFO[0m [04:05:00] cb0e39588f5149d48b4f8674e78f363f	 200 0ms GET /json
[38;5;6m INFO[0m [04:05:00] 9dd138986e4c44249dc32ff3390f5db8	 200 0ms GET /json
[38;5;6m INFO[0m [04:05:00] 4fd317eb70b44024995fc2be8da24e72	 200 0ms GET /json
[38;5;6m INFO[0m [04:05:00] 7745ae7ee5944a02bc27783214f1345a	 200 0ms GET /json
[38;5;6m INFO[0m [04:05:00] 1a0135fb622248dc92a3f73384091cf6	 200 0ms GET /json
[38;5;6m INFO[0m [04:05:00] c8f71f576a364717bdab2d319466427f	 200 0ms GET /json
[38;5;6m INFO[0m [04:05:00] 5103c65ecb9244bc8f9d1d6900db9457	 200 0ms GET /json
[38;5;6m INFO[0m [04:05:00] 40814720c39c41dcbc2b433fb0016ea8	 200 0ms GET /json
[38;5;6m INFO[0m [04:05:00] e9a60357356a4b8f91b72c22aef3610d	 200 0ms GET /json
[38;5;6m INFO[0m [04:05:00] ea980cd59a3d4e5ba7e080e73728e854	 200 0ms GET /json
[38;5;6m INFO[0m [04:05:00] f7881039e4604b7fb339a6427b4e0e92	 200 0ms GET /json
[38;5;6m INFO[0m [04:05:00] b64e1a28601c425eaf2536a6bc897853	 200 0ms GET /json
[38;5;6m INFO[0m [04:05:00] bd9e28cfeee44dfd90da19e438fd3d69	 200 0ms GET /json
[38;5;6m INFO[0m [04:05:00] ee9b40da711d4ff2a23156872b29a095	 200 0ms GET /json
[38;5;6m INFO[0m [04:05:00] 05f71a57e2e84c2f830ca47ea42fe374	 200 0ms GET /json
[38;5;6m INFO[0m [04:05:00] b3b722852e18450d805e46b141101d81	 200 0ms GET /json
[38;5;6m INFO[0m [04:05:00] 1dbdebce14a94ccb894b0984581f84e0	 200 0ms GET /json
[38;5;6m INFO[0m [04:05:00] 3c7866f638c94bd2b0adb551017edc37	 200 0ms GET /json
[38;5;6m INFO[0m [04:05:00] 5b51411cad5847329df607a80e63da1e	 200 0ms GET /json
[38;5;6m INFO[0m [04:05:00] 74f836a1030e49b59772eae7a21d4fad	 200 0ms GET /json
[38;5;6m INFO[0m [04:05:00] 1e524e6c13b94b808bce967947ce2cf2	 200 0ms GET /json
[38;5;6m INFO[0m [04:05:00] 9b7711da745d4850a3c767b122dee9a8	 200 0ms GET /json
[38;5;6m INFO[0m [04:05:00] c5b6f79ca6c04eed8d7f3ecb6e3bfc4a	 200 0ms GET /json
[38;5;6m INFO[0m [04:05:00] ca65482882f54d67a79e90520587f846	 200 0ms GET /json
[38;5;6m INFO[0m [04:05:00] b259d4f60a7548ddab13a4acf26ad34d	 200 0ms GET /json
[38;5;6m INFO[0m [04:05:00] a71a4a19cf9e44af89cb085d99e228a7	 200 0ms GET /json
[38;5;6m INFO[0m [04:05:00] d6b0f35696f54c8696d5212733b030a6	 200 0ms GET /json
[38;5;6m INFO[0m [04:05:00] 8a58860976554795895254ef47d39805	 200 0ms GET /json
[38;5;6m INFO[0m [04:05:00] 4e8a95b48dd74ab6ba420fc92925cb85	 200 0ms GET /json
[38;5;6m INFO[0m [04:05:00] e1f7b3c0d7d548218b682db818bba1ae	 200 0ms GET /json
[38;5;6m INFO[0m [04:05:00] 0e1447a37226463d992821af8fd306d6	 200 0ms GET /json
[38;5;6m INFO[0m [04:05:00] 81e3a5bdf1874ddb8ccc73d82ac4fd0b	 200 0ms GET /json
[38;5;6m INFO[0m [04:05:00] 0bc452c73f7f4964b813e3fd976029bc	 200 0ms GET /json
[38;5;6m INFO[0m [04:05:00] f4a02a9b472a4cc98653caea1b118552	 200 0ms GET /json
[38;5;6m INFO[0m [04:05:00] 495453e1591b40de9f62367f3d506b41	 200 0ms GET /json
[38;5;6m INFO[0m [04:05:00] 836199912b0c4f0abf38dc001a9b8455	 200 0ms GET /json
[38;5;6m INFO[0m [04:05:00] ec8c326d4e22488980b6a52d67236282	 200 0ms GET /json
[38;5;6m INFO[0m [04:05:00] db42ae3dba44438cab421921fd26ae27	 200 0ms GET /json
[38;5;6m INFO[0m [04:05:00] 13a4217355af45f791d6308aefb38da4	 200 0ms GET /json
[38;5;6m INFO[0m [04:05:00] f6a52656521946b1bcde1fce267846ae	 200 0ms GET /json
[38;5;6m INFO[0m [04:05:00] a7e6f702a1ba40039ce5ebe195e02e91	 200 0ms GET /json
[38;5;6m INFO[0m [04:05:00] 40030e75349d45958cd1da1bc58eb06a	 200 0ms GET /json
[38;5;6m INFO[0m [04:05:00] 39a2301c8d524e1bb1f6f2213a9a37d9	 200 0ms GET /json
[38;5;6m INFO[0m [04:05:00] 56b22461de1f4b3687a398d73d875e7f	 200 0ms GET /json
[38;5;6m INFO[0m [04:05:00] fd4010a168e847b0a0318a0e5adfd49a	 200 0ms GET /json
[38;5;6m INFO[0m [04:05:00] 4cdd54f877a642d3b27bee8c68c40349	 200 0ms GET /json
[38;5;6m INFO[0m [04:05:00] 27c2fafd4abc4a3fbaa8a61da6482d68	 200 0ms GET /json
[38;5;6m INFO[0m [04:05:00] 3a659190670f4100809287d48e6f9c91	 200 0ms GET /json
[38;5;6m INFO[0m [04:05:00] e80f80b43f3e482294c150fd2874c3c1	 200 0ms GET /json
[38;5;6m INFO[0m [04:05:00] 2d21a46b714b423484e50020d1092e18	 200 0ms GET /json
[38;5;6m INFO[0m [04:05:00] 4ee966b046e6454799b1455491225d91	 200 0ms GET /json
[38;5;6m INFO[0m [04:05:00] 257e07e7661d4daeb0a82d2ca83fb4ec	 200 0ms GET /json
[38;5;6m INFO[0m [04:05:00] f7d53ee5aaad4f13aecbbf9e07d8acc8	 200 0ms GET /json
[38;5;6m INFO[0m [04:05:00] a1f62bd1ad3149a8b8d980a181b561c0	 200 0ms GET /json
[38;5;6m INFO[0m [04:05:00] 9fffad724d2d43f08a0ecfda3118bcef	 200 0ms GET /json
[38;5;6m INFO[0m [04:05:00] 31570953ea604c66ba2a34b7b68a89b2	 200 0ms GET /json
[38;5;6m INFO[0m [04:05:00] c6cc078d15314a27b24b4b845785578d	 200 0ms GET /json
[38;5;6m INFO[0m [04:05:00] feb49cb8121b40698fef410b7084ea86	 200 0ms GET /json
[38;5;6m INFO[0m [04:05:00] 4f0f57c501424b18949952cbe34d4b32	 200 0ms GET /json
[38;5;6m INFO[0m [04:05:00] 3619165826344e7e83800402deeeb71d	 200 0ms GET /json
[38;5;6m INFO[0m [04:05:00] a7f671f30f9b485c9256769cd885c2ed	 200 0ms GET /json
[38;5;6m INFO[0m [04:05:00] d4ac1421056f4351ad90e35477a29635	 200 0ms GET /json
[38;5;6m INFO[0m [04:05:00] 86daee2adf2e4e698ff3678e2227c904	 200 0ms GET /json
[38;5;6m INFO[0m [04:05:00] fc46723cccc34df5b753d69235097d14	 200 0ms GET /json
[38;5;6m INFO[0m [04:05:00] 9ac881d4e3854718873059716f0bceca	 200 0ms GET /json
[38;5;6m INFO[0m [04:05:00] 659b134114714c65ae7eb3794f1d2f78	 200 0ms GET /json
[38;5;6m INFO[0m [04:05:00] 50f3ec538df44b6f8245be3175a377b0	 200 0ms GET /json
[38;5;6m INFO[0m [04:05:00] 368d2d3a926e400bbedfcbf43615ece4	 200 0ms GET /json
[38;5;6m INFO[0m [04:05:00] 90d2500ca9b7406e8314988663e9e586	 200 0ms GET /json
[38;5;6m INFO[0m [04:05:00] edf72014f7394e6bbb110d6ca24d95f5	 200 0ms GET /json
[38;5;6m INFO[0m [04:05:00] df5fa93843b34dcfa74084a8b8c7145c	 200 0ms GET /json
[38;5;6m INFO[0m [04:05:00] eb3a0a8f66ba4fe9854b78cea9237d6c	 200 0ms GET /json
[38;5;6m INFO[0m [04:05:00] 4f2404600a2a429baf3e87cf39eed4db	 200 0ms GET /json
[38;5;6m INFO[0m [04:05:00] 58e4058d89f64b789d7b64b2e5bd2c00	 200 0ms GET /json
[38;5;6m INFO[0m [04:05:00] d2325580ae5646af83480c9bf9a14125	 200 0ms GET /json
[38;5;6m INFO[0m [04:05:00] 145963db85b14a359acf80abb02014b5	 200 0ms GET /json
[38;5;6m INFO[0m [04:05:00] eb176e054b884589a36cabd7ca1cb9eb	 200 0ms GET /json
[38;5;6m INFO[0m [04:05:00] fdafa8d0c6fc4e7fac1dba0b0f56162d	 200 0ms GET /json
[38;5;6m INFO[0m [04:05:00] 73bbf562eeff4f3088f47a5048f1735d	 200 0ms GET /json
[38;5;6m INFO[0m [04:05:00] 2cc2122c5af64e779bf022f65c50c7d7	 200 0ms GET /json
[38;5;6m INFO[0m [04:05:00] aaa1c9a326be477f9dc935ace1c2acf2	 200 0ms GET /json
[38;5;6m INFO[0m [04:05:00] 4292aa62c13b44328d05f266ca7326b7	 200 0ms GET /json
[38;5;6m INFO[0m [04:05:00] bffcacfe17c843619faa10dcde34b64d	 200 0ms GET /json
[38;5;6m INFO[0m [04:05:00] 524931a4f35440408f923e2efd6aa865	 200 0ms GET /json
[38;5;6m INFO[0m [04:05:00] e27ff1c581774107becd228b460c0200	 200 0ms GET /json
[38;5;6m INFO[0m [04:05:00] baf542e7c6884cd0bfadcec3611a5b6d	 200 0ms GET /json
[38;5;6m INFO[0m [04:05:00] 3f27c581762041f4a54a94bdfa1c7d9e	 200 0ms GET /json
[38;5;6m INFO[0m [04:05:00] 00898f882de64503992c0cdbc05bb7c6	 200 0ms GET /json
[38;5;6m INFO[0m [04:05:00] a6d916cb82f9486991ad7970703468b5	 200 0ms GET /json
[38;5;6m INFO[0m [04:05:00] bf5843b14e2b42f9986c4f50be139463	 200 0ms GET /json
[38;5;6m INFO[0m [04:05:00] 2fac131d8aaa417296e96e27bcf924ed	 200 0ms GET /json
[38;5;6m INFO[0m [04:05:00] 881b40d6fed74ec1aa344e5d0f054dca	 200 0ms GET /json
[38;5;6m INFO[0m [04:05:00] 244babb68d444f55941cec73e2ebf306	 200 0ms GET /json
[38;5;6m INFO[0m [04:05:00] de180b3b3bb84e448be24d66e6e0512c	 200 0ms GET /json
[38;5;6m INFO[0m [04:05:00] a12718aa7dcf4192a3eebb98a4cfc2ed	 200 0ms GET /json
[38;5;6m INFO[0m [04:05:00] ef0dfdd8e9bf4552abda72e3f94ed944	 200 0ms GET /json
[38;5;6m INFO[0m [04:05:00] c3838b519d4e4dbc82751f0435d2ff72	 200 0ms GET /json
[38;5;6m INFO[0m [04:05:00] 9c0ced708f214cb79caecd4fb71e56da	 200 0ms GET /json
[38;5;6m INFO[0m [04:05:00] 73cf06cdb8f541ecb5e55e3acbdab046	 200 0ms GET /json
[38;5;6m INFO[0m [04:05:00] 1e7ded3ca9e746b7aa32da80faacb62a	 200 0ms GET /json
[38;5;6m INFO[0m [04:05:00] 5b07ef78b6a644b7beeda863a972a01d	 200 0ms GET /json
[38;5;6m INFO[0m [04:05:00] 8ba7695f409a4957a30a252fdc974d10	 200 0ms GET /json
[38;5;6m INFO[0m [04:05:00] 1806afa4374841378e7af8038f7c62b8	 200 0ms GET /json
[38;5;6m INFO[0m [04:05:00] 0395692fc6ba43bfbc3c8d97b213bc6e	 200 0ms GET /json
[38;5;6m INFO[0m [04:05:00] 29fc5d12c1a0439e9520ba924cc462b3	 200 0ms GET /json
[38;5;6m INFO[0m [04:05:00] ad37d292328b442b8a165b30f726d453	 200 0ms GET /json
[38;5;6m INFO[0m [04:05:00] 606a81fe00e24136ad01a1d31c1b319f	 200 0ms GET /json
[38;5;6m INFO[0m [04:05:00] 5d362589ff0e49bfbf4ac3fdeb79968c	 200 0ms GET /json
[38;5;6m INFO[0m [04:05:00] 7c498dfee1e94133b9a977303e3a65cd	 200 0ms GET /json
[38;5;6m INFO[0m [04:05:00] 9785cf40fcd0464dbf3b4482fcacf73f	 200 0ms GET /json
[38;5;6m INFO[0m [04:05:00] 691b470599924b0d92d8b8eeafb15364	 200 0ms GET /json
[38;5;6m INFO[0m [04:05:00] 3ad8f41dbe994a02890806bc0ed9fff4	 200 0ms GET /json
[38;5;6m INFO[0m [04:05:00] 1c5e0927efa14d6f906adcd3e6657a00	 200 0ms GET /json
[38;5;6m INFO[0m [04:05:00] dbad69f118b049a48998f4d0e5461485	 200 0ms GET /json
[38;5;6m INFO[0m [04:05:00] 0f24237c923243928da7dec373b7262d	 200 0ms GET /json
[38;5;6m INFO[0m [04:05:00] 7b72260b7abf4d88a6f4163f8024cde4	 200 0ms GET /json
[38;5;6m INFO[0m [04:05:00] 7ead245ef5df4ab4949836b051189121	 200 0ms GET /json
[38;5;6m INFO[0m [04:05:00] 4baced868d8e46d19552cfd8103b2f9d	 200 0ms GET /json
[38;5;6m INFO[0m [04:05:00] df11f6fa99f3478ca5f5be037df6875b	 200 0ms GET /json
[38;5;6m INFO[0m [04:05:00] 8dab6e883021409c94d514b3c5344d55	 200 0ms GET /json
[38;5;6m INFO[0m [04:05:00] 440f438025c04d069b8739ed8a1a7ee2	 200 0ms GET /json
[38;5;6m INFO[0m [04:05:00] 4f206778753646f399a729ce2f82807b	 200 0ms GET /json
[38;5;6m INFO[0m [04:05:00] 462f3eb4a6724d6185485ece455c67ff	 200 0ms GET /json
[38;5;6m INFO[0m [04:05:00] 0094e0168ca744a3bd618e7e7a25de65	 200 0ms GET /json
[38;5;6m INFO[0m [04:05:00] 8ed051dd7b3c4436bff47ff49b2794e4	 200 0ms GET /json
[38;5;6m INFO[0m [04:05:00] db11dc33c8fc4405af3c7192b9241c37	 200 0ms GET /json
[38;5;6m INFO[0m [04:05:00] efa3f4c1ae434e36bcb915248b2537e2	 200 0ms GET /json
[38;5;6m INFO[0m [04:05:00] b8661837ecf74e0c91546459b2a7d854	 200 0ms GET /json
[38;5;6m INFO[0m [04:05:00] 1d6b6f27f4aa447c87499d3e7cc79de0	 200 0ms GET /json
[38;5;6m INFO[0m [04:05:00] 855422d4bed74e6699e413cae840481b	 200 0ms GET /json
[38;5;6m INFO[0m [04:05:00] d62e124577e64682a0b27d1732bac962	 200 0ms GET /json
[38;5;6m INFO[0m [04:05:00] b253a681e2b24db79f683250f54a9292	 200 0ms GET /json
[38;5;6m INFO[0m [04:05:00] ea64c9c3d8624f268fa9b507451b5388	 200 0ms GET /json
[38;5;6m INFO[0m [04:05:00] 0b1c721883a244f886d4607e03d3f1e4	 200 0ms GET /json
[38;5;6m INFO[0m [04:05:00] 4717497c9b9c4a1aa98c6f1f0f1c005c	 200 0ms GET /json
[38;5;6m INFO[0m [04:05:00] 6993fbbd9af0444f9b56fa3927d2b631	 200 0ms GET /json
[38;5;6m INFO[0m [04:05:00] b9d7bf420a0d41eb8aae5dd22261ad63	 200 0ms GET /json
[38;5;6m INFO[0m [04:05:00] b502224e09c14bfea6236e1ffbf8b9c8	 200 0ms GET /json
[38;5;6m INFO[0m [04:05:00] 5c911fced7414c45aeee64acfaa4f0cb	 200 0ms GET /json
[38;5;6m INFO[0m [04:05:00] 8d6c08dec1624941a08e2bd75c055ecb	 200 0ms GET /json
[38;5;6m INFO[0m [04:05:00] 3951a585e6404785ae45037ad0b2fcda	 200 0ms GET /json
[38;5;6m INFO[0m [04:05:00] 62c31149edae4df699e480305f7bee62	 200 0ms GET /json
[38;5;6m INFO[0m [04:05:00] c07bd883c9224a6abf783940ee0fe706	 200 0ms GET /json
[38;5;6m INFO[0m [04:05:00] 7a528ae4d1d04f969e097b3ad93d0545	 200 0ms GET /json
[38;5;6m INFO[0m [04:05:00] f82914160bbd4fa28c7de356a23c9801	 200 0ms GET /json
[38;5;6m INFO[0m [04:05:00] 8b2f6222177548a8a9c8189bae4a52c6	 200 0ms GET /json
[38;5;6m INFO[0m [04:05:00] 6acf2d6e04e247b3bba5385c8aa8c1bd	 200 0ms GET /json
[38;5;6m INFO[0m [04:05:00] 69131b7268244ed6bee852c0e1f8e134	 200 0ms GET /json
[38;5;6m INFO[0m [04:05:00] 0129ed5d8bcb4d24bb342fd75106df75	 200 0ms GET /json
[38;5;6m INFO[0m [04:05:00] cd708f0f5edc4153adab4cf4d64118d2	 200 0ms GET /json
[38;5;6m INFO[0m [04:05:00] f6a260ab342c4db3bd2a24544d234529	 200 0ms GET /json
[38;5;6m INFO[0m [04:05:00] 4c8c3796d4a8486d97a14be9ea0f2d6a	 200 0ms GET /json
[38;5;6m INFO[0m [04:05:00] 97fb0a9903d6481f8085c729f38dfca5	 200 0ms GET /json
[38;5;6m INFO[0m [04:05:00] 9689cd38b95948d1956700e59deed537	 200 0ms GET /json
[38;5;6m INFO[0m [04:05:00] e815e3b9d8fa4bda9efb398ae63bef70	 200 0ms GET /json
[38;5;6m INFO[0m [04:05:00] d326ec8891d74a4aafd2b104a81f0233	 200 0ms GET /json
[38;5;6m INFO[0m [04:05:00] 8587b9ec3e4345ada6dbc18fad2b054d	 200 0ms GET /json
[38;5;6m INFO[0m [04:05:00] 9e13a4f3ebac49499c0d4f886ff92fb0	 200 0ms GET /json
[38;5;6m INFO[0m [04:05:00] 66a5711d1a4d4402b3a339cd3ddea3d5	 200 0ms GET /json
[38;5;6m INFO[0m [04:05:00] 25de3d8d8f63404eb9fc7dcb3467cbe4	 200 0ms GET /json
[38;5;6m INFO[0m [04:05:00] 9fa27c93dc7f4a5e9c2803c53c68500d	 200 0ms GET /json
[38;5;6m INFO[0m [04:05:00] 0d4248cc0df4492a811b68f305bae696	 200 0ms GET /json
[38;5;6m INFO[0m [04:05:00] c3b7d12b0f7b43aaba409085e3d2bb35	 200 0ms GET /json
[38;5;6m INFO[0m [04:05:00] 0317a4f5e68249dc895df4b02b61fa87	 200 0ms GET /json
[38;5;6m INFO[0m [04:05:00] c2c95f7f522e46a798f15ffef5e5649f	 200 0ms GET /json
[38;5;6m INFO[0m [04:05:00] e0042465de974306a551d4f4fc641d58	 200 0ms GET /json
[38;5;6m INFO[0m [04:05:00] 462e2ee2fc7b46eea46b39fdbb87a413	 200 0ms GET /json
[38;5;6m INFO[0m [04:05:00] f72f58d7897444fb8830f9153fc1c7f5	 200 0ms GET /json
[38;5;6m INFO[0m [04:05:00] dabfebe90f234567b5f7d85fcab99f68	 200 0ms GET /json
[38;5;6m INFO[0m [04:05:00] 03bf4bd4d06749c7bdb149a2d133529e	 200 0ms GET /json
[38;5;6m INFO[0m [04:05:00] a599a41cc6ec4784bac5118e86cc1250	 200 0ms GET /json
[38;5;6m INFO[0m [04:05:00] 722c1efb9b8345c785ff189c5f97adbf	 200 0ms GET /json
[38;5;6m INFO[0m [04:05:00] e86899749f1f4ce5918d66194f13adfe	 200 0ms GET /json
[38;5;6m INFO[0m [04:05:00] eb019251411146cd9bed0e687848beef	 200 0ms GET /json
[38;5;6m INFO[0m [04:05:00] 4570b86d7d6744adb1b1b18c7f372dfe	 200 0ms GET /json
[38;5;6m INFO[0m [04:05:00] 7075b1d7c4ff461aab416ee2f0372c0e	 200 0ms GET /json
[38;5;6m INFO[0m [04:05:00] c20ffd6342b145288984e64fbb2109f0	 200 0ms GET /json
[38;5;6m INFO[0m [04:05:04] 5f4982d5fd6242ec969e538e73c58566	 200 0ms GET /json
[38;5;6m INFO[0m [04:05:04] e904c8c9a30a4b4c9724c53213249638	 200 0ms GET /json
[38;5;6m INFO[0m [04:05:04] 66a4a684da24422287355070d89b8b71	 200 0ms GET /json
[38;5;6m INFO[0m [04:05:04] d37d577cb8e345488c91558011d54c12	 200 0ms GET /json
[38;5;6m INFO[0m [04:05:04] 2921777c60944eab9deef160628c0933	 200 0ms GET /json
[38;5;6m INFO[0m [04:05:04] b31f2ce4a789439da23a4096fcbd40da	 200 0ms GET /json
[38;5;6m INFO[0m [04:05:04] 2c4cfb3232264f22b253599d44ce5848	 200 0ms GET /json
[38;5;6m INFO[0m [04:05:04] 9aabad8fc5494e9181211beb767673b4	 200 0ms GET /json
[38;5;6m INFO[0m [04:05:04] b62bf59342934cc7ba41d98ed041414c	 200 0ms GET /json
[38;5;6m INFO[0m [04:05:04] 80608cf4f3fd4220ae611467b65facd3	 200 0ms GET /json
[38;5;6m INFO[0m [04:05:04] 235945dae3a34c8ea8f265b8a0598b36	 200 0ms GET /json
[38;5;6m INFO[0m [04:05:04] 57f08735f49d442794242eae173f5602	 200 0ms GET /json
[38;5;6m INFO[0m [04:05:04] 36dbfb481a73434c9544ba1c3d71c571	 200 0ms GET /json
[38;5;6m INFO[0m [04:05:04] a9aad90a4f8b4e3cbfb0bbc106c6cdd3	 200 0ms GET /json
[38;5;6m INFO[0m [04:05:04] b7196cd126734b84b2bf205346b87948	 200 0ms GET /json
[38;5;6m INFO[0m [04:05:04] 93206faf809941d591d087714fca2df6	 200 0ms GET /json
[38;5;6m INFO[0m [04:05:04] 5b21ff7eb389410782b4e44c39a6fa30	 200 0ms GET /json
[38;5;6m INFO[0m [04:05:04] 2d1465b19f1c4a1bb1c230db9e6fe883	 200 0ms GET /json
[38;5;6m INFO[0m [04:05:04] f198f454ae3846efbd9b0b51ac9fd028	 200 0ms GET /json
[38;5;6m INFO[0m [04:05:04] 26331041f11c4a69ab542268005dac93	 200 0ms GET /json
[38;5;6m INFO[0m [04:05:04] 76bcf68a9c664ee6b348c015482387b0	 200 0ms GET /json
[38;5;6m INFO[0m [04:05:04] 276305f20eb44874838131988b72f23d	 200 0ms GET /json
[38;5;6m INFO[0m [04:05:04] c2c936690cd04087950ee7774d6e713c	 200 0ms GET /json
[38;5;6m INFO[0m [04:05:04] ce4b43a7665e4bc180006b40aa89ae4e	 200 0ms GET /json
[38;5;6m INFO[0m [04:05:04] d3d76accbb6a453b83bedb8eac7a3985	 200 0ms GET /json
[38;5;6m INFO[0m [04:05:04] beb0b8fb13ee467d88f20dbeb9f7211b	 200 0ms GET /json
[38;5;6m INFO[0m [04:05:04] cd0a5947ff9a473b8e7395b68768caee	 200 0ms GET /json
[38;5;6m INFO[0m [04:05:04] 0e64e8ea48e240428a597c69142e84c3	 200 0ms GET /json
[38;5;6m INFO[0m [04:05:04] 4a03149f291b43a0bd9c57e2fe2ac539	 200 0ms GET /json
[38;5;6m INFO[0m [04:05:04] 1d43cd2f5f164cc7a83be05a5a972005	 200 0ms GET /json
[38;5;6m INFO[0m [04:05:04] 739fa56d12d7422289c2ce9356262627	 200 0ms GET /json
[38;5;6m INFO[0m [04:05:04] 3ec68564319148fc8414ff70b5361a5f	 200 0ms GET /json
[38;5;6m INFO[0m [04:05:04] dfc4df9b7b4344b183d49e97512906cf	 200 0ms GET /json
[38;5;6m INFO[0m [04:05:04] ba8a455fcca14bd183bd08de2ae97733	 200 0ms GET /json
[38;5;6m INFO[0m [04:05:04] d172d96c89f2488891769d75f693e284	 200 0ms GET /json
[38;5;6m INFO[0m [04:05:04] d5db47c7a0614fb88d63e4f1706d07e4	 200 0ms GET /json
[38;5;6m INFO[0m [04:05:04] bb3f428e34fe4e448d8c1a1d7eac2b8a	 200 0ms GET /json
[38;5;6m INFO[0m [04:05:04] 67c8d628e1b6427b95a38edb1f14284e	 200 0ms GET /json
[38;5;6m INFO[0m [04:05:04] e8d3b3c6d57641348bf4fb9106cbb4c3	 200 0ms GET /json
[38;5;6m INFO[0m [04:05:04] 07ae4bbeb50648a2a7f6831062c313dc	 200 0ms GET /json
[38;5;6m INFO[0m [04:05:04] 390d1ad2f9fe497ab96e7daa0fe1797f	 200 0ms GET /json
[38;5;6m INFO[0m [04:05:04] ef02ed6c0915499394edaa5c8176fd14	 200 0ms GET /json
[38;5;6m INFO[0m [04:05:04] 4afc3cfee0f14cd7a670d525ef34254b	 200 0ms GET /json
[38;5;6m INFO[0m [04:05:04] 712697c759934285b97a6747fe58b072	 200 0ms GET /json
[38;5;6m INFO[0m [04:05:04] 05ce3d7ee22646bfac9189f2d27a0579	 200 0ms GET /json
[38;5;6m INFO[0m [04:05:04] 0c884ba9d7354de18417713ef27b6993	 200 0ms GET /json
[38;5;6m INFO[0m [04:05:04] 95e59889cbb542718c6ce0dba36fdcc6	 200 0ms GET /json
[38;5;6m INFO[0m [04:05:04] b72db982994d47abb00c749c41eff42a	 200 0ms GET /json
[38;5;6m INFO[0m [04:05:04] fa96466cbddd48b5b6658ffa8a286036	 200 0ms GET /json
[38;5;6m INFO[0m [04:05:04] b8f05016164641b18207dfd55486db7e	 200 0ms GET /json
[38;5;6m INFO[0m [04:05:04] 2e56a0a99f1043f1a4bf3df1e7ef7fb6	 200 0ms GET /json
[38;5;6m INFO[0m [04:05:04] 24656458f4e04e49af283aa29cd2710c	 200 0ms GET /json
[38;5;6m INFO[0m [04:05:04] d50fd338de1245e7adb0779fa521d6c7	 200 0ms GET /json
[38;5;6m INFO[0m [04:05:04] 63bb91ecf6df4002a9520db24b53ef4c	 200 0ms GET /json
[38;5;6m INFO[0m [04:05:04] bdc1613ddd0d44538140e29466909408	 200 0ms GET /json
[38;5;6m INFO[0m [04:05:04] bc4aebe553254bda9fcc7a0049a9c759	 200 0ms GET /json
[38;5;6m INFO[0m [04:05:04] b68ac0e497c041cb8d7515bf7e89eeff	 200 0ms GET /json
[38;5;6m INFO[0m [04:05:04] f193314c89724c8ea6ab5b21e1f0d8fe	 200 0ms GET /json
[38;5;6m INFO[0m [04:05:04] 36db6010762d402490f44d9486cacd7d	 200 0ms GET /json
[38;5;6m INFO[0m [04:05:04] 7afcf997ecd241c99fc22f09ad101c57	 200 0ms GET /json
[38;5;6m INFO[0m [04:05:04] b0f0692792b84effafd4f8de45cf796a	 200 0ms GET /json
[38;5;6m INFO[0m [04:05:04] 7492683526294315a7e51dfd5743fd9a	 200 0ms GET /json
[38;5;6m INFO[0m [04:05:04] 6aa8ad2abe7e4b2ba9231e39c1b63e54	 200 0ms GET /json
[38;5;6m INFO[0m [04:05:04] 75903358a341466d97d4c9fcddab3f02	 200 0ms GET /json
[38;5;6m INFO[0m [04:05:04] 5a5f621e59744ffbbd07abe5b59c260b	 200 0ms GET /json
[38;5;6m INFO[0m [04:05:04] d2e483fd37a145c583c3b07e30af35ee	 200 0ms GET /json
[38;5;6m INFO[0m [04:05:04] 15eeaaf66b504fbc821a009b273f6119	 200 0ms GET /json
[38;5;6m INFO[0m [04:05:04] 175196d194c94820a0f1c3fa643187ab	 200 0ms GET /json
[38;5;6m INFO[0m [04:05:04] c8779c90c52b47b690db0f9878b8df58	 200 0ms GET /json
[38;5;6m INFO[0m [04:05:04] 1e416ebebf784b2bae41d875e7ef3905	 200 0ms GET /json
[38;5;6m INFO[0m [04:05:04] 5a89f580e6904ed88f1b6931fcc82ae0	 200 0ms GET /json
[38;5;6m INFO[0m [04:05:04] e49bd615b2cd49e0b21b2aa3108c5409	 200 0ms GET /json
[38;5;6m INFO[0m [04:05:04] d90031be179d4112b9f51581dbed2a32	 200 0ms GET /json
[38;5;6m INFO[0m [04:05:04] dfb7dc10f8cf4319b5521380a9113bf1	 200 0ms GET /json
[38;5;6m INFO[0m [04:05:04] 16e92bb618ce4cba8ba0ac6100cf67af	 200 0ms GET /json
[38;5;6m INFO[0m [04:05:04] 5a02b03fca6648c4b3499133023f9f95	 200 0ms GET /json
[38;5;6m INFO[0m [04:05:04] a5d387b563524a60a59a80361a38e308	 200 0ms GET /json
[38;5;6m INFO[0m [04:05:04] cd70cbe920d5433799569a8c2c440283	 200 0ms GET /json
[38;5;6m INFO[0m [04:05:04] 7be8a06775074ece93e88f03d62edcfc	 200 0ms GET /json
[38;5;6m INFO[0m [04:05:04] b876fb1dcd0b462597b6056b926532be	 200 0ms GET /json
[38;5;6m INFO[0m [04:05:04] f80bca1781f848daa7139257f613e394	 200 0ms GET /json
[38;5;6m INFO[0m [04:05:04] ab8542bfd7254ce2b463cf2f944d3d56	 200 0ms GET /json
[38;5;6m INFO[0m [04:05:04] c2d94c88242f411984709c4c8ba7ebeb	 200 0ms GET /json
[38;5;6m INFO[0m [04:05:04] efac68ba0c394d049ea3abb42d1d1b3a	 200 0ms GET /json
[38;5;6m INFO[0m [04:05:04] 0baa7f6f4c3246e3b9ea1dfbd5e470d0	 200 0ms GET /json
[38;5;6m INFO[0m [04:05:04] 8b78fc3ad2784c34be988098becc3b37	 200 0ms GET /json
[38;5;6m INFO[0m [04:05:04] 56f1e57a9efb4cd2b348d6c7e25ac34e	 200 0ms GET /json
[38;5;6m INFO[0m [04:05:04] b4b3216198684615947e4345b3d69046	 200 0ms GET /json
[38;5;6m INFO[0m [04:05:04] cf1eb089975541cab82d0141e06d64fc	 200 0ms GET /json
[38;5;6m INFO[0m [04:05:04] 64e522d8d86649fba42555f125128ca9	 200 0ms GET /json
[38;5;6m INFO[0m [04:05:04] 4c939466bd394cafa48f4b63a40e4509	 200 0ms GET /json
[38;5;6m INFO[0m [04:05:04] 69a4dff38d454e1ea0b6bf48ec5a32a0	 200 0ms GET /json
[38;5;6m INFO[0m [04:05:04] 8681170a063f405c94502fe064607ccf	 200 0ms GET /json
[38;5;6m INFO[0m [04:05:04] 0b13d427b2064d2daf6eeff66d2045f7	 200 0ms GET /json
[38;5;6m INFO[0m [04:05:04] b393bcfe8b844423b368c3c6d2b6d178	 200 0ms GET /json
[38;5;6m INFO[0m [04:05:04] dcfa490fca9443998857c4b9ef294c9f	 200 0ms GET /json
[38;5;6m INFO[0m [04:05:04] f4ebdd3a7ef64b3b94994a044155afef	 200 0ms GET /json
[38;5;6m INFO[0m [04:05:04] b2aa122a904f4f4d9d5967746973495e	 200 0ms GET /json
[38;5;6m INFO[0m [04:05:04] abf05f7434f04d879041b3e5bd7864b8	 200 0ms GET /json
[38;5;6m INFO[0m [04:05:04] ee4f55bf6da34ca899dd81e85270fb7a	 200 0ms GET /json
[38;5;6m INFO[0m [04:05:04] 691f65a2bed24268bf4a765edd11e9bd	 200 0ms GET /json
[38;5;6m INFO[0m [04:05:04] b292e7db62e546d584d296f56cd87644	 200 0ms GET /json
[38;5;6m INFO[0m [04:05:04] 8dbeef8b7efb49a6ad99a5160101b2a8	 200 0ms GET /json
[38;5;6m INFO[0m [04:05:04] 705af2f262f94560b07c033f72b99442	 200 0ms GET /json
[38;5;6m INFO[0m [04:05:04] 5f3c587879704b7c9a9631bbeaf6324d	 200 0ms GET /json
[38;5;6m INFO[0m [04:05:04] 6b918adad8524ed5acef92e476da0690	 200 0ms GET /json
[38;5;6m INFO[0m [04:05:04] 060ad156528a411e8d7bb2887e44b391	 200 0ms GET /json
[38;5;6m INFO[0m [04:05:04] 7db61d0fc7434bf9851c3188fa76b412	 200 0ms GET /json
[38;5;6m INFO[0m [04:05:04] e29df440fd3644109ab163e54a3cecae	 200 0ms GET /json
[38;5;6m INFO[0m [04:05:04] 591bc40fce554272998098121c5fe1cb	 200 0ms GET /json
[38;5;6m INFO[0m [04:05:04] 669cf4fb1c504a2092c99a645d1ecbf5	 200 0ms GET /json
[38;5;6m INFO[0m [04:05:04] dc4ffdbfc86d4f27b400f86aaa82ecda	 200 0ms GET /json
[38;5;6m INFO[0m [04:05:04] 80fc0deb08ab40f8af965047f16832d8	 200 0ms GET /json
[38;5;6m INFO[0m [04:05:04] 51d53e224d174b35a8d02c15597f5d2d	 200 0ms GET /json
[38;5;6m INFO[0m [04:05:04] 486eba1f87514d2c89d901e250a35ac1	 200 0ms GET /json
[38;5;6m INFO[0m [04:05:04] 3c543730248246b5a9e0186cc4ee0716	 200 0ms GET /json
[38;5;6m INFO[0m [04:05:04] 468d4af9c20d4b7ba5ad4f84d399a98d	 200 0ms GET /json
[38;5;6m INFO[0m [04:05:04] d54ed68b853547929971355d1d55e5f5	 200 0ms GET /json
[38;5;6m INFO[0m [04:05:04] dca52eb8fa0c453ea5edd1ae9f0edb9e	 200 0ms GET /json
[38;5;6m INFO[0m [04:05:04] 32e217427eda43099a395e5314fbb136	 200 0ms GET /json
[38;5;6m INFO[0m [04:05:04] c3cbbc8f31114b579c2acf937e002a05	 200 0ms GET /json
[38;5;6m INFO[0m [04:05:04] 00be47ba5a214b3e9a13f07190e4e898	 200 0ms GET /json
[38;5;6m INFO[0m [04:05:04] 5d1c89810891450da5746cc285ff1b2a	 200 0ms GET /json
[38;5;6m INFO[0m [04:05:04] 397422839b5144a9aa63d1cbbe8ee6f8	 200 0ms GET /json
[38;5;6m INFO[0m [04:05:04] 06b7fb83dca54b799b706fe808ea80e0	 200 0ms GET /json
[38;5;6m INFO[0m [04:05:04] 7549808cf3b74460ae9b23499299e1e1	 200 0ms GET /json
[38;5;6m INFO[0m [04:05:04] 11755f174f624238b32fc17480c14803	 200 0ms GET /json
[38;5;6m INFO[0m [04:05:04] 1129a96000714f05bb26beacec067e20	 200 0ms GET /json
[38;5;6m INFO[0m [04:05:04] 0a4aafa048ef49e981dcbebb254d0299	 200 0ms GET /json
[38;5;6m INFO[0m [04:05:04] 6e9747111d1743ee8c3114a9c8e17028	 200 0ms GET /json
[38;5;6m INFO[0m [04:05:04] dbbe8d5add144ef8a5a70d6321524841	 200 0ms GET /json
[38;5;6m INFO[0m [04:05:04] 553f0a6fc76c49c7b762e893dfd570e8	 200 0ms GET /json
[38;5;6m INFO[0m [04:05:04] 2a7a27f1b1ac4064af7e647952a605e0	 200 0ms GET /json
[38;5;6m INFO[0m [04:05:04] 39b9346549044872883d1c7cc58fc032	 200 0ms GET /json
[38;5;6m INFO[0m [04:05:04] d85f9c8f934f4d0ea8c7302adc550c2d	 200 0ms GET /json
[38;5;6m INFO[0m [04:05:04] 7284f9816f8c4eca82fc8493f8c11663	 200 0ms GET /json
[38;5;6m INFO[0m [04:05:04] 278bd7b2ec874bd980f2b1502af647db	 200 0ms GET /json
[38;5;6m INFO[0m [04:05:04] e29a5ac7c4594e47aa08404754feae66	 200 0ms GET /json
[38;5;6m INFO[0m [04:05:04] a8f64c740d70407d826a147ab4a825d1	 200 0ms GET /json
[38;5;6m INFO[0m [04:05:04] f42502993dca4d5cb7e588ebb3fefe20	 200 0ms GET /json
[38;5;6m INFO[0m [04:05:04] aef2ce5fb23044f5ade9422ad1ffed1d	 200 0ms GET /json
[38;5;6m INFO[0m [04:05:04] b48410728c384f4b8a5cf7aec86e3ff7	 200 0ms GET /json
[38;5;6m INFO[0m [04:05:04] 647dbcde6b9e46f5b45b67ecbe5cc0da	 200 0ms GET /json
[38;5;6m INFO[0m [04:05:04] dbfe5fc0711c4915b840ae43add24460	 200 0ms GET /json
[38;5;6m INFO[0m [04:05:04] 683e46b109c0469bbc0ed686f1797341	 200 0ms GET /json
[38;5;6m INFO[0m [04:05:04] d011afa0d9b94584a9edf4dc19b6b932	 200 0ms GET /json
[38;5;6m INFO[0m [04:05:04] 237122aa938e4bc2a958bcd836f7783c	 200 0ms GET /json
[38;5;6m INFO[0m [04:05:04] f5d38a51b1e24a2d8063e0f8d1ec108b	 200 0ms GET /json
[38;5;6m INFO[0m [04:05:04] f54f9806d7ed41cc8a3504cc85267c79	 200 0ms GET /json
[38;5;6m INFO[0m [04:05:04] 142cc3312699467d994658701d1ccda3	 200 0ms GET /json
[38;5;6m INFO[0m [04:05:04] 8f963e9fd66e49f78595ba5f1405934b	 200 0ms GET /json
[38;5;6m INFO[0m [04:05:04] 69909a74530c4aa28d34532e521f3c2b	 200 0ms GET /json
[38;5;6m INFO[0m [04:05:04] 361950bbff7745039ae01ab68ac53e47	 200 0ms GET /json
[38;5;6m INFO[0m [04:05:04] 8f9dae42f2474c7ab0c9212f3cda813c	 200 0ms GET /json
[38;5;6m INFO[0m [04:05:04] 620c43ba77524dc4b1f3976bd36b6a10	 200 0ms GET /json
[38;5;6m INFO[0m [04:05:04] 0fb62114355f4a3aba89c3e878e3f45e	 200 0ms GET /json
[38;5;6m INFO[0m [04:05:04] 20f3ebafff7740d2b8be2cd9b29eabde	 200 0ms GET /json
[38;5;6m INFO[0m [04:05:04] 9209199b681949d7acb08fd8c5799f83	 200 0ms GET /json
[38;5;6m INFO[0m [04:05:04] e1220fa9a6d94b5aa3f041f48301cfbe	 200 0ms GET /json
[38;5;6m INFO[0m [04:05:04] fb8f42429dff4c11b809b93c74939f37	 200 0ms GET /json
[38;5;6m INFO[0m [04:05:04] ad02ceb94a4443039a238995a0bb7db5	 200 0ms GET /json
[38;5;6m INFO[0m [04:05:04] 3e54ac1ac7b04a739e462b46ef65d4d1	 200 0ms GET /json
[38;5;6m INFO[0m [04:05:04] 227560be8c2f401f8e3c358210b0f0e6	 200 0ms GET /json
[38;5;6m INFO[0m [04:05:04] 2846b0a5dd484a5597378b605a1947d0	 200 0ms GET /json
[38;5;6m INFO[0m [04:05:04] 829e89f09be24763b59fc11f6d152688	 200 0ms GET /json
[38;5;6m INFO[0m [04:05:04] d82f30a6a65d44ff967d17b818f02457	 200 0ms GET /json
[38;5;6m INFO[0m [04:05:04] 476f2341744c46cf91832ac6bba22695	 200 0ms GET /json
[38;5;6m INFO[0m [04:05:04] 936e63e9771c4e3d97d71d7530951ced	 200 0ms GET /json
[38;5;6m INFO[0m [04:05:04] 766819eb230d4628bec5bf527f07d35d	 200 0ms GET /json
[38;5;6m INFO[0m [04:05:04] 3b56732e619f454994b1305379e3b7f4	 200 0ms GET /json
[38;5;6m INFO[0m [04:05:04] 9c3c2e9749274be889ab4a968c6b2ac9	 200 0ms GET /json
[38;5;6m INFO[0m [04:05:04] de64bbfe7421464b91ca9cbfa5db84ef	 200 0ms GET /json
[38;5;6m INFO[0m [04:05:04] 9d2a81a181cf4d94a08a66e929fed470	 200 0ms GET /json
[38;5;6m INFO[0m [04:05:04] 4ab4f1f5edd84ab89bb540eb76968672	 200 0ms GET /json
[38;5;6m INFO[0m [04:05:04] 8215a543d92b4932bc2cde8fa315e133	 200 0ms GET /json
[38;5;6m INFO[0m [04:05:04] 7769c7ce79ef46f5ab6166d1720b90ec	 200 0ms GET /json
[38;5;6m INFO[0m [04:05:04] 004b43b365f0444f855452cae2d1f6e1	 200 0ms GET /json
[38;5;6m INFO[0m [04:05:04] de2f525579f14c508e8bf2221c313937	 200 0ms GET /json
[38;5;6m INFO[0m [04:05:04] 3c4d05dfc51b43d7846e07fb3e705597	 200 0ms GET /json
[38;5;6m INFO[0m [04:05:04] 4d0fb3043c4d4d3090d044f72e4d6592	 200 0ms GET /json
[38;5;6m INFO[0m [04:05:04] 497b0f867daf4c72a22aaf68a55144d6	 200 0ms GET /json
[38;5;6m INFO[0m [04:05:04] 7fa54d414d1049448642aac3f41832ae	 200 0ms GET /json
[38;5;6m INFO[0m [04:05:04] 9b1b41ff9a1f4e8893eaf23ee15ad911	 200 0ms GET /json
[38;5;6m INFO[0m [04:05:04] 18f2ebf8cf314362836624ff97726a66	 200 0ms GET /json
[38;5;6m INFO[0m [04:05:04] c0ee4249119a4bf6851243379da17484	 200 0ms GET /json
[38;5;6m INFO[0m [04:05:04] 35492378c1c945d3ba5fe0e359c7db8a	 200 0ms GET /json
[38;5;6m INFO[0m [04:05:04] 1f6f8b2d857c41aab285543bda1df9fc	 200 0ms GET /json
[38;5;6m INFO[0m [04:05:04] bc25d8fd9a3a423189a6d6c7aefb4cb5	 200 0ms GET /json
[38;5;6m INFO[0m [04:05:04] 317874a718624f6dba313a41d9fe0640	 200 0ms GET /json
[38;5;6m INFO[0m [04:05:04] 91541b07bf4f42ac83d88b588c41874b	 200 0ms GET /json
[38;5;6m INFO[0m [04:05:04] 5f6315b16e1a4511b9e9987607e482d7	 200 0ms GET /json
[38;5;6m INFO[0m [04:05:04] c714c008abf54590b9ef1553e959fdb9	 200 0ms GET /json
[38;5;6m INFO[0m [04:05:04] 9a65412c5e5a41c9ab5762f4e1742ac5	 200 0ms GET /json
[38;5;6m INFO[0m [04:05:04] 236f225248d3454aa491a7ee42669b1d	 200 0ms GET /json
[38;5;6m INFO[0m [04:05:04] 5c638ac4282b413b8461d65aaa414790	 200 0ms GET /json
[38;5;6m INFO[0m [04:05:04] 8aabd738b8664ae8a54368c32284204a	 200 0ms GET /json
[38;5;6m INFO[0m [04:05:04] e7cde71192864004a81c4d36aba52fbb	 200 0ms GET /json
[38;5;6m INFO[0m [04:05:04] eed6b21a7eaa45068d841ebaee03147e	 200 0ms GET /json
[38;5;6m INFO[0m [04:05:04] 48de7012385943a29b40e057288ca7e9	 200 0ms GET /json
[38;5;6m INFO[0m [04:05:04] 84d7183e9aac464c81666378e70372f9	 200 0ms GET /json
[38;5;6m INFO[0m [04:05:06] 1bd881b78bd64674b025fe0dbfd3a06b	 200 0ms GET /json
[38;5;6m INFO[0m [04:05:06] 89f5b510224d426184757befcc8e816f	 200 0ms GET /json
[38;5;6m INFO[0m [04:05:06] 8ebff3bf6f524ff8bae263e505ff321c	 200 0ms GET /json
[38;5;6m INFO[0m [04:05:06] 8b9bae0bf56046d4a5c8e06d38335a99	 200 0ms GET /json
[38;5;6m INFO[0m [04:05:06] d9796c25940c41bc9e58c23e71ede57e	 200 0ms GET /json
[38;5;6m INFO[0m [04:05:06] 302abc0965014060b3de842d7f8f1e95	 200 0ms GET /json
[38;5;6m INFO[0m [04:05:06] c4bfc154799246048969e5773de760eb	 200 0ms GET /json
[38;5;6m INFO[0m [04:05:06] b9e5c30f0ddf482f8aaea08b41a9efcd	 200 0ms GET /json
[38;5;6m INFO[0m [04:05:06] 56377d7b933546788d839221c2500d2b	 200 0ms GET /json
[38;5;6m INFO[0m [04:05:06] aa2ad542544143b4bf79112c9b0fe076	 200 0ms GET /json
[38;5;6m INFO[0m [04:05:06] 66254c13258d4476bc7e5c6c46609cd1	 200 0ms GET /json
[38;5;6m INFO[0m [04:05:06] 40bc642ef53941948b59d8dff06859a4	 200 0ms GET /json
[38;5;6m INFO[0m [04:05:06] 0e74952070064d46ae6da23de172c6ff	 200 0ms GET /json
[38;5;6m INFO[0m [04:05:06] fa4badd230cb45c1a228c970ecb884d3	 200 0ms GET /json
[38;5;6m INFO[0m [04:05:06] aa5952dafd524a8db1ca9da30ce33efc	 200 0ms GET /json
[38;5;6m INFO[0m [04:05:06] 8ca128354b094f85956fb2af472176e2	 200 0ms GET /json
[38;5;6m INFO[0m [04:05:06] ebb24f144d0a48d3b845125f1c4cb9b4	 200 0ms GET /json
[38;5;6m INFO[0m [04:05:06] 96e65f4273dc4fb8be511e3a34906de2	 200 0ms GET /json
[38;5;6m INFO[0m [04:05:06] 70bb4f6c09b040c2b2bb2fea0a47ab99	 200 0ms GET /json
[38;5;6m INFO[0m [04:05:06] dc4fe81670b9477ab5b6dca6a49e1b1f	 200 0ms GET /json
[38;5;6m INFO[0m [04:05:06] 331ae66d43a64e9d8381a9cb5abefb24	 200 0ms GET /json
[38;5;6m INFO[0m [04:05:06] 788726b3996e4382ae93418ca5500ed5	 200 0ms GET /json
[38;5;6m INFO[0m [04:05:06] 95c952ea1da2400187d9fd6ae7739ec1	 200 0ms GET /json
[38;5;6m INFO[0m [04:05:06] 876a1c2385784955903bc3eac5fbd680	 200 0ms GET /json
[38;5;6m INFO[0m [04:05:06] 55f80622a43a4ac99cbd985bcda67cec	 200 0ms GET /json
[38;5;6m INFO[0m [04:05:06] aa3ef5f016d64138b3b8740d3777cdd0	 200 0ms GET /json
[38;5;6m INFO[0m [04:05:06] 9c766f38581d4e2da4104c6a9fd03ee2	 200 0ms GET /json
[38;5;6m INFO[0m [04:05:06] c785354492ec44bbb649fc6b747d89d5	 200 0ms GET /json
[38;5;6m INFO[0m [04:05:06] a1651b6b8b9247b4a5cc5ea26efc47e6	 200 0ms GET /json
[38;5;6m INFO[0m [04:05:06] 4cb131888b3c44409df2a94bef3c1efa	 200 0ms GET /json
[38;5;6m INFO[0m [04:05:06] bf19f97b85104b4880a0d498006dbcaa	 200 0ms GET /json
[38;5;6m INFO[0m [04:05:06] b546d09b00ab4d9da8270d046f9c8632	 200 0ms GET /json
[38;5;6m INFO[0m [04:05:06] c3e0649826564810a78561889644003f	 200 0ms GET /json
[38;5;6m INFO[0m [04:05:06] 71cb7c83f4fc4e6ebd6fe86ac342d7e5	 200 0ms GET /json
[38;5;6m INFO[0m [04:05:06] 727400d9fe2d4adfbbb2e7b0ff379e8d	 200 0ms GET /json
[38;5;6m INFO[0m [04:05:06] 781d7fa80d014c0d9166c3266624ece0	 200 0ms GET /json
[38;5;6m INFO[0m [04:05:06] f9d2e0e9a1fa47ba9ae4c8b04a72b3c7	 200 0ms GET /json
[38;5;6m INFO[0m [04:05:06] fbcda189e9274b84ab7127f9beaece0a	 200 0ms GET /json
[38;5;6m INFO[0m [04:05:06] 9b053b28db9b47718cce900368def798	 200 0ms GET /json
[38;5;6m INFO[0m [04:05:06] 327fa4536dcf446985c155290025eab5	 200 0ms GET /json
[38;5;6m INFO[0m [04:05:06] c79965dab9d44208a31519825f69d22b	 200 0ms GET /json
[38;5;6m INFO[0m [04:05:06] 0801ccee06944692822a9581d2e34a09	 200 0ms GET /json
[38;5;6m INFO[0m [04:05:06] 40aab51138f140bfaa987c2780b77c22	 200 0ms GET /json
[38;5;6m INFO[0m [04:05:06] 40cc02c0936d4e36a8a75d667bca5856	 200 0ms GET /json
[38;5;6m INFO[0m [04:05:06] d6187f3267de423fb181b0402f24cf17	 200 0ms GET /json
[38;5;6m INFO[0m [04:05:06] dd4a8d73fa7f40e096a95cc6be632a1d	 200 0ms GET /json
[38;5;6m INFO[0m [04:05:06] 645ae4da443a40de916290152a84a350	 200 0ms GET /json
[38;5;6m INFO[0m [04:05:06] dc1e501a104c4abab11e360a37853d9f	 200 0ms GET /json
[38;5;6m INFO[0m [04:05:06] 8f767af2df5149578ab2def646ab3429	 200 0ms GET /json
[38;5;6m INFO[0m [04:05:06] 32c949d98ebb4079aebab10851689566	 200 0ms GET /json
[38;5;6m INFO[0m [04:05:06] 1628f3fcad44435ea4d0e774696f84e4	 200 0ms GET /json
[38;5;6m INFO[0m [04:05:06] 05978b2c943f4e488c3fadcf86dafd75	 200 0ms GET /json
[38;5;6m INFO[0m [04:05:06] b68e117ab238445cb3a72a595c4c5082	 200 0ms GET /json
[38;5;6m INFO[0m [04:05:06] f07a66947b564ed6900c75d4f1dcfe46	 200 0ms GET /json
[38;5;6m INFO[0m [04:05:06] af64124bd3ba40cfbf44a71865a9ab7f	 200 0ms GET /json
[38;5;6m INFO[0m [04:05:06] 0d667a4b4a7847f1834fe44dfaef2371	 200 0ms GET /json
[38;5;6m INFO[0m [04:05:06] 0f3782023f55431b8a52a812eaca1bc4	 200 0ms GET /json
[38;5;6m INFO[0m [04:05:06] 82a820c064b0480fbb221034a09df34d	 200 0ms GET /json
[38;5;6m INFO[0m [04:05:06] a4c3fc0f66e24683b0b913db184e7b0f	 200 0ms GET /json
[38;5;6m INFO[0m [04:05:06] e06fc0a3130c4f4da59b2a45059161cc	 200 0ms GET /json
[38;5;6m INFO[0m [04:05:06] a93e8604cd3c4bc18b586bbd19484e1d	 200 0ms GET /json
[38;5;6m INFO[0m [04:05:06] e26c370470b54d0d83fb95e6cc8dbe58	 200 0ms GET /json
[38;5;6m INFO[0m [04:05:06] 44eadf4788364d46ba295900d1578247	 200 0ms GET /json
[38;5;6m INFO[0m [04:05:06] 55f141c059be48ac8e985c2052659cdf	 200 0ms GET /json
[38;5;6m INFO[0m [04:05:06] 7a7e8b07f06e466f8c1fcfe34dfce7e3	 200 0ms GET /json
[38;5;6m INFO[0m [04:05:06] bbc95fcae67e4f1c8a8909013e16ae0c	 200 0ms GET /json
[38;5;6m INFO[0m [04:05:06] 2f38f5dc903f4218a97f27b8bbf66e01	 200 0ms GET /json
[38;5;6m INFO[0m [04:05:06] dd15f75ed6d04719a26459c8bd48956b	 200 0ms GET /json
[38;5;6m INFO[0m [04:05:06] 56fadbd2ff59449d9d4b914e286e1e7c	 200 0ms GET /json
[38;5;6m INFO[0m [04:05:06] 2847413b36c3449bb08d52c55ea3c692	 200 0ms GET /json
[38;5;6m INFO[0m [04:05:06] 67de7fe377204414a5e51ec8bd449c77	 200 0ms GET /json
[38;5;6m INFO[0m [04:05:06] b4de82a0902a4ef9b0ccf95da905c8be	 200 0ms GET /json
[38;5;6m INFO[0m [04:05:06] 9cda4eb4828242db80a7db5c817e62f7	 200 0ms GET /json
[38;5;6m INFO[0m [04:05:06] 15bba2fad84647d588d83847d2c243c9	 200 0ms GET /json
[38;5;6m INFO[0m [04:05:06] a1588e04420344cd86bd8386bce55a17	 200 0ms GET /json
[38;5;6m INFO[0m [04:05:06] fdcafedcd51542ce96baebbec0d687be	 200 0ms GET /json
[38;5;6m INFO[0m [04:05:06] 53d6154129a845afb29f96d00b739a54	 200 0ms GET /json
[38;5;6m INFO[0m [04:05:06] 14640e13175d4cb4a1255269643e4a12	 200 0ms GET /json
[38;5;6m INFO[0m [04:05:06] 37db766d577544dba24521813c2343a1	 200 0ms GET /json
[38;5;6m INFO[0m [04:05:06] 62db79e7ef8b483c9a044dd5014327e5	 200 0ms GET /json
[38;5;6m INFO[0m [04:05:06] 6fc93da2e28747198e489cdab9108120	 200 0ms GET /json
[38;5;6m INFO[0m [04:05:06] 29d735a93f1b4c2084ef25a7104e9f59	 200 0ms GET /json
[38;5;6m INFO[0m [04:05:06] 6b3196473d99474aabbc6567ae0b134f	 200 0ms GET /json
[38;5;6m INFO[0m [04:05:06] d49e65b3bdcf46a991dd311eead9b68b	 200 0ms GET /json
[38;5;6m INFO[0m [04:05:06] 8356d318a05743c091d68650dd8dfce3	 200 0ms GET /json
[38;5;6m INFO[0m [04:05:06] 5fec933bb3fd446581167422586031ab	 200 0ms GET /json
[38;5;6m INFO[0m [04:05:06] c16bfa658bb74d11a694f20847c600c9	 200 0ms GET /json
[38;5;6m INFO[0m [04:05:06] 901fc89d5c75414da23756f86e641c27	 200 0ms GET /json
[38;5;6m INFO[0m [04:05:06] bc55e93f31f04f439d0fee127dabe257	 200 0ms GET /json
[38;5;6m INFO[0m [04:05:06] 25bb5f0502504d5dbfe32cdcd69b9204	 200 0ms GET /json
[38;5;6m INFO[0m [04:05:06] fea45ffa80e7435988a0a7ab43d4644e	 200 0ms GET /json
[38;5;6m INFO[0m [04:05:06] 32f60db55c3141cc8ab965ec344d2c63	 200 0ms GET /json
[38;5;6m INFO[0m [04:05:06] 93b696f8d6094fa0896fc4d681a17a04	 200 0ms GET /json
[38;5;6m INFO[0m [04:05:06] 3a147b42d35e419da980fe4a0d5e1214	 200 0ms GET /json
[38;5;6m INFO[0m [04:05:06] 2404d40c3bfe4672b4ca38327dc181b6	 200 0ms GET /json
[38;5;6m INFO[0m [04:05:06] 21a6c7b4d78d46ceadd0490a1e446edf	 200 0ms GET /json
[38;5;6m INFO[0m [04:05:06] 0d77481068a048b88bbbc8f9cbde17fb	 200 0ms GET /json
[38;5;6m INFO[0m [04:05:06] f7c05c4afaf14211b0ffe45944e0f467	 200 0ms GET /json
[38;5;6m INFO[0m [04:05:06] 3c0bd27c32cd48319ee5232e2e5ca09c	 200 0ms GET /json
[38;5;6m INFO[0m [04:05:06] e04d8446f36544dfac085decedd434e0	 200 0ms GET /json
[38;5;6m INFO[0m [04:05:08] 683ace6e708a43b6aa423283df736168	 200 0ms GET /json
[38;5;6m INFO[0m [04:05:08] 20bda54f8ad2409eb4c8e6ec44d525bd	 200 0ms GET /json
[38;5;6m INFO[0m [04:05:08] 4c7b7abe36fd4b4da906f8ad59ea9b58	 200 0ms GET /json
[38;5;6m INFO[0m [04:05:08] 4214043606b34e4098456aa65129fcc4	 200 0ms GET /json
[38;5;6m INFO[0m [04:05:08] 1b5ca55d6c564220b92c7bc668a23d80	 200 0ms GET /json
[38;5;6m INFO[0m [04:05:08] 057e964ac85746a3899c47bedda92b2f	 200 0ms GET /json
[38;5;6m INFO[0m [04:05:08] 50c9fcbd36bd4743a2934f66c286360b	 200 0ms GET /json
[38;5;6m INFO[0m [04:05:08] baacd38e22144342ade69ee1f9f450e4	 200 0ms GET /json
[38;5;6m INFO[0m [04:05:08] cca6270a08854992bb2b4148913b36c7	 200 0ms GET /json
[38;5;6m INFO[0m [04:05:08] 884d4222dcca420485057b9bdd768996	 200 0ms GET /json
[38;5;6m INFO[0m [04:05:08] 4370abb4f485462c893a5da97abe8845	 200 0ms GET /json
[38;5;6m INFO[0m [04:05:08] ff4b84714c2c451d9a674905791dfba6	 200 0ms GET /json
[38;5;6m INFO[0m [04:05:08] f74a792ae48b4ef2994de36ca2e6e7dc	 200 0ms GET /json
[38;5;6m INFO[0m [04:05:08] 11576783f7a8408e8fb8ba80baf2bcd1	 200 0ms GET /json
[38;5;6m INFO[0m [04:05:08] c0184ac98fa841bfb92ef756b62c9afb	 200 0ms GET /json
[38;5;6m INFO[0m [04:05:08] afb5c66e8c3b4cceacc488c3f8e8fb81	 200 0ms GET /json
[38;5;6m INFO[0m [04:05:08] 9a60cf20cae349c283d9a8efcc66607d	 200 0ms GET /json
[38;5;6m INFO[0m [04:05:08] 650fe85bca2a467191e0c25d7b7653ca	 200 0ms GET /json
[38;5;6m INFO[0m [04:05:08] 2be44b8a6b5d4c1da083c6543b798fdf	 200 0ms GET /json
[38;5;6m INFO[0m [04:05:08] a92cf18c0bb24d49a629cf3863e1de06	 200 0ms GET /json
[38;5;6m INFO[0m [04:05:08] dbc17e49a5c94faea3464eae0c193af4	 200 0ms GET /json
[38;5;6m INFO[0m [04:05:08] 129d1acc7bbc457dbb2956ddd1c94fd0	 200 0ms GET /json
[38;5;6m INFO[0m [04:05:08] ba928666c12c49809071c3cbb45c6bf5	 200 0ms GET /json
[38;5;6m INFO[0m [04:05:08] 26252d6b64ba4be7b903d11fadd55cf5	 200 0ms GET /json
[38;5;6m INFO[0m [04:05:08] 840ea383069a4c5c9b55e10d4ebf3a6c	 200 0ms GET /json
[38;5;6m INFO[0m [04:05:08] 8a990e61f59741af8385f4ef824204f9	 200 0ms GET /json
[38;5;6m INFO[0m [04:05:08] d9854615f5064360922cfa0685fe23c4	 200 0ms GET /json
[38;5;6m INFO[0m [04:05:08] 2870d80874d342398ae9449664655dba	 200 0ms GET /json
[38;5;6m INFO[0m [04:05:08] 25bae2a63b794555a07d665254e81382	 200 0ms GET /json
[38;5;6m INFO[0m [04:05:08] 8242fb19de9d49a6b925fd0510dd0779	 200 0ms GET /json
[38;5;6m INFO[0m [04:05:08] 382b4459e4ac40c3be66bee950d91027	 200 0ms GET /json
[38;5;6m INFO[0m [04:05:08] 84822de6ba0a43bca2e5e017fe3d7238	 200 0ms GET /json
[38;5;6m INFO[0m [04:05:08] 03a35af16fbf42fd8b4746beaac4897e	 200 0ms GET /json
[38;5;6m INFO[0m [04:05:08] 475b1cdc528249aea712630db808c402	 200 0ms GET /json
[38;5;6m INFO[0m [04:05:08] f809190eba834b42891b269df362d7f4	 200 0ms GET /json
[38;5;6m INFO[0m [04:05:08] 6fa8be41741b4566953e28c50d696fc9	 200 0ms GET /json
[38;5;6m INFO[0m [04:05:08] 52105468337246cda221547a2939e095	 200 0ms GET /json
[38;5;6m INFO[0m [04:05:08] c0eeca7682fb4ad1adda6f29ac8eac39	 200 0ms GET /json
[38;5;6m INFO[0m [04:05:08] a384a8d1d07942df9c690baa5b776c1c	 200 0ms GET /json
[38;5;6m INFO[0m [04:05:08] e1bf17cde1f44db2ae8871edd053de1a	 200 0ms GET /json
[38;5;6m INFO[0m [04:05:08] f3a13646bb9746969b52e6bd4d63d3b9	 200 0ms GET /json
[38;5;6m INFO[0m [04:05:08] 4b4c52241b4b4b84a77b3debc1989726	 200 0ms GET /json
[38;5;6m INFO[0m [04:05:08] e1f271fac7cd4d94acb6103f50509886	 200 0ms GET /json
[38;5;6m INFO[0m [04:05:08] 6254bd560f534694824b684656d67db8	 200 0ms GET /json
[38;5;6m INFO[0m [04:05:08] 63bf86bba78146c5a3913d7bc9ca3390	 200 0ms GET /json
[38;5;6m INFO[0m [04:05:08] b8d37c7a677a41788929ac15c989a0e6	 200 0ms GET /json
[38;5;6m INFO[0m [04:05:08] 210132cb533e483fab456178c051640a	 200 0ms GET /json
[38;5;6m INFO[0m [04:05:08] 929e46b186da47b79ecbc294190cb02f	 200 0ms GET /json
[38;5;6m INFO[0m [04:05:08] 9b38fa6e8b6a48b2965ba95f4bbeade4	 200 0ms GET /json
[38;5;6m INFO[0m [04:05:08] 1eee803569d141c6a58e49560fcee35e	 200 0ms GET /json
[38;5;6m INFO[0m [04:05:08] 4bf1eb70068143069632dbacc1172cc7	 200 0ms GET /json
[38;5;6m INFO[0m [04:05:08] 375f48fde07846eaa505dfd5679bd351	 200 0ms GET /json
[38;5;6m INFO[0m [04:05:08] 573149442c264771b461e53fc9fe2d31	 200 0ms GET /json
[38;5;6m INFO[0m [04:05:08] 35df43b4b1f549f49b014e44c451659d	 200 0ms GET /json
[38;5;6m INFO[0m [04:05:08] bfa85a99334f41edbacc0f90f205a937	 200 0ms GET /json
[38;5;6m INFO[0m [04:05:08] c99394fca24146a081ebc979ba33de9b	 200 0ms GET /json
[38;5;6m INFO[0m [04:05:08] 7eafaac1482b48dabd3fd5064d91ef1c	 200 0ms GET /json
[38;5;6m INFO[0m [04:05:08] d537fb18ca3947e79878a1c6767fefe8	 200 0ms GET /json
[38;5;6m INFO[0m [04:05:08] 7ce1321a8db540df8bb3de90f9962876	 200 0ms GET /json
[38;5;6m INFO[0m [04:05:08] 90902b4ff0cb4b3f99557da8d5ed76f3	 200 0ms GET /json
[38;5;6m INFO[0m [04:05:08] 3f88245265e940ada3e7342a0d407a06	 200 0ms GET /json
[38;5;6m INFO[0m [04:05:08] 0c1250621dc040f7bd4cac35cc6d9b69	 200 0ms GET /json
[38;5;6m INFO[0m [04:05:08] 8de413edb5f748d59d87ac7808fc4bb8	 200 0ms GET /json
[38;5;6m INFO[0m [04:05:08] de82a78681fc41d3a6e2c55ac48b4dc8	 200 0ms GET /json
[38;5;6m INFO[0m [04:05:08] 5864adcee5154846b689685607b3f106	 200 0ms GET /json
[38;5;6m INFO[0m [04:05:08] 9ebfcba33c1d41efb87d5323a6a6aa11	 200 0ms GET /json
[38;5;6m INFO[0m [04:05:08] 680dedaeacc14685b12a2ec89fe38513	 200 0ms GET /json
[38;5;6m INFO[0m [04:05:08] c6daf15e8c6342c192095c935a89c7e7	 200 0ms GET /json
[38;5;6m INFO[0m [04:05:08] e42dd6db5a0a40689555fe006a7e28ec	 200 0ms GET /json
[38;5;6m INFO[0m [04:05:08] fda627b47c5049638a497ec0b8910143	 200 0ms GET /json
[38;5;6m INFO[0m [04:05:08] 145ff7c5720c4a2aba3bb9a0e3e020d3	 200 0ms GET /json
[38;5;6m INFO[0m [04:05:08] e4e982bac4344ce7be94445011421bee	 200 0ms GET /json
[38;5;6m INFO[0m [04:05:08] c00284a70d414377a2712385835086b2	 200 0ms GET /json
[38;5;6m INFO[0m [04:05:08] b8ac49c2d17b4a69ad464b8e39c2a398	 200 0ms GET /json
[38;5;6m INFO[0m [04:05:08] e2b6592235d943dd8707c26757fe722c	 200 0ms GET /json
[38;5;6m INFO[0m [04:05:08] 8462eac8433f403c8186eca9a9b23432	 200 0ms GET /json
[38;5;6m INFO[0m [04:05:08] 0f8b7606c85e47049eb936ca5f22588a	 200 0ms GET /json
[38;5;6m INFO[0m [04:05:08] b7d1ea6ef374460986c8b63a0c666dc1	 200 0ms GET /json
[38;5;6m INFO[0m [04:05:08] da6633d6bf8e494d97e59389542f9ca8	 200 0ms GET /json
[38;5;6m INFO[0m [04:05:08] 9cf907b7a52f4ed680298b23fb7be205	 200 0ms GET /json
[38;5;6m INFO[0m [04:05:08] 6f6681fbd8664e879b6e23ecb1909100	 200 0ms GET /json
[38;5;6m INFO[0m [04:05:08] e93e8a6e13a84797a04f30c480400af6	 200 0ms GET /json
[38;5;6m INFO[0m [04:05:08] dadcf1da8bc741dbb08bdb0ebf321aba	 200 0ms GET /json
[38;5;6m INFO[0m [04:05:08] c90bad12e5364439a0bb13a3baaa9a6b	 200 0ms GET /json
[38;5;6m INFO[0m [04:05:08] 2f5509dc6fa04edf86c4b05864d03e87	 200 0ms GET /json
[38;5;6m INFO[0m [04:05:08] 0d90fe83cc4b494bba5b865369f569d2	 200 0ms GET /json
[38;5;6m INFO[0m [04:05:08] a0ebfa83b3f949688ec8cc5c9a84fb2f	 200 0ms GET /json
[38;5;6m INFO[0m [04:05:08] b4ccf8cc61d04b31af88d918ea81c226	 200 0ms GET /json
[38;5;6m INFO[0m [04:05:08] 83f35ce62ab643008479b39285eb9279	 200 0ms GET /json
[38;5;6m INFO[0m [04:05:08] e0e9ae372e024879b22d724b10d01a1c	 200 0ms GET /json
[38;5;6m INFO[0m [04:05:08] f1cffc0b9e564a6a8e719675031fe5f2	 200 0ms GET /json
[38;5;6m INFO[0m [04:05:08] 39bce70eb6af4cca979eef03dce82674	 200 0ms GET /json
[38;5;6m INFO[0m [04:05:08] 71de1d46734546888700acf266590b61	 200 0ms GET /json
[38;5;6m INFO[0m [04:05:08] 695558b131a74daf87553ebabab87cc6	 200 0ms GET /json
[38;5;6m INFO[0m [04:05:08] b3327da993b24a7c930137abe4e9ce95	 200 0ms GET /json
[38;5;6m INFO[0m [04:05:08] c87c6319bac1487d801dcac9803a3101	 200 0ms GET /json
[38;5;6m INFO[0m [04:05:08] 40ca153734d3421a96a7202406fde674	 200 0ms GET /json
[38;5;6m INFO[0m [04:05:08] 4ddea6989fc54861ae611006b03a9df6	 200 0ms GET /json
[38;5;6m INFO[0m [04:05:08] 51b1dbf32b7f4ca187892cac279d0879	 200 0ms GET /json
[38;5;6m INFO[0m [04:05:08] a9f03b8d27f94808891feae573aa0a9c	 200 0ms GET /json
[38;5;6m INFO[0m [04:05:10] 4b15a2e3bfd548b7bddb5c058727b043	 200 0ms GET /json
[38;5;6m INFO[0m [04:05:10] 8bf697c5f2054da3b82788812ddd3572	 200 0ms GET /json
[38;5;6m INFO[0m [04:05:10] 9420e132934d4336b0d7532b78e8dfa1	 200 0ms GET /json
[38;5;6m INFO[0m [04:05:10] f4fd4e09a1344eae8616b17a78642507	 200 0ms GET /json
[38;5;6m INFO[0m [04:05:10] 1715e2de3a9f4315a0809f54e4e54c84	 200 0ms GET /json
[38;5;6m INFO[0m [04:05:10] 99d6d7a59f5548b38d33a6dc8420b002	 200 0ms GET /json
[38;5;6m INFO[0m [04:05:10] 1736922abe0d4f3b8bc017b286aa9d8b	 200 0ms GET /json
[38;5;6m INFO[0m [04:05:10] f9c08b44eda54cae98e954f46fbf41d7	 200 0ms GET /json
[38;5;6m INFO[0m [04:05:10] 8b6e88c5ad394a96a13e815314edbaec	 200 0ms GET /json
[38;5;6m INFO[0m [04:05:10] a9c1a0032eb343a7a4bff5d22d702bd1	 200 0ms GET /json
[38;5;6m INFO[0m [04:05:10] 5e48401b6b304dcb8409404024cd1078	 200 0ms GET /json
[38;5;6m INFO[0m [04:05:10] a1392376ada84ca8a490689be925b645	 200 0ms GET /json
[38;5;6m INFO[0m [04:05:10] 31091bb185d24a53ac154e87a8d446cf	 200 0ms GET /json
[38;5;6m INFO[0m [04:05:10] 803ce5964d884b6e92af713e8ff255b0	 200 0ms GET /json
[38;5;6m INFO[0m [04:05:10] 9b99e4a2034348a993e7cbcc2f835e80	 200 0ms GET /json
[38;5;6m INFO[0m [04:05:10] cbbfc57ab13541ef808933a6925d3d7e	 200 0ms GET /json
[38;5;6m INFO[0m [04:05:10] ffe9a870afd845dcb6269945ba122c9f	 200 0ms GET /json
[38;5;6m INFO[0m [04:05:10] 5b4fa6fd5b084a21ad6d707b98255dfe	 200 0ms GET /json
[38;5;6m INFO[0m [04:05:10] d34259f8c96f43ffb69b0990fedf5250	 200 0ms GET /json
[38;5;6m INFO[0m [04:05:10] 0779dce36cdf42788f9987743fa062ab	 200 0ms GET /json
[38;5;6m INFO[0m [04:05:10] 45f7afa159904404b3014a1330f7393a	 200 0ms GET /json
[38;5;6m INFO[0m [04:05:10] fd4834d24321416fa34d8637284d0c16	 200 0ms GET /json
[38;5;6m INFO[0m [04:05:10] 49938fed139443be8b40150eedbea76e	 200 0ms GET /json
[38;5;6m INFO[0m [04:05:10] f5e82db52866444983ddc8179f20c5fb	 200 0ms GET /json
[38;5;6m INFO[0m [04:05:10] 688f76996dcd4ffea469f3f7bddd30b4	 200 0ms GET /json
[38;5;6m INFO[0m [04:05:10] f21bbfcf2c47443aae4d1241c395d00e	 200 0ms GET /json
[38;5;6m INFO[0m [04:05:10] 078a1267e1b34f29a2a7063d92612ab6	 200 0ms GET /json
[38;5;6m INFO[0m [04:05:10] 56172e63270c49a8b4d090e22c5dbfae	 200 0ms GET /json
[38;5;6m INFO[0m [04:05:10] 9f9ce8fc26004cdd82873b0d6750fe8b	 200 0ms GET /json
[38;5;6m INFO[0m [04:05:10] 778b032909a945c8812c600576e86600	 200 0ms GET /json
[38;5;6m INFO[0m [04:05:10] 64311452beaa460ab92e61b96309c578	 200 0ms GET /json
[38;5;6m INFO[0m [04:05:10] 0b44979caa0a402c80bfa66585cb56bc	 200 0ms GET /json
[38;5;6m INFO[0m [04:05:10] fb87b5fbeaeb4451ba7af64ff366c338	 200 0ms GET /json
[38;5;6m INFO[0m [04:05:10] bd989831fde54bd98dbd271b10c64f68	 200 0ms GET /json
[38;5;6m INFO[0m [04:05:10] f1c57e56504b44cb98d52a4eec36b69a	 200 0ms GET /json
[38;5;6m INFO[0m [04:05:10] fc70101207b84ab5a91e307893a05f2f	 200 0ms GET /json
[38;5;6m INFO[0m [04:05:10] 1d5f6c3172db4957a520588a99f88ea8	 200 0ms GET /json
[38;5;6m INFO[0m [04:05:10] fa8c8e5560ce4af2913aa1bf714be20e	 200 0ms GET /json
[38;5;6m INFO[0m [04:05:10] 52ac35950f6b4caa9380c1b914313686	 200 0ms GET /json
[38;5;6m INFO[0m [04:05:10] b26ffea4b8534340b0780e3b887b39db	 200 0ms GET /json
[38;5;6m INFO[0m [04:05:10] e00db4f53538497181223fbe4091a666	 200 0ms GET /json
[38;5;6m INFO[0m [04:05:10] 9738b8ed4d45402dae4cddc6eac1e078	 200 0ms GET /json
[38;5;6m INFO[0m [04:05:10] c6c1a320d3324e39a6b3f147f2b2bfd1	 200 0ms GET /json
[38;5;6m INFO[0m [04:05:10] 4e91d5c5d8d34a1ea43de5c9113d7059	 200 0ms GET /json
[38;5;6m INFO[0m [04:05:10] 8292f8271b8b4394b07fc55fd59b1c9f	 200 0ms GET /json
[38;5;6m INFO[0m [04:05:10] 5348867d059f4e04afa5cacb3b833f59	 200 0ms GET /json
[38;5;6m INFO[0m [04:05:10] 0c935256ee7149f58e35bde1aba59405	 200 0ms GET /json
[38;5;6m INFO[0m [04:05:10] e64029544d424790a6379aea2cdeb9d7	 200 0ms GET /json
[38;5;6m INFO[0m [04:05:10] 7c86dcdb200c463da1e46b4cc67fbcaf	 200 0ms GET /json
[38;5;6m INFO[0m [04:05:10] d1587827fda84ec0bff718b83363373a	 200 0ms GET /json
[38;5;6m INFO[0m [04:05:10] 3842367163be4097822776c01cf79c18	 200 0ms GET /json
[38;5;6m INFO[0m [04:05:10] 8226f9deffa44399a475221c9b12ab29	 200 0ms GET /json
[38;5;6m INFO[0m [04:05:10] 0bdb7fb6aead45049e9c816a034afed2	 200 0ms GET /json
[38;5;6m INFO[0m [04:05:10] c640d70592fc411a80616770f95ea4a3	 200 0ms GET /json
[38;5;6m INFO[0m [04:05:10] 80f0efc4ede54e50850d3136fed6c9d6	 200 0ms GET /json
[38;5;6m INFO[0m [04:05:10] 70975e9125c84d2c822609399dadf1d9	 200 0ms GET /json
[38;5;6m INFO[0m [04:05:10] 4ca70912b8dc4929837fac0ffaa97bcf	 200 0ms GET /json
[38;5;6m INFO[0m [04:05:10] fafa3d359cfd431baa72c728869b3368	 200 0ms GET /json
[38;5;6m INFO[0m [04:05:10] 8f347960fbc74525a7a0d2481b8e3680	 200 0ms GET /json
[38;5;6m INFO[0m [04:05:10] ee9027ca2c8448f8a132651e3ecf02ad	 200 0ms GET /json
[38;5;6m INFO[0m [04:05:10] ddef0cb5ab104b4fb898dea3cbb2dc2b	 200 0ms GET /json
[38;5;6m INFO[0m [04:05:10] 6a61cb114e03466089e7ba90b62ac190	 200 0ms GET /json
[38;5;6m INFO[0m [04:05:10] 7fa67ff8f6de44dab5cb964561ed15c9	 200 0ms GET /json
[38;5;6m INFO[0m [04:05:10] 29059c7817164715a10152758adc3fcd	 200 0ms GET /json
[38;5;6m INFO[0m [04:05:10] ad44796b265b45e1b458a73ef5ed0088	 200 0ms GET /json
[38;5;6m INFO[0m [04:05:10] 21e5d52bfbbe4072be415c97c12a4609	 200 0ms GET /json
[38;5;6m INFO[0m [04:05:10] 22c9858b722940189ee4c7562c710fac	 200 0ms GET /json
[38;5;6m INFO[0m [04:05:10] 782f80173b6f4248b04652a63eaae691	 200 0ms GET /json
[38;5;6m INFO[0m [04:05:10] 76e3687a08e34356a66ea62bf23935c5	 200 0ms GET /json
[38;5;6m INFO[0m [04:05:10] cbdf3bde4e3a499da651623e4a5109f1	 200 0ms GET /json
[38;5;6m INFO[0m [04:05:10] b79e7c75d5bb43e494cc24f395b2557c	 200 0ms GET /json
[38;5;6m INFO[0m [04:05:10] c22e42c2f99d4504a7be8eaf835197a6	 200 0ms GET /json
[38;5;6m INFO[0m [04:05:10] 813cfda4fa794187b70bb85b6f62b2c1	 200 0ms GET /json
[38;5;6m INFO[0m [04:05:10] e84630946cdd41debc72ad08b1362928	 200 0ms GET /json
[38;5;6m INFO[0m [04:05:10] 4a8d9c01562f4029bbc727a43c6f691e	 200 0ms GET /json
[38;5;6m INFO[0m [04:05:10] 090188ce80df47999edfe7c19399187c	 200 0ms GET /json
[38;5;6m INFO[0m [04:05:10] 4886785a729b468c98c47c522a16f3f1	 200 0ms GET /json
[38;5;6m INFO[0m [04:05:10] 9b8bb37c8a064d8fb483b7afbb46c867	 200 0ms GET /json
[38;5;6m INFO[0m [04:05:10] 91a79f61d9c7491287cbc9dae21acb33	 200 0ms GET /json
[38;5;6m INFO[0m [04:05:10] 9ecf35ae25ee43ae91654241e0b2e173	 200 0ms GET /json
[38;5;6m INFO[0m [04:05:10] 021bf874fb704d928d4525e6b54bf7dd	 200 0ms GET /json
[38;5;6m INFO[0m [04:05:10] c364a3b1026f4d61b9b03081f6711d72	 200 0ms GET /json
[38;5;6m INFO[0m [04:05:10] 82614b831b1349c8bece7da8f8c76070	 200 0ms GET /json
[38;5;6m INFO[0m [04:05:10] af7980c589e04186b04b29a33f5d0700	 200 0ms GET /json
[38;5;6m INFO[0m [04:05:10] 32e8ccfdb3b24ac7af8fc8e68529267d	 200 0ms GET /json
[38;5;6m INFO[0m [04:05:10] 5f8153f7d9c440d8b72690e56d76313a	 200 0ms GET /json
[38;5;6m INFO[0m [04:05:10] abf17ef9864b4a3a8a3f33472dcbd97a	 200 0ms GET /json
[38;5;6m INFO[0m [04:05:10] 5f8a0c3f525846be9eda56dbd2576c14	 200 0ms GET /json
[38;5;6m INFO[0m [04:05:10] 83b278b2fc0c46ca9206c94d727d6ffe	 200 0ms GET /json
[38;5;6m INFO[0m [04:05:10] 756c9a0b880d4c17b53cd878e7c19fd7	 200 0ms GET /json
[38;5;6m INFO[0m [04:05:10] 72c17da0499a428990103f596249a790	 200 0ms GET /json
[38;5;6m INFO[0m [04:05:10] ab9a555426ae4e8081751b93eac6e932	 200 0ms GET /json
[38;5;6m INFO[0m [04:05:10] efd4da81f4f14d7dafc1ab7e50b17d56	 200 0ms GET /json
[38;5;6m INFO[0m [04:05:10] 8abe06463f4048a6a96284fb547bbd0d	 200 0ms GET /json
[38;5;6m INFO[0m [04:05:10] e33172c5458b4d7b85df6e8428736b8f	 200 0ms GET /json
[38;5;6m INFO[0m [04:05:10] 3c283cfabaaa4f349b27bd9f71c57422	 200 0ms GET /json
[38;5;6m INFO[0m [04:05:10] 5acd5716c9ae411e851d8f85d13f6790	 200 0ms GET /json
[38;5;6m INFO[0m [04:05:10] ac3f7b77a1a64706b9285a31edbef543	 200 0ms GET /json
[38;5;6m INFO[0m [04:05:10] e9e214bfb29d4b13b7dacc7f92a00380	 200 0ms GET /json
[38;5;6m INFO[0m [04:05:10] 5254b20aad9c4b25a9dc895eacc98e8b	 200 0ms GET /json
[38;5;6m INFO[0m [04:05:10] a6e98f77fb7144699d2e75c61b90bfc1	 200 0ms GET /json
[38;5;6m INFO[0m [04:05:10] 00f084d628054ca19898c8352b0f182b	 200 0ms GET /json
[38;5;6m INFO[0m [04:05:10] ca93f49e0acd4e2b81b89cb36ce92c90	 200 0ms GET /json
[38;5;6m INFO[0m [04:05:10] fdf76dafa988481abdd35152c92e93af	 200 0ms GET /json
[38;5;6m INFO[0m [04:05:10] b2057d85c94a4f73861aef58e5c66bba	 200 0ms GET /json
[38;5;6m INFO[0m [04:05:10] 982921748ceb444ea9765cca659cb9e1	 200 0ms GET /json
[38;5;6m INFO[0m [04:05:10] 405df13541e440cd99ec40f7b8250d6a	 200 0ms GET /json
[38;5;6m INFO[0m [04:05:10] c153d6e3272741658dc84f88219b150f	 200 0ms GET /json
[38;5;6m INFO[0m [04:05:10] 8e6e366b0e954b3598805c5c2b5a35a4	 200 0ms GET /json
[38;5;6m INFO[0m [04:05:10] 6c3c1b85c13b4b0e81687a655d6d7a71	 200 0ms GET /json
[38;5;6m INFO[0m [04:05:10] 0422c714375b435d980fbad27563a456	 200 0ms GET /json
[38;5;6m INFO[0m [04:05:10] 0a63063884b0411a9de8dba2b7fbcd7c	 200 0ms GET /json
[38;5;6m INFO[0m [04:05:10] 9f3c1e240738416fba0796695015336c	 200 0ms GET /json
[38;5;6m INFO[0m [04:05:10] 03feabecb6d94559b2b09ba07e294210	 200 0ms GET /json
[38;5;6m INFO[0m [04:05:10] 474e8b3314ed4f9ca78d291d60308c6e	 200 0ms GET /json
[38;5;6m INFO[0m [04:05:10] adb5ab0375b84d6db23dfe6e2568292a	 200 0ms GET /json
[38;5;6m INFO[0m [04:05:10] f55f51edc6c341298aaca738b862d758	 200 0ms GET /json
[38;5;6m INFO[0m [04:05:10] a31f3cdd858a417b8fc630180f6c3772	 200 0ms GET /json
[38;5;6m INFO[0m [04:05:10] 63f4e9b5963b43349f95b8051a9f3152	 200 0ms GET /json
[38;5;6m INFO[0m [04:05:10] 681251039c124f16a783dd785644e6f0	 200 0ms GET /json
[38;5;6m INFO[0m [04:05:10] 9830ffeb27ec48889d1339705e61d3c1	 200 0ms GET /json
[38;5;6m INFO[0m [04:05:10] 863cf27404c4490e9958862be0fb768a	 200 0ms GET /json
[38;5;6m INFO[0m [04:05:10] a7590afa448d4dab96326537ca87032c	 200 0ms GET /json
[38;5;6m INFO[0m [04:05:10] 056b47ae9a2a438d8eb791b14e5aba2b	 200 0ms GET /json
[38;5;6m INFO[0m [04:05:10] 060a9da4eb9647fdbaaf568cb56a5fd1	 200 0ms GET /json
[38;5;6m INFO[0m [04:05:10] 2422b8116a344e25b2224083ad1c3b43	 200 0ms GET /json
[38;5;6m INFO[0m [04:05:10] 3b1f10d79d4c4fdfa18c167bffbe18f1	 200 0ms GET /json
[38;5;6m INFO[0m [04:05:10] c294bf1123d3417f9c07aaa56c28132e	 200 0ms GET /json
[38;5;6m INFO[0m [04:05:10] fca509f25587459fa3be546325ddafa8	 200 0ms GET /json
[38;5;6m INFO[0m [04:05:10] 6d53a410ba7a4acc89de8e7f00162f3d	 200 0ms GET /json
[38;5;6m INFO[0m [04:05:10] baaa7f6040a240998e5163863300ae58	 200 0ms GET /json
[38;5;6m INFO[0m [04:05:10] 578c68a07474400486b8c4b8bf62c679	 200 0ms GET /json
[38;5;6m INFO[0m [04:05:10] e5f6cd7974c246ecbbd75344a63dfe47	 200 0ms GET /json
[38;5;6m INFO[0m [04:05:10] 03b8159a61ab495297e6a19104e387c6	 200 0ms GET /json
[38;5;6m INFO[0m [04:05:10] b1f06d07b17f49e8997f939eb09dd9b1	 200 0ms GET /json
[38;5;6m INFO[0m [04:05:10] d9bc122419bf445aa07333c084aacffb	 200 0ms GET /json
[38;5;6m INFO[0m [04:05:10] b29675466e40477bbb021e7d46755c3f	 200 0ms GET /json
[38;5;6m INFO[0m [04:05:10] e7edffa1480741b88bc7f6181acbae1a	 200 0ms GET /json
[38;5;6m INFO[0m [04:05:10] 2a21d798839f402ca6bf9b5908168816	 200 0ms GET /json
[38;5;6m INFO[0m [04:05:10] 08f7cf380a984765a81e945a68997155	 200 0ms GET /json
[38;5;6m INFO[0m [04:05:10] 1f02a018b9ea420e8133b72c92480d0d	 200 0ms GET /json
[38;5;6m INFO[0m [04:05:10] 24bba5da8da44c49a58d1f55968c8550	 200 0ms GET /json
[38;5;6m INFO[0m [04:05:10] 376dcdeecacd47178957687d7a5d5bef	 200 0ms GET /json
[38;5;6m INFO[0m [04:05:10] 241024e78c724cf4b574f16b6901642a	 200 0ms GET /json
[38;5;6m INFO[0m [04:05:10] 91aed28950434ca7a9022cc58c930b9a	 200 0ms GET /json
[38;5;6m INFO[0m [04:05:10] ca46c64f627b43c38cfedc80e05800c2	 200 0ms GET /json
[38;5;6m INFO[0m [04:05:10] 8cc87896f8b24f6f9b1259036db96770	 200 0ms GET /json
[38;5;6m INFO[0m [04:05:10] be331e9443594223b6bf7552a0e4b4e6	 200 0ms GET /json
[38;5;6m INFO[0m [04:05:10] 4117603af2f64cc4a2471a068e192b0f	 200 0ms GET /json
[38;5;6m INFO[0m [04:05:10] 4d19aef363f843528fc592784acb0604	 200 0ms GET /json
[38;5;6m INFO[0m [04:05:10] 2ff6350f5f264440841f0d1b6e0ecbcf	 200 0ms GET /json
[38;5;6m INFO[0m [04:05:10] 9bbac0204a5f478cabac17c486cd32cd	 200 0ms GET /json
[38;5;6m INFO[0m [04:05:10] af9414c2f9894853a51dfbd94d6252ff	 200 0ms GET /json
[38;5;6m INFO[0m [04:05:10] 2e518eff31e24a0884e79a5db8fa4462	 200 0ms GET /json
[38;5;6m INFO[0m [04:05:10] 9ce1ca4733d5470686b706cd882ebfbf	 200 0ms GET /json
[38;5;6m INFO[0m [04:05:10] ead5fa0b71814d3ca6d863eb04a4511b	 200 0ms GET /json
[38;5;6m INFO[0m [04:05:10] 60255ac19629454ca77c6ff05814e646	 200 0ms GET /json
[38;5;6m INFO[0m [04:05:10] 3c8567d3d455412b850bf7c1d3f193fb	 200 0ms GET /json
[38;5;6m INFO[0m [04:05:10] 1cf4c8291da24a8988f01c18d3b92011	 200 0ms GET /json
[38;5;6m INFO[0m [04:05:10] 68680ff6c4b8405a8cdaac8045a39117	 200 0ms GET /json
[38;5;6m INFO[0m [04:05:10] ffcc123ca46940dda68087f23d3ac003	 200 0ms GET /json
[38;5;6m INFO[0m [04:05:10] 68822fa0ba1240d5a0ca11c9f57cfd53	 200 0ms GET /json
[38;5;6m INFO[0m [04:05:10] 8f648faea5504ebaae6b7f9d61577495	 200 0ms GET /json
[38;5;6m INFO[0m [04:05:10] 4a87b4d76f8f415e9c48559299f4effe	 200 0ms GET /json
[38;5;6m INFO[0m [04:05:10] 9c92a4b7bf124807896f8a22ba928ba1	 200 0ms GET /json
[38;5;6m INFO[0m [04:05:10] 1638d8dca3f34c1f87f7a946eb14e059	 200 0ms GET /json
[38;5;6m INFO[0m [04:05:10] d571837a24be43808cc7cca821ee8456	 200 0ms GET /json
[38;5;6m INFO[0m [04:05:10] 4ba85bb92f21493cb67a7f96088abdf1	 200 0ms GET /json
[38;5;6m INFO[0m [04:05:10] 8a6a283b663d4c34904763c78db4a57d	 200 0ms GET /json
[38;5;6m INFO[0m [04:05:10] a958095e8c4a40ed8721a62a723f591a	 200 0ms GET /json
[38;5;6m INFO[0m [04:05:10] 409756822cce460188ba955a6a43efb4	 200 0ms GET /json
[38;5;6m INFO[0m [04:05:10] 15bde12f751a4990b0e2aefc730c2370	 200 0ms GET /json
[38;5;6m INFO[0m [04:05:10] 5b07cf88b83b4f958036260d016eab98	 200 0ms GET /json
[38;5;6m INFO[0m [04:05:10] 26075fabb2404f1498f1ab53d54fdf2b	 200 0ms GET /json
[38;5;6m INFO[0m [04:05:10] dbfa70afdc0f4906818462d8d4be1648	 200 0ms GET /json
[38;5;6m INFO[0m [04:05:10] 8a03569ae0c64b8aae794bdb8b4a1929	 200 0ms GET /json
[38;5;6m INFO[0m [04:05:10] 609b14b534aa430890249c64da75aa9d	 200 0ms GET /json
[38;5;6m INFO[0m [04:05:10] 277cba0c442c458db0b277cca49e9243	 200 0ms GET /json
[38;5;6m INFO[0m [04:05:10] e8d93e24763c4515a525331b0ba63232	 200 0ms GET /json
[38;5;6m INFO[0m [04:05:10] fe6a2cabec69428ab25582382e5e7635	 200 0ms GET /json
[38;5;6m INFO[0m [04:05:10] adf7a11a7e9b4b5f9704d5cb895047aa	 200 0ms GET /json
[38;5;6m INFO[0m [04:05:10] 5384dca3b5fb4d819ae2f44e75367807	 200 0ms GET /json
[38;5;6m INFO[0m [04:05:10] 0db4ba1703354db28897da07dfaad6d3	 200 0ms GET /json
[38;5;6m INFO[0m [04:05:10] 29852c281fb64eaf9be6f37008c42cd3	 200 0ms GET /json
[38;5;6m INFO[0m [04:05:10] bff0ff4b6e364bc4be69d5d113eae1c6	 200 0ms GET /json
[38;5;6m INFO[0m [04:05:10] 60d6576d071e40e4a10e96bdad76e62c	 200 0ms GET /json
[38;5;6m INFO[0m [04:05:10] 400039ff914544ada0a80ef6688d3405	 200 0ms GET /json
[38;5;6m INFO[0m [04:05:10] 59e7b358c28c4002afcea0d324501726	 200 0ms GET /json
[38;5;6m INFO[0m [04:05:10] f8b614ef93db40108a2f0cd62281a74f	 200 0ms GET /json
[38;5;6m INFO[0m [04:05:10] 2c94dd617e1c4893918389eb9dcfec11	 200 0ms GET /json
[38;5;6m INFO[0m [04:05:10] 8cbf742a7a3a46dd946585f9a94b45ed	 200 0ms GET /json
[38;5;6m INFO[0m [04:05:10] 56bb0b6b32eb43e7aa3f9bc0195930d7	 200 0ms GET /json
[38;5;6m INFO[0m [04:05:10] 481a0559d0bc4fb4b385b297342eb1a3	 200 0ms GET /json
[38;5;6m INFO[0m [04:05:10] 0f34a29f21404871b8b8a20439bd138a	 200 0ms GET /json
[38;5;6m INFO[0m [04:05:10] 9b335b0496f340088083cd53ddd1edc9	 200 0ms GET /json
[38;5;6m INFO[0m [04:05:10] f6a749fd97a84c53aa22280ed5fbe723	 200 0ms GET /json
[38;5;6m INFO[0m [04:05:10] 088b4822876c4319bd37610ca2859360	 200 0ms GET /json
[38;5;6m INFO[0m [04:05:10] c9b9eda9b9cc477bb65e2c5cfc72f1cb	 200 0ms GET /json
[38;5;6m INFO[0m [04:05:10] c97606eaebb849c38fffedf1cc13bcbc	 200 0ms GET /json
[38;5;6m INFO[0m [04:05:10] 23e176f42a104aa082be6eb58bfacf22	 200 0ms GET /json
[38;5;6m INFO[0m [04:05:14] 3bcf0795b8ad449ba5cebb22d9753e9f	 200 0ms GET /json
[38;5;6m INFO[0m [04:05:14] 7475fd4e05684b05bae8225e22927ec2	 200 0ms GET /json
[38;5;6m INFO[0m [04:05:14] e8c3703eb27e468cb269090463dde5e0	 200 0ms GET /json
[38;5;6m INFO[0m [04:05:14] d7587167359948789ebd1a54a55776e0	 200 0ms GET /json
[38;5;6m INFO[0m [04:05:14] 9cacef05692c40e3997940ed83606942	 200 0ms GET /json
[38;5;6m INFO[0m [04:05:14] f0a926f5fa6f4b1bbdba5f6659ed363d	 200 0ms GET /json
[38;5;6m INFO[0m [04:05:14] 2e5eb8e533824ab8853f3f3673f1877a	 200 0ms GET /json
[38;5;6m INFO[0m [04:05:14] 13fa1fe2695043eb94fc0ee5a36d7207	 200 0ms GET /json
[38;5;6m INFO[0m [04:05:14] b09e722e49c34e5a931f55bdd178e5e5	 200 0ms GET /json
[38;5;6m INFO[0m [04:05:14] c9a857ea45d84082a86137ceb7fc6d3f	 200 0ms GET /json
[38;5;6m INFO[0m [04:05:14] e357d653be8d4e788fa8e0b6b690654d	 200 0ms GET /json
[38;5;6m INFO[0m [04:05:14] b980e6a213ec45cfb13fb33b662670b8	 200 0ms GET /json
[38;5;6m INFO[0m [04:05:14] e30edd78140b4fb98868be2ca25a033a	 200 0ms GET /json
[38;5;6m INFO[0m [04:05:14] e8fe462fbb914d44a5652ef75446f6f9	 200 0ms GET /json
[38;5;6m INFO[0m [04:05:14] 8e5c0a8086aa42cdb01c42bf01139b18	 200 0ms GET /json
[38;5;6m INFO[0m [04:05:14] 4c9ffb1361a64c839e7a935ff68911d2	 200 0ms GET /json
[38;5;6m INFO[0m [04:05:14] 03112b2e581142dda9161b5e981e4aa8	 200 0ms GET /json
[38;5;6m INFO[0m [04:05:14] 79b6fb23b89a48dba6805bc1c23d2632	 200 0ms GET /json
[38;5;6m INFO[0m [04:05:14] 174692b3367f4a219734047cd53f8b2a	 200 0ms GET /json
[38;5;6m INFO[0m [04:05:14] a614321071fe49aba42630a4addb200a	 200 0ms GET /json
[38;5;6m INFO[0m [04:05:14] c36c8d5b8f7b4a25ab797e8c37d198f7	 200 0ms GET /json
[38;5;6m INFO[0m [04:05:14] 516cf342788c4d87b982e7ffec112cc0	 200 0ms GET /json
[38;5;6m INFO[0m [04:05:14] ba8be7c38b4c462aa85f6f0398d144b3	 200 0ms GET /json
[38;5;6m INFO[0m [04:05:14] abf44f8f4c3b466a948a295eb5606528	 200 0ms GET /json
[38;5;6m INFO[0m [04:05:14] 7feb789586664ab690d712832a66b24c	 200 0ms GET /json
[38;5;6m INFO[0m [04:05:14] 78ae60b24daa4a6cbc9b6239c3e934a5	 200 0ms GET /json
[38;5;6m INFO[0m [04:05:14] 71ebb4ed1f9c4f549669e35d9db7d06b	 200 0ms GET /json
[38;5;6m INFO[0m [04:05:14] af060f252a9b4200b08db2e9d22f807d	 200 0ms GET /json
[38;5;6m INFO[0m [04:05:14] d8066db96c1e4af49a28be82ae84459a	 200 0ms GET /json
[38;5;6m INFO[0m [04:05:14] 6125077c33804eda983efd7812e800de	 200 0ms GET /json
[38;5;6m INFO[0m [04:05:14] 900c1cde48544f26935563ccf4ebc344	 200 0ms GET /json
[38;5;6m INFO[0m [04:05:14] 39bbd82f1941401eb3f83c98c8dd02b1	 200 0ms GET /json
[38;5;6m INFO[0m [04:05:14] aa27d7c7562e42c3af2800128180a5da	 200 0ms GET /json
[38;5;6m INFO[0m [04:05:14] a5eaaacf048f4cafa11bf2a5b985ff66	 200 0ms GET /json
[38;5;6m INFO[0m [04:05:14] 0e90901e86844c24aec030d444bb5106	 200 0ms GET /json
[38;5;6m INFO[0m [04:05:14] 4194cdfd0de743f7acc5b74db395b453	 200 0ms GET /json
[38;5;6m INFO[0m [04:05:14] 3ae8f275b69448fbb8f63ffe1b8bfcf9	 200 0ms GET /json
[38;5;6m INFO[0m [04:05:14] ed09c937252f421b819670d5198c3428	 200 0ms GET /json
[38;5;6m INFO[0m [04:05:14] 1414013f62bf44e4814bd850aca292bd	 200 0ms GET /json
[38;5;6m INFO[0m [04:05:14] 4a318ed283e444f6b1a98911ade54874	 200 0ms GET /json
[38;5;6m INFO[0m [04:05:14] 6dcaf2a8170b4ff0bfa80b99237a76f1	 200 0ms GET /json
[38;5;6m INFO[0m [04:05:14] 9f83e8d1c06544c9be4604df34baa834	 200 0ms GET /json
[38;5;6m INFO[0m [04:05:14] 44cab40e2bdb4c16a7c4b81d46f62c3a	 200 0ms GET /json
[38;5;6m INFO[0m [04:05:14] ec0092aa879f4da5b96f2315eee3556b	 200 0ms GET /json
[38;5;6m INFO[0m [04:05:14] 587d7e8cae354a90ab2515d31cdeff5e	 200 0ms GET /json
[38;5;6m INFO[0m [04:05:14] be4c2dee4ca741d58c445aa414ad520f	 200 0ms GET /json
[38;5;6m INFO[0m [04:05:14] a52933f3ed5847e5a353d3a0beca34d4	 200 0ms GET /json
[38;5;6m INFO[0m [04:05:14] b913f4b0d0ac490e90f0761b1836b417	 200 0ms GET /json
[38;5;6m INFO[0m [04:05:14] 3cddf8d1841d457bb3c9951deabc4367	 200 0ms GET /json
[38;5;6m INFO[0m [04:05:14] d2f61dfa9ec64204bee09fd167347ae5	 200 0ms GET /json
[38;5;6m INFO[0m [04:05:14] 7dec66f3ddc94c0d893283978f0117bc	 200 0ms GET /json
[38;5;6m INFO[0m [04:05:14] 5c03d34e11a0493889f978b9375ba5fd	 200 0ms GET /json
[38;5;6m INFO[0m [04:05:14] 21ed5c0e71024f119e5ad276d8a82dd2	 200 0ms GET /json
[38;5;6m INFO[0m [04:05:14] f250ca19af28482bb859b962e2d47d47	 200 0ms GET /json
[38;5;6m INFO[0m [04:05:14] d8909a61164446f0843c10c7f90829ff	 200 0ms GET /json
[38;5;6m INFO[0m [04:05:14] 010bce63906e4059bce7bceedc0ec586	 200 0ms GET /json
[38;5;6m INFO[0m [04:05:14] bf59e31625f7466f98fd68e94c420ba6	 200 0ms GET /json
[38;5;6m INFO[0m [04:05:14] b584e92b58c043118ad8e2ce947b87f3	 200 0ms GET /json
[38;5;6m INFO[0m [04:05:14] 122e5a473dd34c20ad78e2cb2e250623	 200 0ms GET /json
[38;5;6m INFO[0m [04:05:14] 70fd9ffb7f624b3f9f8c114970263807	 200 0ms GET /json
[38;5;6m INFO[0m [04:05:14] d793219480fc4b43a46e7b8c9e7c5078	 200 0ms GET /json
[38;5;6m INFO[0m [04:05:14] 4abbe465d4de408ea58dc2e248062dba	 200 0ms GET /json
[38;5;6m INFO[0m [04:05:14] dd24ed21e0204688ad064962fadf307a	 200 0ms GET /json
[38;5;6m INFO[0m [04:05:14] b4c13e358ffd416cb9b956e904f8e7fc	 200 0ms GET /json
[38;5;6m INFO[0m [04:05:14] d87274f17c2c45cfb811cc0e49699bcb	 200 0ms GET /json
[38;5;6m INFO[0m [04:05:14] ff7bf771c6b040b883574479b50a2c12	 200 0ms GET /json
[38;5;6m INFO[0m [04:05:14] 006d77efbb8b48d886d7639efce3b473	 200 0ms GET /json
[38;5;6m INFO[0m [04:05:14] b0a4c87b36494fed82439f250e1578bc	 200 0ms GET /json
[38;5;6m INFO[0m [04:05:14] c8a374bccd4847739a8331dc89ec0a4f	 200 0ms GET /json
[38;5;6m INFO[0m [04:05:14] 47c07ff24b974ca193e1c4862c750705	 200 0ms GET /json
[38;5;6m INFO[0m [04:05:14] 927d01b59cfb468da69f3725727254f2	 200 0ms GET /json
[38;5;6m INFO[0m [04:05:14] 6ced9c112b6b484ca10930c7ef64a56f	 200 0ms GET /json
[38;5;6m INFO[0m [04:05:14] cbc21bf74ae449ad9244b7913a27021d	 200 0ms GET /json
[38;5;6m INFO[0m [04:05:14] 2592ffcfe1f141a6bef5812c4f2ca7f6	 200 0ms GET /json
[38;5;6m INFO[0m [04:05:14] 2dd71ec1177d4078b44970ed20693a69	 200 0ms GET /json
[38;5;6m INFO[0m [04:05:14] f96aeffd552e4d60947776e92e47d6a4	 200 0ms GET /json
[38;5;6m INFO[0m [04:05:14] 3d3cff39556c4b858009a6ca1de555ee	 200 0ms GET /json
[38;5;6m INFO[0m [04:05:14] d9590a7d724c458dac1698d4277a955a	 200 0ms GET /json
[38;5;6m INFO[0m [04:05:14] 735dd27e4960494fb407574824b4fd9a	 200 0ms GET /json
[38;5;6m INFO[0m [04:05:14] c594554c35934eb0ad8821dafcf04f8d	 200 0ms GET /json
[38;5;6m INFO[0m [04:05:14] 471b1d8a9bf44304969162835a67c094	 200 0ms GET /json
[38;5;6m INFO[0m [04:05:14] 4e785df679dd4dbdb67c51ae3904b611	 200 0ms GET /json
[38;5;6m INFO[0m [04:05:14] a25eb8e5501840a29bbb17b502d9d681	 200 0ms GET /json
[38;5;6m INFO[0m [04:05:14] 75a3bcf39d4c4596869f1d193561d3f6	 200 0ms GET /json
[38;5;6m INFO[0m [04:05:14] 17f28dad003748cc985023bd59a0da2c	 200 0ms GET /json
[38;5;6m INFO[0m [04:05:14] 6e57a2b9791e4b1c8504b03c9eb1aa8b	 200 0ms GET /json
[38;5;6m INFO[0m [04:05:14] 9d899368800a44a3bb063dad700e8af5	 200 0ms GET /json
[38;5;6m INFO[0m [04:05:14] 8ea970b9d2dc41dcbbd29f0eb3efe520	 200 0ms GET /json
[38;5;6m INFO[0m [04:05:14] 9073b402aa9d4e8aa86439874cfd13ee	 200 0ms GET /json
[38;5;6m INFO[0m [04:05:14] d2d06c2554074956ae4d8ae65be0f911	 200 0ms GET /json
[38;5;6m INFO[0m [04:05:14] 8b96009203914a3fa0c57fdaeb9455c2	 200 0ms GET /json
[38;5;6m INFO[0m [04:05:14] 120b9b11eef549bc88cf036225f918c7	 200 0ms GET /json
[38;5;6m INFO[0m [04:05:14] 6dea6e83875b4c3bb8f78ad78bb107ce	 200 0ms GET /json
[38;5;6m INFO[0m [04:05:14] a6a9395b4d154adead01000374464cd2	 200 0ms GET /json
[38;5;6m INFO[0m [04:05:14] a936c20aba3e4ae59719d1d81dc3b6bb	 200 0ms GET /json
[38;5;6m INFO[0m [04:05:14] 5479e9f0b519453aad2b99361285df2e	 200 0ms GET /json
[38;5;6m INFO[0m [04:05:14] 1b9d3888af1241e4a9eff53e73096579	 200 0ms GET /json
[38;5;6m INFO[0m [04:05:14] 1b523c1ca4334b1fa7ad39615d7c67c5	 200 0ms GET /json
[38;5;6m INFO[0m [04:05:14] a7cf99ff66dd4788989db424e8495386	 200 0ms GET /json
[38;5;6m INFO[0m [04:05:14] 8f465770e69d409b9f44b2d90226b2eb	 200 0ms GET /json
[38;5;6m INFO[0m [04:05:14] 284be6641c114e7f9f64cb81b9fbd199	 200 0ms GET /json
[38;5;6m INFO[0m [04:05:14] 427b62bec1294c14aa91fb6e88c89eed	 200 0ms GET /json
[38;5;6m INFO[0m [04:05:14] 19318504c9ef480292fb4e4bde3df560	 200 0ms GET /json
[38;5;6m INFO[0m [04:05:14] b4c823616a4f49bc96e9ff30913a6da0	 200 0ms GET /json
[38;5;6m INFO[0m [04:05:14] cbacdf8a37e94474923b14c25802b35f	 200 0ms GET /json
[38;5;6m INFO[0m [04:05:14] a4d4c0cc024f441884de930d261b6437	 200 0ms GET /json
[38;5;6m INFO[0m [04:05:14] 79b6897d4c494186843b173408bf03a7	 200 0ms GET /json
[38;5;6m INFO[0m [04:05:14] 6e877bc321e04267a37fc4161274d12a	 200 0ms GET /json
[38;5;6m INFO[0m [04:05:14] d5432fcd66794ce7aab8b5727a63b106	 200 0ms GET /json
[38;5;6m INFO[0m [04:05:14] 18a785de32624ef08de5b045b96c859a	 200 0ms GET /json
[38;5;6m INFO[0m [04:05:14] 1dca86753dc945a2b57f9e4a4c45f060	 200 0ms GET /json
[38;5;6m INFO[0m [04:05:14] 5203fd9bb9064209ace170dc16e90ebd	 200 0ms GET /json
[38;5;6m INFO[0m [04:05:14] 3df56a02f99140f7b4cd3719bce10d1b	 200 0ms GET /json
[38;5;6m INFO[0m [04:05:14] 6407cd29803e4c97958b73a818417d80	 200 0ms GET /json
[38;5;6m INFO[0m [04:05:14] ddc0e2a480994b71af340f5b12374e6a	 200 0ms GET /json
[38;5;6m INFO[0m [04:05:14] 6ceb273dfae4455782815a5b08361b7a	 200 0ms GET /json
[38;5;6m INFO[0m [04:05:14] 78c08617cd7a46eeb3170413c6702988	 200 0ms GET /json
[38;5;6m INFO[0m [04:05:14] d5ce10767878465aba51fceb0e08b942	 200 0ms GET /json
[38;5;6m INFO[0m [04:05:14] de399cc5546249b7a22715224300c8a2	 200 0ms GET /json
[38;5;6m INFO[0m [04:05:14] 070ce6ac44c5418bafbf0c84105cf3c5	 200 0ms GET /json
[38;5;6m INFO[0m [04:05:14] ba0ea477047e435890d7b89e1a817e6d	 200 0ms GET /json
[38;5;6m INFO[0m [04:05:14] 8d2a8cf4bb1a456cb35027ac55cd3fb4	 200 0ms GET /json
[38;5;6m INFO[0m [04:05:14] b551f0e17bec457e898f9f8d6beb55d0	 200 0ms GET /json
[38;5;6m INFO[0m [04:05:14] 091566b4669343fcaec4f90db20f4b00	 200 0ms GET /json
[38;5;6m INFO[0m [04:05:14] e7d30e6fc8554fef8dd44901244e0443	 200 0ms GET /json
[38;5;6m INFO[0m [04:05:14] 24bc8d30837b44619a242ac4116c5ee6	 200 0ms GET /json
[38;5;6m INFO[0m [04:05:14] 7e3a3ddacfcd4a40a779d73e6f5b6f1d	 200 0ms GET /json
[38;5;6m INFO[0m [04:05:14] 60d6db33a1674daea924e7c088f1a90a	 200 0ms GET /json
[38;5;6m INFO[0m [04:05:14] 833d560417fb4c7fbd2c622a9d28eda2	 200 0ms GET /json
[38;5;6m INFO[0m [04:05:14] cedb8b83998940d6a2f9a46114a82c41	 200 0ms GET /json
[38;5;6m INFO[0m [04:05:14] b668a5aa12fd48e3894ecb0991f66195	 200 0ms GET /json
[38;5;6m INFO[0m [04:05:14] 898caa9f89044998a0948d65412b0691	 200 0ms GET /json
[38;5;6m INFO[0m [04:05:14] 042697fa95dc49a8812400a718863e1e	 200 0ms GET /json
[38;5;6m INFO[0m [04:05:14] 185680f0578b4274b2b7a9b2081bb0fe	 200 0ms GET /json
[38;5;6m INFO[0m [04:05:14] 80bad1805d3a4dcda5373eae2d50c3f2	 200 0ms GET /json
[38;5;6m INFO[0m [04:05:14] 98400e5f710f49dba13947d16a983f16	 200 0ms GET /json
[38;5;6m INFO[0m [04:05:14] 93916212483c4353b8b3e6cda2bc76de	 200 0ms GET /json
[38;5;6m INFO[0m [04:05:14] de7d78f08d7c4fa29eeae116c67ee60f	 200 0ms GET /json
[38;5;6m INFO[0m [04:05:14] 8c96d3c0fc5d4d5cbe925aa504bbf6bd	 200 0ms GET /json
[38;5;6m INFO[0m [04:05:14] 91ad737634d942aa9c5a9e717438d8cc	 200 0ms GET /json
[38;5;6m INFO[0m [04:05:14] 874a95f70faf4ce694eddbfaa88fe6f3	 200 0ms GET /json
[38;5;6m INFO[0m [04:05:14] 61f3828967f5475590f8a95b051c1a35	 200 0ms GET /json
[38;5;6m INFO[0m [04:05:14] e50fdf0d72264524b4aa21cdfff68d7f	 200 0ms GET /json
[38;5;6m INFO[0m [04:05:14] 0bc7db17da264c73aed24fa4bdc9db9d	 200 0ms GET /json
[38;5;6m INFO[0m [04:05:14] 643f66ac8e5a48db88abc9501014f871	 200 0ms GET /json
[38;5;6m INFO[0m [04:05:14] 6dfd1d71ffa84699961d28881e5061f0	 200 0ms GET /json
[38;5;6m INFO[0m [04:05:14] e98800a5c6054333aba5ee12e850fe41	 200 0ms GET /json
[38;5;6m INFO[0m [04:05:14] b3101e10725d42afb4fefa5931f07d18	 200 0ms GET /json
[38;5;6m INFO[0m [04:05:14] 960d5ce2f5fe4d9f9f411edebb52cf5f	 200 0ms GET /json
[38;5;6m INFO[0m [04:05:14] 5f77ab7d72d843cd8364fdc1a8aafaf2	 200 0ms GET /json
[38;5;6m INFO[0m [04:05:14] 6820c22cb7ed4b09b88b77fe24fd590b	 200 0ms GET /json
[38;5;6m INFO[0m [04:05:14] c9b7b8fc459d41eb8c3f737126da30f9	 200 0ms GET /json
[38;5;6m INFO[0m [04:05:14] cfa5465af39f4525889278d72336b749	 200 0ms GET /json
[38;5;6m INFO[0m [04:05:14] 7a56cbf8391841caa01423f93bbdcb90	 200 0ms GET /json
[38;5;6m INFO[0m [04:05:14] 8585750f10ed40acad8e24ebea60f8c2	 200 0ms GET /json
[38;5;6m INFO[0m [04:05:14] 22fa1470d9a741468abccf29ce17c2f4	 200 0ms GET /json
[38;5;6m INFO[0m [04:05:14] 07f4fdad05744f65a21a1ca5d32b5114	 200 0ms GET /json
[38;5;6m INFO[0m [04:05:14] 269147008d6646459c85b9f27e687987	 200 0ms GET /json
[38;5;6m INFO[0m [04:05:14] ea0c7c6360da4b79a5ce6e7218c382c3	 200 0ms GET /json
[38;5;6m INFO[0m [04:05:14] bfabbeab4a7e4bfca1b163900774531f	 200 0ms GET /json
[38;5;6m INFO[0m [04:05:14] d91d86c6d1b446c8b7ea0ba87b8ea1d1	 200 0ms GET /json
[38;5;6m INFO[0m [04:05:14] ac43b8c6cc934ae3955e5c0dbe203f20	 200 0ms GET /json
[38;5;6m INFO[0m [04:05:14] 3fb5fcb65c9a48e9b3c97935c0a87bc0	 200 0ms GET /json
[38;5;6m INFO[0m [04:05:14] 9f557eba3b1a49ef8b6a8bdc7a991833	 200 0ms GET /json
[38;5;6m INFO[0m [04:05:14] 25d9a6b63991491a8eaebda3c19b5212	 200 0ms GET /json
[38;5;6m INFO[0m [04:05:14] 62b5af92b6564b04b3908696fbeb00a5	 200 0ms GET /json
[38;5;6m INFO[0m [04:05:14] 73ab09aecdf841ee944c288840bacae3	 200 0ms GET /json
[38;5;6m INFO[0m [04:05:14] 32e20499aa2e419da8a3c4cae95f9421	 200 0ms GET /json
[38;5;6m INFO[0m [04:05:14] b58830e5db9f493abd92956f8546bee4	 200 0ms GET /json
[38;5;6m INFO[0m [04:05:14] d129f9e1028e4e29b61e90ee53b085fb	 200 0ms GET /json
[38;5;6m INFO[0m [04:05:14] b66426e3d0a941999f7bd8e644efd284	 200 0ms GET /json
[38;5;6m INFO[0m [04:05:14] e4946ed103244d08847c7c7353f74bf5	 200 0ms GET /json
[38;5;6m INFO[0m [04:05:14] 0c8fcae216f9477496e2cd9a63f0058b	 200 0ms GET /json
[38;5;6m INFO[0m [04:05:14] 1dc662b59159431a9df7f660b2653bee	 200 0ms GET /json
[38;5;6m INFO[0m [04:05:14] be6bf4d635694ef6b788eab6b7bf7258	 200 0ms GET /json
[38;5;6m INFO[0m [04:05:14] ae1ab3320d2f479caecc602d07b7a64d	 200 0ms GET /json
[38;5;6m INFO[0m [04:05:14] 3fc75a883e814307996cfe6846fd6d41	 200 0ms GET /json
[38;5;6m INFO[0m [04:05:14] 8ac71bef5e02480eb6e65a3ddc19dd2c	 200 0ms GET /json
[38;5;6m INFO[0m [04:05:14] e80cb0385879407e90a5c614a7b883db	 200 0ms GET /json
[38;5;6m INFO[0m [04:05:14] 773949c1c1e54f09b6586548c3a366eb	 200 0ms GET /json
[38;5;6m INFO[0m [04:05:14] b40be1e74e57461db095cd67f220c2a4	 200 0ms GET /json
[38;5;6m INFO[0m [04:05:14] d8231ef727114e8fbfe602a4a1bdf216	 200 0ms GET /json
[38;5;6m INFO[0m [04:05:14] ef29330ef7fe42f2ac7287d4b724393d	 200 0ms GET /json
[38;5;6m INFO[0m [04:05:14] 12b2d4141f34496cb8884b3cb198dd61	 200 0ms GET /json
[38;5;6m INFO[0m [04:05:14] 58234f7967ad400385937ec4bf0c84c7	 200 0ms GET /json
[38;5;6m INFO[0m [04:05:14] b06b2718852e4aa2bc980e751bc55795	 200 0ms GET /json
[38;5;6m INFO[0m [04:05:14] 878419ac55dc4dcea13a6794cfbdbf14	 200 0ms GET /json
[38;5;6m INFO[0m [04:05:14] d2d30f864ea14b2c96ea2484cdeb6ab8	 200 0ms GET /json
[38;5;6m INFO[0m [04:05:14] 24113643b13b416899059c5c92868f2c	 200 0ms GET /json
[38;5;6m INFO[0m [04:05:14] 0d21695ccd80452ea1d1a7c385ce2061	 200 0ms GET /json
[38;5;6m INFO[0m [04:05:14] 5008474f8c094264be258081aeb1e3cf	 200 0ms GET /json
[38;5;6m INFO[0m [04:05:14] c5a7410bd12b4cf5984bc3ea792b746e	 200 0ms GET /json
[38;5;6m INFO[0m [04:05:14] 11de954ea44d499ab3d1354a64132e62	 200 0ms GET /json
[38;5;6m INFO[0m [04:05:14] 77d9f50fb1444d839f6ee71b2f9e9b89	 200 0ms GET /json
[38;5;6m INFO[0m [04:05:14] b64c5e3203db499c82c7835e7c7a0b51	 200 0ms GET /json
[38;5;6m INFO[0m [04:05:14] 0af6e19e7abc489196947578a045ead5	 200 0ms GET /json
[38;5;6m INFO[0m [04:05:14] 35b5ce045fab4d208beea02b27e33726	 200 0ms GET /json
[38;5;6m INFO[0m [04:05:14] 5d8236355c514679b4cd4b6d9a4e78ec	 200 0ms GET /json
[38;5;6m INFO[0m [04:05:14] b222c5a567584af9b621028b33e25ca1	 200 0ms GET /json
[38;5;6m INFO[0m [04:05:14] 3330c38258e840d883b50e3891bcaab4	 200 0ms GET /json
[38;5;6m INFO[0m [04:05:14] d55f6ca3c80d4eb8bee08e0dd0e96704	 200 0ms GET /json
[38;5;6m INFO[0m [04:05:14] 031e386afe44438a82ea80d0ec139bd8	 200 0ms GET /json
[38;5;6m INFO[0m [04:05:14] 2b687522a1104c1b8b77fd06fe65c769	 200 0ms GET /json
[38;5;6m INFO[0m [04:05:14] 10bddb66069347c78b4316d7ea0204d7	 200 0ms GET /json
[38;5;6m INFO[0m [04:05:14] 5cf182c710e74b6fb50e954c58cc8131	 200 0ms GET /json
[38;5;6m INFO[0m [04:05:14] 0417364e4ecf4187bf47d77715b92fc6	 200 0ms GET /json
[38;5;6m INFO[0m [04:05:14] 4a7dc1827367439c8efa1c523771a158	 200 0ms GET /json
[38;5;6m INFO[0m [04:05:14] 3a6c65937b004ab3940390e32f2bfdbf	 200 0ms GET /json
[38;5;6m INFO[0m [04:05:14] c145347e7ef7493f9021913b29c3b764	 200 0ms GET /json
[38;5;6m INFO[0m [04:05:14] aa252ff327bd4418a0f5092a900a710a	 200 0ms GET /json
[38;5;6m INFO[0m [04:05:14] bad41c8f83844b51961c98330c259daf	 200 0ms GET /json
[38;5;6m INFO[0m [04:05:14] 7cf4cde741474bbdbac85576c93b7940	 200 0ms GET /json
[38;5;6m INFO[0m [04:05:14] 8632b7e1ec654984a6eb56dce780019d	 200 0ms GET /json
[38;5;6m INFO[0m [04:05:14] 59bd68b3279a4efd9550bfb04869ec53	 200 0ms GET /json
[38;5;6m INFO[0m [04:05:14] 085ef22358e54488a9fb2c1d85915546	 200 0ms GET /json
[38;5;6m INFO[0m [04:05:14] 624db523c24242c59298ed4429c5ea4a	 200 0ms GET /json
[38;5;6m INFO[0m [04:05:14] 56ab9cfe31624dadb5fc3584dd85ec56	 200 0ms GET /json
[38;5;6m INFO[0m [04:05:14] 12e8a46a61944830bed876c6ec020b1a	 200 0ms GET /json
[38;5;6m INFO[0m [04:05:14] f27d307034fd4e639fbfddadc67e2e42	 200 0ms GET /json
[38;5;6m INFO[0m [04:05:14] 987a06bebb5d4f728a1238d12d45f540	 200 0ms GET /json
[38;5;6m INFO[0m [04:05:14] 598608becdd0418bbb4e3d1aea1a7b40	 200 0ms GET /json
[38;5;6m INFO[0m [04:05:14] 29b304aec5a34b72820aaedf3ab4da22	 200 0ms GET /json
[38;5;6m INFO[0m [04:05:14] e601c0b8dff340659d967b58950b45cc	 200 0ms GET /json
[38;5;6m INFO[0m [04:05:14] fc4436da308d483281892a93cdde298a	 200 0ms GET /json
[38;5;6m INFO[0m [04:05:14] 0dfdf0eaf906467db423ff8cde2e602d	 200 0ms GET /json
[38;5;6m INFO[0m [04:05:14] 581f8cb3f49a47e7b705f7f8baa6bf16	 200 0ms GET /json
[38;5;6m INFO[0m [04:05:14] 4efec4f230cf4cafbad5e6784558fdb1	 200 0ms GET /json
[38;5;6m INFO[0m [04:05:14] 48655525bcef42b4b93eeaf2781b16aa	 200 0ms GET /json
[38;5;6m INFO[0m [04:05:14] e6a763db5aa64f67b7b9fd26bd1df68d	 200 0ms GET /json
[38;5;6m INFO[0m [04:05:14] 4ef0977448e74b65bfc59ead36516e70	 200 0ms GET /json
[38;5;6m INFO[0m [04:05:14] feb331356965468ba231c4f2c59ea8f8	 200 0ms GET /json
[38;5;6m INFO[0m [04:05:14] 5f25883955504be0a394f30e3c90456b	 200 0ms GET /json
[38;5;6m INFO[0m [04:05:14] 90985bfa578c43fcbbe80900b5a32766	 200 0ms GET /json
[38;5;6m INFO[0m [04:05:14] fcae2cea7b7c41339e9d158223a17f2d	 200 0ms GET /json
[38;5;6m INFO[0m [04:05:14] 423767b098c54566b7e3f4e693be46ec	 200 0ms GET /json
[38;5;6m INFO[0m [04:05:14] d70af86912fa45179e5e8bf720528087	 200 0ms GET /json
[38;5;6m INFO[0m [04:05:14] 472da1610e9c4739ae9ace23e666f382	 200 0ms GET /json
[38;5;6m INFO[0m [04:05:14] ca51419d85244b459efaa36cbbc6c6be	 200 0ms GET /json
[38;5;6m INFO[0m [04:05:14] c1f36d44fcef4e98b464a8b29036da2a	 200 0ms GET /json
[38;5;6m INFO[0m [04:05:14] 8102fde7e31448d58518ad5b228a4196	 200 0ms GET /json
[38;5;6m INFO[0m [04:05:14] 1dbe1b980e964424b20bbc5f8fc09836	 200 0ms GET /json
[38;5;6m INFO[0m [04:05:14] 3497c7528e4840378f2218a76f2e645d	 200 0ms GET /json
[38;5;6m INFO[0m [04:05:14] f9b258bba2a743218a9a79bd7d40a1f8	 200 0ms GET /json
[38;5;6m INFO[0m [04:05:14] a5e31807bc224bd49bb47ef439f3180b	 200 0ms GET /json
[38;5;6m INFO[0m [04:05:14] 8beb005ddef34e938afc31e7fe4bf98b	 200 0ms GET /json
[38;5;6m INFO[0m [04:05:14] b1c217e4267f4adb822347ba184500f6	 200 0ms GET /json
[38;5;6m INFO[0m [04:05:14] 865ef1a00bd744db961da701bf2ef428	 200 0ms GET /json
[38;5;6m INFO[0m [04:05:14] 0e14bd8e880a475c9c0c10a382f3c5da	 200 0ms GET /json
[38;5;6m INFO[0m [04:05:14] ed7e354a0cb747afbec5cf7973965262	 200 0ms GET /json
[38;5;6m INFO[0m [04:05:14] da849cf287454c4b864e8e055e77d363	 200 0ms GET /json
[38;5;6m INFO[0m [04:05:14] 8c83868c888f44578ef6f6a50bd30bb8	 200 0ms GET /json
[38;5;6m INFO[0m [04:05:14] 1100a11163ae475d91485d12afc2fd92	 200 0ms GET /json
[38;5;6m INFO[0m [04:05:14] 0b709e19ebb948db9b68e88268b146ce	 200 0ms GET /json
[38;5;6m INFO[0m [04:05:14] 35e290986d734b62b26b4c1219d0ddb7	 200 0ms GET /json
[38;5;6m INFO[0m [04:05:14] cd64a83671d249b88961604aa4196e87	 200 0ms GET /json
[38;5;6m INFO[0m [04:05:14] e8bcc35a91c142d4ac2d646b1e1fd0f7	 200 0ms GET /json
[38;5;6m INFO[0m [04:05:14] 53ad0a644d4b4db2b7984bf8b317b438	 200 0ms GET /json
[38;5;6m INFO[0m [04:05:14] 57471ce08c774109add8e253e39a803f	 200 0ms GET /json
[38;5;6m INFO[0m [04:05:14] c2390b524828456e812acf103d1e251d	 200 0ms GET /json
[38;5;6m INFO[0m [04:05:14] 852c8dea77cc4412a7e51a8f7507c6ff	 200 0ms GET /json
[38;5;6m INFO[0m [04:05:14] bdd0ec96ef564df68e67d4454025a087	 200 0ms GET /json
[38;5;6m INFO[0m [04:05:14] 6187de1ed9004901a8d8cae5c3cd4573	 200 0ms GET /json
[38;5;6m INFO[0m [04:05:14] 3416fd9fac374a468a5f84a1ad238210	 200 0ms GET /json
[38;5;6m INFO[0m [04:05:14] 4b1c86a097af468d8e11975fd04435b3	 200 0ms GET /json
[38;5;6m INFO[0m [04:05:14] 56d5e73f2ea84b5d9c6be94a0ca1ce10	 200 0ms GET /json
[38;5;6m INFO[0m [04:05:14] 15256855c58f4320a240b77712880798	 200 0ms GET /json
[38;5;6m INFO[0m [04:05:14] 5fc0fb56778447b4a9a284e5fba4d739	 200 0ms GET /json
[38;5;6m INFO[0m [04:05:14] 9f5872d7291f4283a30b5482fcb16230	 200 0ms GET /json
[38;5;6m INFO[0m [04:05:14] fc260c296122491182d547fb358ace1a	 200 0ms GET /json
[38;5;6m INFO[0m [04:05:14] 188067499d354582a720fa951dac9d41	 200 0ms GET /json
[38;5;6m INFO[0m [04:05:14] d5eea2dd1fe44c8f99816b96ac12b9a3	 200 0ms GET /json
[38;5;6m INFO[0m [04:05:14] 9238985a6c4644a7aadec37eb0d475c8	 200 0ms GET /json
[38;5;6m INFO[0m [04:05:14] 90540610bf174d218940a3413a39a6f4	 200 0ms GET /json
[38;5;6m INFO[0m [04:05:14] 7cea7c4fced745bab9ab5c58baec5fa2	 200 0ms GET /json
[38;5;6m INFO[0m [04:05:14] 5d7a8aa689da40b9a23855b069cae882	 200 0ms GET /json
[38;5;6m INFO[0m [04:05:14] afe3d45c91834dc5a26b354f7761ea09	 200 0ms GET /json
[38;5;6m INFO[0m [04:05:14] 0c09d4f454a8475dad688bc8506b4cc3	 200 0ms GET /json
[38;5;6m INFO[0m [04:05:14] f5caf7e8bb484e8a9b6a3b2339a843d0	 200 0ms GET /json
[38;5;6m INFO[0m [04:05:14] d02b88f0e1eb4de8a3cd2b877e4a860a	 200 0ms GET /json
[38;5;6m INFO[0m [04:05:14] 28ca03ff2c254b8790e560b0ba8444f1	 200 0ms GET /json
[38;5;6m INFO[0m [04:05:14] 2e087402cb5740bcbbe6a86bb19eac50	 200 0ms GET /json
[38;5;6m INFO[0m [04:05:14] 30f639b63dda4307bf39d88da30fad16	 200 0ms GET /json
[38;5;6m INFO[0m [04:05:14] 2f2b31812ec249ecbadbab97ce7a4214	 200 0ms GET /json
[38;5;6m INFO[0m [04:05:14] 1efd2e2334fb4655aaa1b44236996128	 200 0ms GET /json
[38;5;6m INFO[0m [04:05:14] a7b4923d5b064486b1bc54e14db26605	 200 0ms GET /json
[38;5;6m INFO[0m [04:05:14] e31d6eb92f25499d8bc07f98a9912fc4	 200 0ms GET /json
[38;5;6m INFO[0m [04:05:14] 91141c75472145f291fca19504b1328a	 200 0ms GET /json
[38;5;6m INFO[0m [04:05:14] 6aad2fdee1c341bfbf96bc862791de97	 200 0ms GET /json
[38;5;6m INFO[0m [04:05:14] a48bc0ecf20f4c58a935fa4100af478c	 200 0ms GET /json
[38;5;6m INFO[0m [04:05:14] 301387c56a5e47b580c94a162b21538a	 200 0ms GET /json
[38;5;6m INFO[0m [04:05:14] af1a06fabebe46078e336bbd58f26ab5	 200 0ms GET /json
[38;5;6m INFO[0m [04:05:14] 5b5c5dbc1a9744ae85d6bda1a776113d	 200 0ms GET /json
[38;5;6m INFO[0m [04:05:14] 288741e533ff415cb24bd2fa2426b86f	 200 0ms GET /json
[38;5;6m INFO[0m [04:05:14] ea0dc710b9d44d98af11998f28ba54d7	 200 0ms GET /json
[38;5;6m INFO[0m [04:05:14] da2a2bc520024c02ac664b4b8342b400	 200 0ms GET /json
[38;5;6m INFO[0m [04:05:14] e5bd671159e74c4cb37e2f9e8790e591	 200 0ms GET /json
[38;5;6m INFO[0m [04:05:14] 2e3b2bd58e1848f08f950dacc687b14e	 200 0ms GET /json
[38;5;6m INFO[0m [04:05:14] 2c02844e53274f508e841ef59d9a4164	 200 0ms GET /json
[38;5;6m INFO[0m [04:05:14] ff95e3d4c97945ca96c9dde55d0836e7	 200 0ms GET /json
[38;5;6m INFO[0m [04:05:14] f840dd1a936d4ef6b02fa5fe54200a30	 200 0ms GET /json
[38;5;6m INFO[0m [04:05:18] b36dc63ff59b4d7897d510ade93508af	 200 0ms GET /json
[38;5;6m INFO[0m [04:05:18] 6cffec3643a94275b7aea3c3f3d1671a	 200 0ms GET /json
[38;5;6m INFO[0m [04:05:18] 551a902060634975b67602ac9f147b17	 200 0ms GET /json
[38;5;6m INFO[0m [04:05:18] e0ec691220b64e70997ce3792c92060f	 200 0ms GET /json
[38;5;6m INFO[0m [04:05:18] 9fef83101327486bb52b07a4f893711d	 200 0ms GET /json
[38;5;6m INFO[0m [04:05:18] a0ba5fbdfd084b32868c160744b79d9f	 200 0ms GET /json
[38;5;6m INFO[0m [04:05:18] 8a921c7a4f934d369639c09cd555d4f0	 200 0ms GET /json
[38;5;6m INFO[0m [04:05:18] 8ca97c97ec16451d97af39ec9e9549df	 200 0ms GET /json
[38;5;6m INFO[0m [04:05:18] 0233f510cf7d47788d4f6a385637ccf9	 200 0ms GET /json
[38;5;6m INFO[0m [04:05:18] 1f4926690d41470e9cc4036cd2048535	 200 0ms GET /json
[38;5;6m INFO[0m [04:05:18] 97375198d1a54661a2eaee38d3cbff9a	 200 0ms GET /json
[38;5;6m INFO[0m [04:05:18] c9c855ac2bf040ac9481818aea4ffdc2	 200 0ms GET /json
[38;5;6m INFO[0m [04:05:18] 97a25c71e5fe4c40877a594a42564e64	 200 0ms GET /json
[38;5;6m INFO[0m [04:05:18] 00b9a1c8aced48f69db5cb9cd6218a28	 200 0ms GET /json
[38;5;6m INFO[0m [04:05:18] d8e11a2daa2c440e8a0873ae5949afe6	 200 0ms GET /json
[38;5;6m INFO[0m [04:05:18] db957addaebd4f93bc4e396443d84915	 200 0ms GET /json
[38;5;6m INFO[0m [04:05:18] f05cb2705fcc414baca8f61c6b923bef	 200 0ms GET /json
[38;5;6m INFO[0m [04:05:18] de5da386fa9f4aecb351814544b8fc3e	 200 0ms GET /json
[38;5;6m INFO[0m [04:05:18] 232e1aeb0f124251a551f1ac1d67634b	 200 0ms GET /json
[38;5;6m INFO[0m [04:05:18] 0699729748dc48189bb905547fd58c49	 200 0ms GET /json
[38;5;6m INFO[0m [04:05:18] 119b6e2d5d5043e396927a24cd3e81f2	 200 0ms GET /json
[38;5;6m INFO[0m [04:05:18] 4dffd80058114bcfa971460620be8c68	 200 0ms GET /json
[38;5;6m INFO[0m [04:05:18] c5f04b1d99b44983a0370806c48e0196	 200 0ms GET /json
[38;5;6m INFO[0m [04:05:18] 15241f0b680541d3a053edfee5053daa	 200 0ms GET /json
[38;5;6m INFO[0m [04:05:18] 35fe539ca6ce463baa8bd93f028ce11c	 200 0ms GET /json
[38;5;6m INFO[0m [04:05:18] 7239a3262fe940aa9e7f5520d2763c23	 200 0ms GET /json
[38;5;6m INFO[0m [04:05:18] 745f5ddf0c7c437cafdadd0bb2fafb25	 200 0ms GET /json
[38;5;6m INFO[0m [04:05:18] f9184f4771204458ae0806e0b7184bb9	 200 0ms GET /json
[38;5;6m INFO[0m [04:05:18] 88947f51c63e4a82bc1a6ef639a92414	 200 0ms GET /json
[38;5;6m INFO[0m [04:05:18] 1f50ee4d387c4d3cbba1d2cec2bd813a	 200 0ms GET /json
[38;5;6m INFO[0m [04:05:18] 48781e3cd6d0421ebb0b896059cd3d51	 200 0ms GET /json
[38;5;6m INFO[0m [04:05:18] f3ef63dba5bf4881a090b22aebe3ecab	 200 0ms GET /json
[38;5;6m INFO[0m [04:05:18] 33ba8a6e358940e084b8430f0b95a013	 200 0ms GET /json
[38;5;6m INFO[0m [04:05:18] f8fbdf0a89b449e788f7c2c87277ce63	 200 0ms GET /json
[38;5;6m INFO[0m [04:05:18] 9fe84026b2d34d1ab3dba0e5b747a2d4	 200 0ms GET /json
[38;5;6m INFO[0m [04:05:18] cbf1f667a8e24529ba65b1029d8e3ab5	 200 0ms GET /json
[38;5;6m INFO[0m [04:05:18] 012ae75b8c5047f5b425f26be237e176	 200 0ms GET /json
[38;5;6m INFO[0m [04:05:18] 8ff70e721a2e44b89ecb37fe840e74f3	 200 0ms GET /json
[38;5;6m INFO[0m [04:05:18] 201be29d2bec4b2bb0fab199dabcc1bd	 200 0ms GET /json
[38;5;6m INFO[0m [04:05:18] c35b35af751847fd852933810d982632	 200 0ms GET /json
[38;5;6m INFO[0m [04:05:18] e2e487969a304b8fbe35ef1a71e343d6	 200 0ms GET /json
[38;5;6m INFO[0m [04:05:18] 22ab1deab1e247b89d01a43cd91b193c	 200 0ms GET /json
[38;5;6m INFO[0m [04:05:18] ab9a65371fbe48ad8ee58b070cff811b	 200 0ms GET /json
[38;5;6m INFO[0m [04:05:18] 502ecb51511541e093adde705c854274	 200 0ms GET /json
[38;5;6m INFO[0m [04:05:18] ef3b67e8d0cf4997a52b53e27e62b8a1	 200 0ms GET /json
[38;5;6m INFO[0m [04:05:18] dde48c307e924d9f8ae9aa6fcd398c87	 200 0ms GET /json
[38;5;6m INFO[0m [04:05:18] 64aa9507b23e417fac33cddd3160638a	 200 0ms GET /json
[38;5;6m INFO[0m [04:05:18] e0d44e04756e47499a0e6569497bd29c	 200 0ms GET /json
[38;5;6m INFO[0m [04:05:18] b297f342e43e45dca3fecf4fdbc1d6f1	 200 0ms GET /json
[38;5;6m INFO[0m [04:05:18] 296b8e8b54ec45cd8303da47e48bc21e	 200 0ms GET /json
[38;5;6m INFO[0m [04:05:18] 228c0a7675f04825ba24191a5ee274ad	 200 0ms GET /json
[38;5;6m INFO[0m [04:05:18] c3e53a07e8764931b5435905873ca7c3	 200 0ms GET /json
[38;5;6m INFO[0m [04:05:18] 07c9b92c5445490fbd3d4579f7887c3e	 200 0ms GET /json
[38;5;6m INFO[0m [04:05:18] 601acf0d67194582bcd65c768fa6963b	 200 0ms GET /json
[38;5;6m INFO[0m [04:05:18] 1a8167d9314142aba9323b0dc1a12493	 200 0ms GET /json
[38;5;6m INFO[0m [04:05:18] d21016ab6fae4a1897fa24f5df02275f	 200 0ms GET /json
[38;5;6m INFO[0m [04:05:18] 08fa01bbc8c348b68fcdd4abd5b564a4	 200 0ms GET /json
[38;5;6m INFO[0m [04:05:18] 97cbb0d5cc304b4fbf203cbc4abbd58c	 200 0ms GET /json
[38;5;6m INFO[0m [04:05:18] c28c7f0357d24be48816c7d156804468	 200 0ms GET /json
[38;5;6m INFO[0m [04:05:18] a15585ea554f43109e8b93f7c22848d2	 200 0ms GET /json
[38;5;6m INFO[0m [04:05:18] 0061013332da4cf49e6deed751840db2	 200 0ms GET /json
[38;5;6m INFO[0m [04:05:18] b2b8ad69129546d18a2dfabebf2dc10b	 200 0ms GET /json
[38;5;6m INFO[0m [04:05:18] 83673b7ef8674eb6bb932fcf94c44ba8	 200 0ms GET /json
[38;5;6m INFO[0m [04:05:18] 4b76c68264f34159ae37f5f0992985c7	 200 0ms GET /json
[38;5;6m INFO[0m [04:05:18] 139a8a32e1674937be73b2bdf70f68a7	 200 0ms GET /json
[38;5;6m INFO[0m [04:05:18] c4990418acee41a1a5cb96b521e6116b	 200 0ms GET /json
[38;5;6m INFO[0m [04:05:18] fa19b5b91224491c9e0f048e0e75d0c6	 200 0ms GET /json
[38;5;6m INFO[0m [04:05:18] 09fed72225f4430da8ff9a430c8a3473	 200 0ms GET /json
[38;5;6m INFO[0m [04:05:18] a5636014ebd149a4bc1da3fc376d5c75	 200 0ms GET /json
[38;5;6m INFO[0m [04:05:18] 50e2e90b5cd24b5d844afda866f7744e	 200 0ms GET /json
[38;5;6m INFO[0m [04:05:18] f91888de14934271b903d7b9d38a9c5a	 200 0ms GET /json
[38;5;6m INFO[0m [04:05:18] a94ad19a7e1f4447819de2d52ee0d9c1	 200 0ms GET /json
[38;5;6m INFO[0m [04:05:18] f42d6a17ef164f4da3ad83be82c64ec8	 200 0ms GET /json
[38;5;6m INFO[0m [04:05:18] 22ab3331408b4390ac5db825650e7840	 200 0ms GET /json
[38;5;6m INFO[0m [04:05:18] c1e65404d32943aaad312b5f797e183e	 200 0ms GET /json
[38;5;6m INFO[0m [04:05:18] 3d0fa3bc33ab434db8b320700722931c	 200 0ms GET /json
[38;5;6m INFO[0m [04:05:18] 10921c27ff4e42b8a705dd2a76661968	 200 0ms GET /json
[38;5;6m INFO[0m [04:05:18] a52d8b30c8a94eafb48a32b8559c69b7	 200 0ms GET /json
[38;5;6m INFO[0m [04:05:18] 0e845ac9582d40a5b47a979603d3fb76	 200 0ms GET /json
[38;5;6m INFO[0m [04:05:18] 48b5863ccb29444cb26e76b262a85836	 200 0ms GET /json
[38;5;6m INFO[0m [04:05:18] a8133ede876e4bcabb97c9392ad44ba9	 200 0ms GET /json
[38;5;6m INFO[0m [04:05:18] e1ffffda39bf499ba5a0aa72d931c25d	 200 0ms GET /json
[38;5;6m INFO[0m [04:05:18] ef50a5527bb3414680cc64bdc848cd64	 200 0ms GET /json
[38;5;6m INFO[0m [04:05:18] a0b91f6789ce43c7ac5682248f8eef94	 200 0ms GET /json
[38;5;6m INFO[0m [04:05:18] ca1b813ee0dc4a78a72f48ee2ed15639	 200 0ms GET /json
[38;5;6m INFO[0m [04:05:18] 1cf048b5ba1947d4b0c9f34d2b985423	 200 0ms GET /json
[38;5;6m INFO[0m [04:05:18] ea6f7211f854400fa9cc393423c0bcb8	 200 0ms GET /json
[38;5;6m INFO[0m [04:05:18] 3ffae5984df54016b140b1f76d1c149f	 200 0ms GET /json
[38;5;6m INFO[0m [04:05:18] 292ae61075934eb298776ebf2eae3f74	 200 0ms GET /json
[38;5;6m INFO[0m [04:05:18] 46a3b454cc114aa8b38a7b27e48e1ce4	 200 0ms GET /json
[38;5;6m INFO[0m [04:05:18] a117e216d87b4e58a61e35d278204cce	 200 0ms GET /json
[38;5;6m INFO[0m [04:05:18] 6e01fb6e9c894f36aaba2a4fd54151bc	 200 0ms GET /json
[38;5;6m INFO[0m [04:05:18] 909219069dfe4b54b0ff2ff30b2a42f8	 200 0ms GET /json
[38;5;6m INFO[0m [04:05:18] f2582011d00a49168415deb843e97b4b	 200 0ms GET /json
[38;5;6m INFO[0m [04:05:18] 409e3895bb9e4ec1adb44dad8626e8b6	 200 0ms GET /json
[38;5;6m INFO[0m [04:05:18] bc5a328a5ba842689e5943877961efc4	 200 0ms GET /json
[38;5;6m INFO[0m [04:05:18] 372b11af23074da98af7ce4fd76bfded	 200 0ms GET /json
[38;5;6m INFO[0m [04:05:18] 3142f6ba8ef24814a5e8bba3c75930db	 200 0ms GET /json
[38;5;6m INFO[0m [04:05:18] 9604fc13044b444fb1b4a4dced1108f5	 200 0ms GET /json
[38;5;6m INFO[0m [04:05:18] 7ed3ff918297433192b9605b445c31f8	 200 0ms GET /json
[38;5;6m INFO[0m [04:05:18] 3a76c6ca075945aa87f324e437396525	 200 0ms GET /json
[38;5;6m INFO[0m [04:05:18] 7d6c5dcb4f0b4457beb3280dce29dd36	 200 0ms GET /json
[38;5;6m INFO[0m [04:05:18] 5065c6d13be0403c853f0ae36e4e5419	 200 0ms GET /json
[38;5;6m INFO[0m [04:05:18] 20eaf514370d4068a739c3124eeffc1e	 200 0ms GET /json
[38;5;6m INFO[0m [04:05:18] 5747b5d6ddd747149102a3a53c193a31	 200 0ms GET /json
[38;5;6m INFO[0m [04:05:18] e0ac0c8afe2841cab2f3e9fd4598707e	 200 0ms GET /json
[38;5;6m INFO[0m [04:05:18] 66a3e82601ad462ba46a19eeb3c5f251	 200 0ms GET /json
[38;5;6m INFO[0m [04:05:18] fe067011b0f342259a94ae1e45c1bde4	 200 0ms GET /json
[38;5;6m INFO[0m [04:05:18] ff7ab16570f84af28d20baba0b8d757c	 200 0ms GET /json
[38;5;6m INFO[0m [04:05:18] 6ce7e80ef1794109a8f60b8f94a87038	 200 0ms GET /json
[38;5;6m INFO[0m [04:05:18] c0a05975f0204d82b5716936b621f0b8	 200 0ms GET /json
[38;5;6m INFO[0m [04:05:18] c2b719e4a2ec4318972b563e2c896f2f	 200 0ms GET /json
[38;5;6m INFO[0m [04:05:18] eca9273bd77242deb4b0c0148638d3da	 200 0ms GET /json
[38;5;6m INFO[0m [04:05:18] b22188e96a1147c99c495d4bd0f7eb62	 200 0ms GET /json
[38;5;6m INFO[0m [04:05:18] 12c972cd07854714b34b0c572d754423	 200 0ms GET /json
[38;5;6m INFO[0m [04:05:18] 17ea37fd52354a23be81e4acacb5ba6f	 200 0ms GET /json
[38;5;6m INFO[0m [04:05:18] e56bc90b356d406c80ac09bbf1be6be3	 200 0ms GET /json
[38;5;6m INFO[0m [04:05:18] 1c936f0324ac4b289e791d7151caafd9	 200 0ms GET /json
[38;5;6m INFO[0m [04:05:18] 103e4803d2d0470594b6f2b2f50c9666	 200 0ms GET /json
[38;5;6m INFO[0m [04:05:18] 08e70a0249f14e97b2c1b7a7732734f8	 200 0ms GET /json
[38;5;6m INFO[0m [04:05:18] 3fab79d2d0b54f5c85ab1e021bfa037c	 200 0ms GET /json
[38;5;6m INFO[0m [04:05:18] 4d3ef35260b34cb49d49f6121f1791de	 200 0ms GET /json
[38;5;6m INFO[0m [04:05:18] a4b68e9c12a44391a98ddef971b24a78	 200 0ms GET /json
[38;5;6m INFO[0m [04:05:18] cca3622bc932427983e46f0b6193ea5c	 200 0ms GET /json
[38;5;6m INFO[0m [04:05:18] 4625a32eff1840d2be841de945e825f3	 200 0ms GET /json
[38;5;6m INFO[0m [04:05:18] 7b4ec8a7149b4845b597191fe5a47c34	 200 0ms GET /json
[38;5;6m INFO[0m [04:05:18] 84c69d92596f462da7f5836f242cc95c	 200 0ms GET /json
[38;5;6m INFO[0m [04:05:18] 4c0243fc88c44b89be7ff9ab378f6171	 200 0ms GET /json
[38;5;6m INFO[0m [04:05:18] ded0d33fae014faca6e82395936e8a85	 200 0ms GET /json
[38;5;6m INFO[0m [04:05:18] 078cae73e79c4d6887d66b911b2954da	 200 0ms GET /json
[38;5;6m INFO[0m [04:05:18] c0ebbac1d5a2425da203ed4f58f68d72	 200 0ms GET /json
[38;5;6m INFO[0m [04:05:18] 8981740f3e2342cf98a05d99b207f071	 200 0ms GET /json
[38;5;6m INFO[0m [04:05:18] 1337ff42c2aa4063a891aaa1956fdd0d	 200 0ms GET /json
[38;5;6m INFO[0m [04:05:18] 755bf77cbf394645af19e40ef09f5b41	 200 0ms GET /json
[38;5;6m INFO[0m [04:05:18] 89a6f6f0314f42ba9e24fa059b67632f	 200 0ms GET /json
[38;5;6m INFO[0m [04:05:18] 23e2777998ca46c3898e35b44d727f57	 200 0ms GET /json
[38;5;6m INFO[0m [04:05:18] 9ddcb75507c24e7ca8524f37212c83dc	 200 0ms GET /json
[38;5;6m INFO[0m [04:05:18] ce7ad30193864848879a05012620dec2	 200 0ms GET /json
[38;5;6m INFO[0m [04:05:18] 08f1cb6f9ac349b3be708de94f34e04f	 200 0ms GET /json
[38;5;6m INFO[0m [04:05:18] 77a9e74f41364f2db084d32952599224	 200 0ms GET /json
[38;5;6m INFO[0m [04:05:18] 764bcadcda0146e8acb99d2b433d6caf	 200 0ms GET /json
[38;5;6m INFO[0m [04:05:18] 46be03e80aa34663b0040512ddf6a09a	 200 0ms GET /json
[38;5;6m INFO[0m [04:05:18] 00fef917a6124eb988f1812318bc57d6	 200 0ms GET /json
[38;5;6m INFO[0m [04:05:18] 78bd00f72509477d9d05b5fc67272744	 200 0ms GET /json
[38;5;6m INFO[0m [04:05:18] f4c1a86bde314c2fa13b9307203d0fc0	 200 0ms GET /json
[38;5;6m INFO[0m [04:05:18] 27044fcdd9884956a83a078c4ac1ae70	 200 0ms GET /json
[38;5;6m INFO[0m [04:05:18] bb639fa1be5247f1944a790e49abbb52	 200 0ms GET /json
[38;5;6m INFO[0m [04:05:18] 33675ed22c314b12b50d16b60e8e9ec7	 200 0ms GET /json
[38;5;6m INFO[0m [04:05:18] be26d04bf19e4e9e8476c11f7b6b2db0	 200 0ms GET /json
[38;5;6m INFO[0m [04:05:18] 01cb92b9190840de9c997d7f28a36787	 200 0ms GET /json
[38;5;6m INFO[0m [04:05:18] c11fec987d7f42fc95f19dd5e3dd2687	 200 0ms GET /json
[38;5;6m INFO[0m [04:05:18] ba08bc5a8ef742778bd973579c344731	 200 0ms GET /json
[38;5;6m INFO[0m [04:05:18] 2665b531f7e24afd924823193b6dea96	 200 0ms GET /json
[38;5;6m INFO[0m [04:05:18] cf802412a8c04f2192d81c1c3ee41639	 200 0ms GET /json
[38;5;6m INFO[0m [04:05:18] 8728780a26be45faac08fee6ffc9fe15	 200 0ms GET /json
[38;5;6m INFO[0m [04:05:18] c073c23db161441289ce31b3522e9e47	 200 0ms GET /json
[38;5;6m INFO[0m [04:05:18] d09799c038cc4461b7ecf2f26682f785	 200 0ms GET /json
[38;5;6m INFO[0m [04:05:18] b696ceb5d2684d8c90079d72e878e4ab	 200 0ms GET /json
[38;5;6m INFO[0m [04:05:18] 84b1af627e6a49168b550bc3cdb83866	 200 0ms GET /json
[38;5;6m INFO[0m [04:05:18] b2032b7af9324290b24024eb93a0eadb	 200 0ms GET /json
[38;5;6m INFO[0m [04:05:18] f2518c88a15547d3baa74b81f47a5e83	 200 0ms GET /json
[38;5;6m INFO[0m [04:05:18] 9ad4480c23d94fef93713caf2fbaa204	 200 0ms GET /json
[38;5;6m INFO[0m [04:05:18] 07ebb30703924576a374ed92adefe636	 200 0ms GET /json
[38;5;6m INFO[0m [04:05:18] 3b1b576371424daab1e3b954bcc624c5	 200 0ms GET /json
[38;5;6m INFO[0m [04:05:18] cdd55e6682e442df8977f2a2a460ecd8	 200 0ms GET /json
[38;5;6m INFO[0m [04:05:18] 93d3ab43d4104761927e58e9f5168c47	 200 0ms GET /json
[38;5;6m INFO[0m [04:05:18] 8462ca0bd4c747aba699ca4903c77d94	 200 0ms GET /json
[38;5;6m INFO[0m [04:05:18] d05c28ac96a343bb8714021f46c42179	 200 0ms GET /json
[38;5;6m INFO[0m [04:05:18] 123a4e95bbb34351b9326432ffcbb74e	 200 0ms GET /json
[38;5;6m INFO[0m [04:05:18] 9a7172708b5843cdbe7c00fd1bfe4f4a	 200 0ms GET /json
[38;5;6m INFO[0m [04:05:18] ebca1c93e87a4bd9a75334f41c143b62	 200 0ms GET /json
[38;5;6m INFO[0m [04:05:18] 31f43af1854c4e07aac8e27437dababd	 200 0ms GET /json
[38;5;6m INFO[0m [04:05:18] ad169b49310f4ce88b79da3610102220	 200 0ms GET /json
[38;5;6m INFO[0m [04:05:18] e59b2da180424b4f9fef597de8f9d0dd	 200 0ms GET /json
[38;5;6m INFO[0m [04:05:18] 49e4a47fd3a64ac29019aacddf3f530b	 200 0ms GET /json
[38;5;6m INFO[0m [04:05:18] 6655bbf08f804272a6652c9048a61447	 200 0ms GET /json
[38;5;6m INFO[0m [04:05:18] 4d9a1238cc6c421a99e5af52909776c6	 200 0ms GET /json
[38;5;6m INFO[0m [04:05:18] 0e304c56d9f84e23af60eca2cea79549	 200 0ms GET /json
[38;5;6m INFO[0m [04:05:18] f5cef2761d974ea8bbd334f7410e3c37	 200 0ms GET /json
[38;5;6m INFO[0m [04:05:18] ca5bfea7e93a40629706e7530d35a2ea	 200 0ms GET /json
[38;5;6m INFO[0m [04:05:18] 4f305496a69c4a6e8a2e0394444ff312	 200 0ms GET /json
[38;5;6m INFO[0m [04:05:18] a483b7188f8c4aae8cdea14d881849a3	 200 0ms GET /json
[38;5;6m INFO[0m [04:05:18] b4267f1a3c294df08738d1f83e775163	 200 0ms GET /json
[38;5;6m INFO[0m [04:05:18] 70593d41948b478981a93bd3631d34fb	 200 0ms GET /json
[38;5;6m INFO[0m [04:05:18] e99800896b8140bb94ba2876377322e5	 200 0ms GET /json
[38;5;6m INFO[0m [04:05:18] a9426e016b5b41a5b86b810d56d6cc7e	 200 0ms GET /json
[38;5;6m INFO[0m [04:05:18] 828367e5f55d49618b5371b66110d70f	 200 0ms GET /json
[38;5;6m INFO[0m [04:05:18] ce8dbc00ff374380b397eece3b319cbc	 200 0ms GET /json
[38;5;6m INFO[0m [04:05:18] e2828c3f7dc94634b7e6f1a36274ec9f	 200 0ms GET /json
[38;5;6m INFO[0m [04:05:18] a9cfb956ed2a458db52698993d75b9c3	 200 0ms GET /json
[38;5;6m INFO[0m [04:05:18] 7d9efb6299034af68da22c0694fb0532	 200 0ms GET /json
[38;5;6m INFO[0m [04:05:18] ee70e78ba2484a6fb8982c4aaeeb5ebf	 200 0ms GET /json
[38;5;6m INFO[0m [04:05:18] 049070352f544d3eaf5ce301285125ba	 200 0ms GET /json
[38;5;6m INFO[0m [04:05:18] 26e8b819e1e04e2cb03407bd597854fa	 200 0ms GET /json
[38;5;6m INFO[0m [04:05:18] 983a590053c14956a7ee13f5750835af	 200 0ms GET /json
[38;5;6m INFO[0m [04:05:18] 8e828a30543d49d2afe56d52a9a1b922	 200 0ms GET /json
[38;5;6m INFO[0m [04:05:18] 05136f91d026469ea606d56971eb88c9	 200 0ms GET /json
[38;5;6m INFO[0m [04:05:18] c866119efc604f98b920a65eb4fa881b	 200 0ms GET /json
[38;5;6m INFO[0m [04:05:18] 78b80b50edea4aad9efec7f28a200dbf	 200 0ms GET /json
[38;5;6m INFO[0m [04:05:18] 7e99ca5f09374a84be5fb4f6e8251ad7	 200 0ms GET /json
[38;5;6m INFO[0m [04:05:20] 080bff3c15034098aa37ef4ce72fa871	 200 0ms GET /json
[38;5;6m INFO[0m [04:05:20] 655d14555ae448789ad700d564483a04	 200 0ms GET /json
[38;5;6m INFO[0m [04:05:20] b1495c05fbe24600b95e3498061be5ee	 200 0ms GET /json
[38;5;6m INFO[0m [04:05:20] 846a3f69c15a4d98b895eb8a4f29c7d7	 200 0ms GET /json
[38;5;6m INFO[0m [04:05:20] 72a296320dd94f228ceafe2209d483f4	 200 0ms GET /json
[38;5;6m INFO[0m [04:05:20] 9c31a9f3853344f68d8254057505a151	 200 0ms GET /json
[38;5;6m INFO[0m [04:05:20] 05a007306c474618821d15428ec619f3	 200 0ms GET /json
[38;5;6m INFO[0m [04:05:20] c02bf8175d214e128a5dfad414af44f4	 200 0ms GET /json
[38;5;6m INFO[0m [04:05:20] e8248cee63f64442befa1fac3d699097	 200 0ms GET /json
[38;5;6m INFO[0m [04:05:20] d8b9cbbd8cee46dc99fd1737affb1837	 200 0ms GET /json
[38;5;6m INFO[0m [04:05:20] a97fbc4cb0a549eba751c13e59459967	 200 0ms GET /json
[38;5;6m INFO[0m [04:05:20] d4d6091cd7f34d2e850c6e0629ff77d5	 200 0ms GET /json
[38;5;6m INFO[0m [04:05:20] 175f561198e344d0bbcfb1fc7d2c19b3	 200 0ms GET /json
[38;5;6m INFO[0m [04:05:20] d0f9e0d581984aaf91940e7c5ad36e1c	 200 0ms GET /json
[38;5;6m INFO[0m [04:05:20] 25c2427f8c434c778c3c74f5515305dc	 200 0ms GET /json
[38;5;6m INFO[0m [04:05:20] b581b288f8aa49e1a9fa2ae8582f2e9c	 200 0ms GET /json
[38;5;6m INFO[0m [04:05:20] 4a7f981bf4574210b75908e88a196f11	 200 0ms GET /json
[38;5;6m INFO[0m [04:05:20] 06f8f31a299f4637a1507595313596c0	 200 0ms GET /json
[38;5;6m INFO[0m [04:05:20] 1faa12f3c7e74e30850b17b11ce41a17	 200 0ms GET /json
[38;5;6m INFO[0m [04:05:20] 31ae0b38a99f4592b2047db36b114209	 200 0ms GET /json
[38;5;6m INFO[0m [04:05:20] ac9daebde0b34a38bff6720703eccab5	 200 0ms GET /json
[38;5;6m INFO[0m [04:05:20] 4cc14e882a9d4eb4bde48cb4c6b31dee	 200 0ms GET /json
[38;5;6m INFO[0m [04:05:20] 8bcd16e3b91e41f0a862dcd0341d2506	 200 0ms GET /json
[38;5;6m INFO[0m [04:05:20] 5cb51afd25454b56961a6df27630eba9	 200 0ms GET /json
[38;5;6m INFO[0m [04:05:20] 0298d365fd764f4096e413990d4890ea	 200 0ms GET /json
[38;5;6m INFO[0m [04:05:20] 88e93dffec6d406b9e113cf66921548c	 200 0ms GET /json
[38;5;6m INFO[0m [04:05:20] 4441e0a8d3ec42bdb6ba18233af2d27d	 200 0ms GET /json
[38;5;6m INFO[0m [04:05:20] 7df621f638e9464fb58a9e09d22da9da	 200 0ms GET /json
[38;5;6m INFO[0m [04:05:20] 05bba904401f45bd99d21705b658286a	 200 0ms GET /json
[38;5;6m INFO[0m [04:05:20] 4dab3752b3db4bcb8be13281835cbbda	 200 0ms GET /json
[38;5;6m INFO[0m [04:05:20] 4966c838342244adb7a89ec4248296f2	 200 0ms GET /json
[38;5;6m INFO[0m [04:05:20] 7419eb97274640b5b0057b7dc71dbf7d	 200 0ms GET /json
[38;5;6m INFO[0m [04:05:20] bf8af4f21e02410886194052599c733a	 200 0ms GET /json
[38;5;6m INFO[0m [04:05:20] 3336bee849da4f3bb8655091d2baeb5d	 200 0ms GET /json
[38;5;6m INFO[0m [04:05:20] 2afe6ade9985411a8bf602aafe74b990	 200 0ms GET /json
[38;5;6m INFO[0m [04:05:20] 38ce65976ac44b65b03e139b5c1b4a8a	 200 0ms GET /json
[38;5;6m INFO[0m [04:05:20] 85d32c5cc884428199f3ca2ac2551408	 200 0ms GET /json
[38;5;6m INFO[0m [04:05:20] 5726b6779bd446d881546a8ee206369c	 200 0ms GET /json
[38;5;6m INFO[0m [04:05:20] fe7585db4bd941c586c3da63f1d48e2e	 200 0ms GET /json
[38;5;6m INFO[0m [04:05:20] 8d44788bbd0a4179aef8e601f836232a	 200 0ms GET /json
[38;5;6m INFO[0m [04:05:20] 14daf07098d045bdbd8848d8e344d677	 200 0ms GET /json
[38;5;6m INFO[0m [04:05:20] a5a76e1e25cd4dddb6c6237b26bbd888	 200 0ms GET /json
[38;5;6m INFO[0m [04:05:20] ef325e347c344443ab53cc43a24cfef9	 200 0ms GET /json
[38;5;6m INFO[0m [04:05:20] 20ea22a0fc0448dfa6addb64f1f041c1	 200 0ms GET /json
[38;5;6m INFO[0m [04:05:20] 9ae1126a9567471b873f84bfae3cd0d5	 200 0ms GET /json
[38;5;6m INFO[0m [04:05:20] 70432234193f495ca74dedcbfd5b3726	 200 0ms GET /json
[38;5;6m INFO[0m [04:05:20] e93f976b52154a26bb9371843c8e110a	 200 0ms GET /json
[38;5;6m INFO[0m [04:05:20] 5c715ff8716442efa5c698a2820e70ae	 200 0ms GET /json
[38;5;6m INFO[0m [04:05:20] 02446254c99e4d70b4687c98500fb697	 200 0ms GET /json
[38;5;6m INFO[0m [04:05:20] da00342f310d48888635a2c11609131c	 200 0ms GET /json
[38;5;6m INFO[0m [04:05:20] 8cc101ebba1e4bb8a0b7c657920be4e4	 200 0ms GET /json
[38;5;6m INFO[0m [04:05:20] 1f151a6d314341658a88c13f090e9991	 200 0ms GET /json
[38;5;6m INFO[0m [04:05:20] 0743d817bcc24bde9d2828d18c2636b9	 200 0ms GET /json
[38;5;6m INFO[0m [04:05:20] 2a9d22f8ad2a4327b21d7a7902d80045	 200 0ms GET /json
[38;5;6m INFO[0m [04:05:20] 28e5342d888f4cb4ae814d758182c038	 200 0ms GET /json
[38;5;6m INFO[0m [04:05:20] d385443f2f734d2282843a0dc8e89817	 200 0ms GET /json
[38;5;6m INFO[0m [04:05:20] ff2a35362fdf409983160c6789d7e3c5	 200 0ms GET /json
[38;5;6m INFO[0m [04:05:20] 141d68e7bb7c41f29d6dda0faa5e8599	 200 0ms GET /json
[38;5;6m INFO[0m [04:05:20] dfb0f1bd48c24679b1107b80ade29b87	 200 0ms GET /json
[38;5;6m INFO[0m [04:05:20] 42f0fd68fcff40e0a88d3577a9dcb775	 200 0ms GET /json
[38;5;6m INFO[0m [04:05:20] 8d94ae4e7996431cb7c8b9d9d9b52959	 200 0ms GET /json
[38;5;6m INFO[0m [04:05:20] f7dc47223be042cc9c2b9a9be022eccd	 200 0ms GET /json
[38;5;6m INFO[0m [04:05:20] 1380342886714d7b8a2133aec05c1d04	 200 0ms GET /json
[38;5;6m INFO[0m [04:05:20] 5cccbe99dd444b3a825ab235bffb746c	 200 0ms GET /json
[38;5;6m INFO[0m [04:05:20] 9ccd913a8a3943ecbf21024038dbf064	 200 0ms GET /json
[38;5;6m INFO[0m [04:05:20] abbe87e6d7564d4f89b906ff69ec4faf	 200 0ms GET /json
[38;5;6m INFO[0m [04:05:20] b6716c6d0d6e406c93fb116f0b6c1c76	 200 0ms GET /json
[38;5;6m INFO[0m [04:05:20] 90d46e33913b4757812bb377790599ae	 200 0ms GET /json
[38;5;6m INFO[0m [04:05:20] a6e05c803801481d928020b2f73b9e3a	 200 0ms GET /json
[38;5;6m INFO[0m [04:05:20] b51db7b528b94295b1e7fd762e665876	 200 0ms GET /json
[38;5;6m INFO[0m [04:05:20] 6fbb85e9604b4c6daf818c45674e639d	 200 0ms GET /json
[38;5;6m INFO[0m [04:05:20] b575122b927f4966a0313af0013e8a92	 200 0ms GET /json
[38;5;6m INFO[0m [04:05:20] a897714283d648d284ae4bde615cdb7c	 200 0ms GET /json
[38;5;6m INFO[0m [04:05:20] 900fae562c684319bcaecd495a7bc1c2	 200 0ms GET /json
[38;5;6m INFO[0m [04:05:20] 1aa471ed64344439bd1ac0d8046e3736	 200 0ms GET /json
[38;5;6m INFO[0m [04:05:20] a12525ce17394a63b922fdb2df7c2ac7	 200 0ms GET /json
[38;5;6m INFO[0m [04:05:20] 434b50a42a8b4e86a4f41b1b91be649e	 200 0ms GET /json
[38;5;6m INFO[0m [04:05:20] 28f866e3023649fcbab82f2858a289c1	 200 0ms GET /json
[38;5;6m INFO[0m [04:05:20] 6e71b2a900404c3dab99f3d74cd46fb8	 200 0ms GET /json
[38;5;6m INFO[0m [04:05:20] 8bb5a8eb0729468ea30dc022a39304f2	 200 0ms GET /json
[38;5;6m INFO[0m [04:05:20] 560d7fe69fa0466eaec1971f47d1a04a	 200 0ms GET /json
[38;5;6m INFO[0m [04:05:20] b1371eaecbd64e8e89731686cfb0488d	 200 0ms GET /json
[38;5;6m INFO[0m [04:05:20] ee8fcfc0ccda448d92aa5886df43dead	 200 0ms GET /json
[38;5;6m INFO[0m [04:05:20] 530a7ad9e42c48c59ea39db01bf5f647	 200 0ms GET /json
[38;5;6m INFO[0m [04:05:20] df0b5d6ff58349d086e73b4990bf8362	 200 0ms GET /json
[38;5;6m INFO[0m [04:05:20] ca914ddec8c24921a6010008fed34afa	 200 0ms GET /json
[38;5;6m INFO[0m [04:05:20] ba066e3b60c948378c5f4e7dbc4a04f4	 200 0ms GET /json
[38;5;6m INFO[0m [04:05:20] 7f1675c0941243acb9c35cdd76557d7e	 200 0ms GET /json
[38;5;6m INFO[0m [04:05:20] 9ec8797b9f9642efb25e02cd56f1bb67	 200 0ms GET /json
[38;5;6m INFO[0m [04:05:20] 5455be5728414ddd9a865ebadd2411cb	 200 0ms GET /json
[38;5;6m INFO[0m [04:05:20] 16e5903a50f243d99ce383aa83ac5c92	 200 0ms GET /json
[38;5;6m INFO[0m [04:05:20] daaec7f252794ecaba81c773dbf6a8e6	 200 0ms GET /json
[38;5;6m INFO[0m [04:05:20] f0905a67321140d894711655ff18e153	 200 0ms GET /json
[38;5;6m INFO[0m [04:05:20] 74e77909bcf444008cb7b6bd97979d94	 200 0ms GET /json
[38;5;6m INFO[0m [04:05:20] 907c80b0494343b5a823b1c7b9da00f9	 200 0ms GET /json
[38;5;6m INFO[0m [04:05:20] f0bb5ca1582248ab80254b78916accc0	 200 0ms GET /json
[38;5;6m INFO[0m [04:05:20] 0b378f5eda6c4979823620a2b9570db4	 200 0ms GET /json
[38;5;6m INFO[0m [04:05:20] 99040a26ea8149e595155210b5b088eb	 200 0ms GET /json
[38;5;6m INFO[0m [04:05:20] 41efba5ba5a94d838c1dc2d25f78dd47	 200 0ms GET /json
[38;5;6m INFO[0m [04:05:20] a646c7e64de04a83816d186724d5debe	 200 0ms GET /json
[38;5;6m INFO[0m [04:05:20] f4232f7a607e4ecab665c818fa8b5687	 200 0ms GET /json
[38;5;6m INFO[0m [04:05:20] 4f1e5c8b07df4f31a5bfc1b10b1db4a9	 200 0ms GET /json
[38;5;6m INFO[0m [04:05:20] cb7444d54b5942debd039e16f7b71706	 200 0ms GET /json
[38;5;6m INFO[0m [04:05:20] 5522994c97d74355b5e7ecaa1593f812	 200 0ms GET /json
[38;5;6m INFO[0m [04:05:20] fcdbbd1437ee4d0aa158ed312799af90	 200 0ms GET /json
[38;5;6m INFO[0m [04:05:20] 0403be33f0a64c708d6a8d1802795934	 200 0ms GET /json
[38;5;6m INFO[0m [04:05:20] da7896302f1248009101a51b12e6e8bf	 200 0ms GET /json
[38;5;6m INFO[0m [04:05:20] edb8d874d4284b079e5645d10a40dfe7	 200 0ms GET /json
[38;5;6m INFO[0m [04:05:20] 6e681c411eb341e9933db6cb8582de9b	 200 0ms GET /json
[38;5;6m INFO[0m [04:05:20] 9b9660a993ee442a818a5194e143ba16	 200 0ms GET /json
[38;5;6m INFO[0m [04:05:20] 7d228fd092f44c819a82575f784e8418	 200 0ms GET /json
[38;5;6m INFO[0m [04:05:20] 46191452312745c6942fdd3855437a96	 200 0ms GET /json
[38;5;6m INFO[0m [04:05:20] 6a9fdd22078b49f18156234d18aec57e	 200 0ms GET /json
[38;5;6m INFO[0m [04:05:20] af12fb4ee1394fff9dd9314a15047684	 200 0ms GET /json
[38;5;6m INFO[0m [04:05:20] e2766dacb75b4484a0357250f85bd3be	 200 0ms GET /json
[38;5;6m INFO[0m [04:05:20] a7f689d10adc4bb7a3e822bc60bccc4a	 200 0ms GET /json
[38;5;6m INFO[0m [04:05:20] 1edd512666bd4ba9a2482cafe8ff8863	 200 0ms GET /json
[38;5;6m INFO[0m [04:05:20] 1a7f56e5fca9446189f8eac80f7b9867	 200 0ms GET /json
[38;5;6m INFO[0m [04:05:20] 7f6cdb9cf76e4c0b89d39cca4c7d7675	 200 0ms GET /json
[38;5;6m INFO[0m [04:05:20] 2880110cae8f46399277db4cf6527999	 200 0ms GET /json
[38;5;6m INFO[0m [04:05:20] 27eca0cd50984692ac94d74051b0f0f8	 200 0ms GET /json
[38;5;6m INFO[0m [04:05:20] 8c7f34b917b74b90b838930e5647f8a7	 200 0ms GET /json
[38;5;6m INFO[0m [04:05:20] eefad09ce94742e5b2eb761c43f0ef35	 200 0ms GET /json
[38;5;6m INFO[0m [04:05:20] a5520bb172f24a02a8d7461bdadc709c	 200 0ms GET /json
[38;5;6m INFO[0m [04:05:20] a63a6a41ca5b461eb31b2c71af2c9505	 200 0ms GET /json
[38;5;6m INFO[0m [04:05:20] 54ce29f53ee74db29b4efc904c2af494	 200 0ms GET /json
[38;5;6m INFO[0m [04:05:20] 9a4126dc6b6f4db0abdc1daa7042ad7e	 200 0ms GET /json
[38;5;6m INFO[0m [04:05:20] fa85ef5ea5264a80a4a6eec0e816c818	 200 0ms GET /json
[38;5;6m INFO[0m [04:05:20] 4ca2569768e44703aeb7ceeb1b938c38	 200 0ms GET /json
[38;5;6m INFO[0m [04:05:20] fe0ebeec05f44d5da4aeb679802c2b49	 200 0ms GET /json
[38;5;6m INFO[0m [04:05:20] c503a11d5f4145ea8fd38efced9a2f14	 200 0ms GET /json
[38;5;6m INFO[0m [04:05:20] c7dcfcbf30934fc789039f8333bec2f7	 200 0ms GET /json
[38;5;6m INFO[0m [04:05:20] 5a4db8ee2ef3499684cd73166dd07c75	 200 0ms GET /json
[38;5;6m INFO[0m [04:05:20] ef44514b8cb848d4abbc38efc1f88274	 200 0ms GET /json
[38;5;6m INFO[0m [04:05:20] 93b5990750bd4b7ca37fade54a379d32	 200 0ms GET /json
[38;5;6m INFO[0m [04:05:20] dc175b6b80d84a7ea7c982406ef3973a	 200 0ms GET /json
[38;5;6m INFO[0m [04:05:20] d9b53f07bf7b4bdea0b1115b8e6d81db	 200 0ms GET /json
[38;5;6m INFO[0m [04:05:20] 18bc914278b0411e91031b3cc399054f	 200 0ms GET /json
[38;5;6m INFO[0m [04:05:20] d1148be721374048b2df7775827c34c3	 200 0ms GET /json
[38;5;6m INFO[0m [04:05:20] f949a4ce0ad84de196145f70d7880782	 200 0ms GET /json
[38;5;6m INFO[0m [04:05:20] 6a658ed81ba04e71a5e7fb2adb31d2c4	 200 0ms GET /json
[38;5;6m INFO[0m [04:05:20] 79996a1d514e453bab8370f374e0889d	 200 0ms GET /json
[38;5;6m INFO[0m [04:05:20] e5016249a3a140ac869eb6c39fb40181	 200 0ms GET /json
[38;5;6m INFO[0m [04:05:20] 938b55494e8e4bdd929395b9bda39205	 200 0ms GET /json
[38;5;6m INFO[0m [04:05:20] 76c414a2598943cd8aaf25df3602b69c	 200 0ms GET /json
[38;5;6m INFO[0m [04:05:20] a28d562fc5714ba2b582be3ad495c83d	 200 0ms GET /json
[38;5;6m INFO[0m [04:05:20] 124d9cacac3b494ba4b89a3dd82c300b	 200 0ms GET /json
[38;5;6m INFO[0m [04:05:20] d2bc5cba76ed420e9a675c55f0fa50c1	 200 0ms GET /json
[38;5;6m INFO[0m [04:05:20] 53e575dd14034541b591c1a0cc7d5176	 200 0ms GET /json
[38;5;6m INFO[0m [04:05:20] f18d885120a9435493921ac4f1c5c544	 200 0ms GET /json
[38;5;6m INFO[0m [04:05:20] 8106fe162ad84af7b7a1c56a63db494c	 200 0ms GET /json
[38;5;6m INFO[0m [04:05:20] 94a18084b84f41d2a6b81dabbf4bc043	 200 0ms GET /json
[38;5;6m INFO[0m [04:05:20] 537d0bd2c4624b328303832d97efd12d	 200 0ms GET /json
[38;5;6m INFO[0m [04:05:20] 5fd4267634a84ca981a97499f28e5f69	 200 0ms GET /json
[38;5;6m INFO[0m [04:05:20] 914968e611a24afe89c31fedcc67c2bd	 200 0ms GET /json
[38;5;6m INFO[0m [04:05:20] 3cfe94d1a1554fdf860b686175806f38	 200 0ms GET /json
[38;5;6m INFO[0m [04:05:20] ce4fae736df64cb0b72bab4cf3f27769	 200 0ms GET /json
[38;5;6m INFO[0m [04:05:20] e530c8b47d90431d80f513069c75a707	 200 0ms GET /json
[38;5;6m INFO[0m [04:05:20] 58f6d79a5b11471cbad0c7bc7475713e	 200 0ms GET /json
[38;5;6m INFO[0m [04:05:20] e8f096891a9841cf9b4627ebfc0c9b50	 200 0ms GET /json
[38;5;6m INFO[0m [04:05:20] 8173b374ece4450d94243185d087fb92	 200 0ms GET /json
[38;5;6m INFO[0m [04:05:20] 4813da1e91e846b283896ee83d65d31a	 200 0ms GET /json
[38;5;6m INFO[0m [04:05:20] 24148d2096454078a6c7238d405d2a39	 200 0ms GET /json
[38;5;6m INFO[0m [04:05:20] 074bc4e3d72340719893abd4d7e23d62	 200 0ms GET /json
[38;5;6m INFO[0m [04:05:20] c24a20a211ef44b4a385ffbf76ca4022	 200 0ms GET /json
[38;5;6m INFO[0m [04:05:20] 222760a6d7114eaeab891510e8437b7e	 200 0ms GET /json
[38;5;6m INFO[0m [04:05:20] 79c2d52d034f4d91863443bd5f2b1dd7	 200 0ms GET /json
[38;5;6m INFO[0m [04:05:20] 69ecc4da724e45ef8c697ea74596b272	 200 0ms GET /json
[38;5;6m INFO[0m [04:05:20] 11dc113268884b54ab2bfe19cc1cf510	 200 0ms GET /json
[38;5;6m INFO[0m [04:05:20] 25ca02ad1cbb466ca6ff5fc92e4bf244	 200 0ms GET /json
[38;5;6m INFO[0m [04:05:20] 43c070b1110f4176900fb1d2d767f032	 200 0ms GET /json
[38;5;6m INFO[0m [04:05:20] d0e8466b21574ec39a28e8b5969632f4	 200 0ms GET /json
[38;5;6m INFO[0m [04:05:20] 503661dd2ef9419097629e6da840fded	 200 0ms GET /json
[38;5;6m INFO[0m [04:05:20] 6372a7d0e27a4f949adfbba9a0c17757	 200 0ms GET /json
[38;5;6m INFO[0m [04:05:20] 16634c767085429e9e5976a5c99f223c	 200 0ms GET /json
[38;5;6m INFO[0m [04:05:20] 61683a0d610e416d9a134390e43ae49c	 200 0ms GET /json
[38;5;6m INFO[0m [04:05:20] 19766f90adca45bd97815514da9806dd	 200 0ms GET /json
[38;5;6m INFO[0m [04:05:20] ab60b981fe50447a8b73667bc2702c8a	 200 0ms GET /json
[38;5;6m INFO[0m [04:05:20] 4cb744875a954cfc93e86ecfeeb3f118	 200 0ms GET /json
[38;5;6m INFO[0m [04:05:20] e158c2efddd544c79034f870284ce97c	 200 0ms GET /json
[38;5;6m INFO[0m [04:05:20] 310231ad13f34e05ab8c6899db0095cd	 200 0ms GET /json
[38;5;6m INFO[0m [04:05:20] 06af30db72d44af8964ca9ea83be9281	 200 0ms GET /json
[38;5;6m INFO[0m [04:05:20] 61fa10374dd84e37a6601d784dafc47f	 200 0ms GET /json
[38;5;6m INFO[0m [04:05:20] 42fd3b1b76a5436793269804a24fdc36	 200 0ms GET /json
[38;5;6m INFO[0m [04:05:20] fcb1bea14bf84bbca1fa0ad0620042ac	 200 0ms GET /json
[38;5;6m INFO[0m [04:05:20] 1b00d159519741a183668927fdda2e2f	 200 0ms GET /json
[38;5;6m INFO[0m [04:05:20] 6127ad794c0842868726c0f66d7ee5db	 200 0ms GET /json
[38;5;6m INFO[0m [04:05:20] c9a0d3734e6d47e79ab82d5246a90abe	 200 0ms GET /json
[38;5;6m INFO[0m [04:05:20] f32a41f88f984ed787910f4d6d6ca92f	 200 0ms GET /json
[38;5;6m INFO[0m [04:05:20] 44f75f04f38c4eefb2f617a5195ad533	 200 0ms GET /json
[38;5;6m INFO[0m [04:05:20] c21640b25150404c998fb900cc252b31	 200 0ms GET /json
[38;5;6m INFO[0m [04:05:20] 12160a9c481b40919a572eb3b762d22e	 200 0ms GET /json
[38;5;6m INFO[0m [04:05:20] 21c87c6b5ba84651a56cba323041cd91	 200 0ms GET /json
[38;5;6m INFO[0m [04:05:20] 91b451c695804ec198d34f6da612141b	 200 0ms GET /json
[38;5;6m INFO[0m [04:05:20] a5c7f8db730d40f8a584096b029b19ee	 200 0ms GET /json
[38;5;6m INFO[0m [04:05:20] 30f347aeb1834b49aae6b3774338e791	 200 0ms GET /json
[38;5;6m INFO[0m [04:05:20] 86d1eb6e067a47eeb961472124d307f0	 200 0ms GET /json
[38;5;6m INFO[0m [04:05:20] ed4c372031f54fe0b8234f7671679e37	 200 0ms GET /json
[38;5;6m INFO[0m [04:05:20] d8d983d1da514195a9ebe83939aa7ac0	 200 0ms GET /json
[38;5;6m INFO[0m [04:05:20] c507536b01da4d98bb7011cad3199d7b	 200 0ms GET /json
[38;5;6m INFO[0m [04:05:22] 987c488442c3476a94e3a5d10580e854	 200 0ms GET /json
[38;5;6m INFO[0m [04:05:22] 94d8759570bb4902baefcaa060b1050a	 200 0ms GET /json
[38;5;6m INFO[0m [04:05:22] ba640d9872bb44969ed042e58a5663c5	 200 0ms GET /json
[38;5;6m INFO[0m [04:05:22] 2f072a98ae64454b9cb76c67268eb301	 200 0ms GET /json
[38;5;6m INFO[0m [04:05:22] 2261ecb3417f47898a7eef1b2fe1c33b	 200 0ms GET /json
[38;5;6m INFO[0m [04:05:22] 9d7298cce84e4a1a93b45cc79b3a735d	 200 0ms GET /json
[38;5;6m INFO[0m [04:05:22] 3a980353778b45fab3076262f2926651	 200 0ms GET /json
[38;5;6m INFO[0m [04:05:22] 27dd2754af864deea6c6b9bd6ef885a0	 200 0ms GET /json
[38;5;6m INFO[0m [04:05:22] 6faaa6c47b164740bcdacca703198faa	 200 0ms GET /json
[38;5;6m INFO[0m [04:05:22] 6460642e30784185a8edbd1b931bbdf1	 200 0ms GET /json
[38;5;6m INFO[0m [04:05:22] 2cf721d73c554baaaab41ba886a0cc21	 200 0ms GET /json
[38;5;6m INFO[0m [04:05:22] 8677c0683392405982e0c3f452fd7ae3	 200 0ms GET /json
[38;5;6m INFO[0m [04:05:22] de74f0a89a4e4f2794841c1972f90930	 200 0ms GET /json
[38;5;6m INFO[0m [04:05:22] 75447284d2b34bf6881276c3b8cefb58	 200 0ms GET /json
[38;5;6m INFO[0m [04:05:22] 68162d0467a34caa9b7a06c1ff333b4b	 200 0ms GET /json
[38;5;6m INFO[0m [04:05:22] 87d72c985b154171987c601cf0ee9b79	 200 0ms GET /json
[38;5;6m INFO[0m [04:05:22] c8846615224c4e72b6343f8510004440	 200 0ms GET /json
[38;5;6m INFO[0m [04:05:22] 977ccade1ece4076af63375da1b45b8e	 200 0ms GET /json
[38;5;6m INFO[0m [04:05:22] e8bf56855b704dc7ac6468c7a64f36b3	 200 0ms GET /json
[38;5;6m INFO[0m [04:05:22] 63b1970aec594e7fab253623a9817f24	 200 0ms GET /json
[38;5;6m INFO[0m [04:05:22] 4c7f4de63031463bb469dd090bf7343b	 200 0ms GET /json
[38;5;6m INFO[0m [04:05:22] abefbb48c9424500b3648cca75685649	 200 0ms GET /json
[38;5;6m INFO[0m [04:05:22] 08dd799923e4458391d53941509d8302	 200 0ms GET /json
[38;5;6m INFO[0m [04:05:22] 01dae4c1415c4b7795d3daa98fd9a4ea	 200 0ms GET /json
[38;5;6m INFO[0m [04:05:22] 40397a4a97f34f158b93bf7a1e2741af	 200 0ms GET /json
[38;5;6m INFO[0m [04:05:22] dc01174b764b4330bce61d2fa2c7c12c	 200 0ms GET /json
[38;5;6m INFO[0m [04:05:22] ba4bab9be36c4558a40e8a0d084f0d0b	 200 0ms GET /json
[38;5;6m INFO[0m [04:05:22] a4cebe63a62843e0abff32a77a39ec01	 200 0ms GET /json
[38;5;6m INFO[0m [04:05:22] b3120b91097347b4a8e78a617e42f0b7	 200 0ms GET /json
[38;5;6m INFO[0m [04:05:22] e8a9726d32e144ba979d7865c001953b	 200 0ms GET /json
[38;5;6m INFO[0m [04:05:22] c21896330a8047ac8b232a6bfc480aa9	 200 0ms GET /json
[38;5;6m INFO[0m [04:05:22] 2d327416aa2d4ce58b4782a83034030c	 200 0ms GET /json
[38;5;6m INFO[0m [04:05:22] 24a69c7cacf34185a50bcfde70e665ef	 200 0ms GET /json
[38;5;6m INFO[0m [04:05:22] 8b087383de9048589bc0e891045cf630	 200 0ms GET /json
[38;5;6m INFO[0m [04:05:22] fcc05df92c7f4483b539ba2baa32ce6d	 200 0ms GET /json
[38;5;6m INFO[0m [04:05:22] e511dbd78e234017b2e9f9152941124c	 200 0ms GET /json
[38;5;6m INFO[0m [04:05:22] c40d7fb529e742de9eff446cfa8a5c5e	 200 0ms GET /json
[38;5;6m INFO[0m [04:05:22] ee87b76fc5ad44ef86ef2bc304e4a1a5	 200 0ms GET /json
[38;5;6m INFO[0m [04:05:22] 68377dcb9bc749f897be964bd5370685	 200 0ms GET /json
[38;5;6m INFO[0m [04:05:22] 36ed01d2c8414b1a8940823f5016d98f	 200 0ms GET /json
[38;5;6m INFO[0m [04:05:22] 5c48ef9a0ffe419a892d8090dbe7d0ed	 200 0ms GET /json
[38;5;6m INFO[0m [04:05:22] 9953faec4cbf4a8797b6325094901271	 200 0ms GET /json
[38;5;6m INFO[0m [04:05:22] 42a22b58791448199511f821d954a94e	 200 0ms GET /json
[38;5;6m INFO[0m [04:05:22] ab30335878ac4bf99630dba4cba224ee	 200 0ms GET /json
[38;5;6m INFO[0m [04:05:22] 6b592c0e7e394ddc8a3bbcddab10cce4	 200 0ms GET /json
[38;5;6m INFO[0m [04:05:22] c82a61440ee94b76bd657e49c9514c53	 200 0ms GET /json
[38;5;6m INFO[0m [04:05:22] ebf074b06b5447c4bbb75aa9c588ff44	 200 0ms GET /json
[38;5;6m INFO[0m [04:05:22] 8fa4f3977f4d47f39e52663093b4bcd7	 200 0ms GET /json
[38;5;6m INFO[0m [04:05:22] b99c4746b6104dff81b30e171b61fb17	 200 0ms GET /json
[38;5;6m INFO[0m [04:05:22] 982c06e8141f4a6baf9c6dab29f744da	 200 0ms GET /json
[38;5;6m INFO[0m [04:05:22] fdaf2625f7f447c09131853509ebe4b3	 200 0ms GET /json
[38;5;6m INFO[0m [04:05:22] 4677300ce0cd4d30be46f7c6514749d7	 200 0ms GET /json
[38;5;6m INFO[0m [04:05:22] e96ed71224c44dc186b8910abb29a174	 200 0ms GET /json
[38;5;6m INFO[0m [04:05:22] 4da32903d22946ceb0ed75d63561d85f	 200 0ms GET /json
[38;5;6m INFO[0m [04:05:22] 3ee99a584b2f40dda2159da2a4d8ad06	 200 0ms GET /json
[38;5;6m INFO[0m [04:05:22] 97499c5af054482daa4a300f05d2c537	 200 0ms GET /json
[38;5;6m INFO[0m [04:05:22] 439194e1733a43b08434f6b112c79724	 200 0ms GET /json
[38;5;6m INFO[0m [04:05:22] 4654ab458abd45a2a2576005105d6357	 200 0ms GET /json
[38;5;6m INFO[0m [04:05:22] 5ac293ee8d584ad6afe1ba75cef05a8e	 200 0ms GET /json
[38;5;6m INFO[0m [04:05:22] 27fcd5fa587943959cfdf782e385e69d	 200 0ms GET /json
[38;5;6m INFO[0m [04:05:22] 655c695dfbaf4bc4a9f4f6400827044c	 200 0ms GET /json
[38;5;6m INFO[0m [04:05:22] 4f6ca9fdd92f4eb0b4cdcc8abcbe513f	 200 0ms GET /json
[38;5;6m INFO[0m [04:05:22] f6c76fa64e9245b8aa90965d23982aa7	 200 0ms GET /json
[38;5;6m INFO[0m [04:05:22] 888cd0df30c3441aa7e4f5b25d5c8d63	 200 0ms GET /json
[38;5;6m INFO[0m [04:05:22] b0dd36bd88874f04b53eb31518c629e9	 200 0ms GET /json
[38;5;6m INFO[0m [04:05:22] 4eed4843d5e14555b86b158bef05dde0	 200 0ms GET /json
[38;5;6m INFO[0m [04:05:22] dce3925c67e9435fa46706af8d04c93b	 200 0ms GET /json
[38;5;6m INFO[0m [04:05:22] 9ae237a7e8d147228be910ac11a74437	 200 0ms GET /json
[38;5;6m INFO[0m [04:05:22] 276024fccd0b4958ac6ebbf80bd77a72	 200 0ms GET /json
[38;5;6m INFO[0m [04:05:22] 07933f2d5e8a4c8183659bd97481f4c5	 200 0ms GET /json
[38;5;6m INFO[0m [04:05:22] 2d40258e6f42465cb51f75a38be23a10	 200 0ms GET /json
[38;5;6m INFO[0m [04:05:22] 6aab0fdb0cb34ac7b7c16412e9b4c569	 200 0ms GET /json
[38;5;6m INFO[0m [04:05:22] 765e87e1403f482989b6010794c00aa6	 200 0ms GET /json
[38;5;6m INFO[0m [04:05:22] 8a9af061b83941c48cdf3fe3a5c6e72b	 200 0ms GET /json
[38;5;6m INFO[0m [04:05:22] a08899a2699d456dbe993d60d205d8d7	 200 0ms GET /json
[38;5;6m INFO[0m [04:05:22] f1bab128f7904305b2a81a0848a76a2d	 200 0ms GET /json
[38;5;6m INFO[0m [04:05:22] 438f18c5f46346378048ecbbd8742e3a	 200 0ms GET /json
[38;5;6m INFO[0m [04:05:22] e74fb826990b4e52afbcc5399d7f4a08	 200 0ms GET /json
[38;5;6m INFO[0m [04:05:22] 81cb08242e234181a83c46cd28386d15	 200 0ms GET /json
[38;5;6m INFO[0m [04:05:22] e3f65fe388eb48b2a8eef118c9713ab4	 200 0ms GET /json
[38;5;6m INFO[0m [04:05:22] 69f99c35d8954db58886a398c48ae319	 200 0ms GET /json
[38;5;6m INFO[0m [04:05:22] fa86a593cd8b44f580da1c215b217111	 200 0ms GET /json
[38;5;6m INFO[0m [04:05:22] 6b15705c746d4b5c9fe62397ab534c3f	 200 0ms GET /json
[38;5;6m INFO[0m [04:05:22] 582afb12ab044979910705f6b84edece	 200 0ms GET /json
[38;5;6m INFO[0m [04:05:22] a94d890baf7047b2a8edaef8f3a88c17	 200 0ms GET /json
[38;5;6m INFO[0m [04:05:22] 6dc10dd097d64562af3e12d9ceea91fe	 200 0ms GET /json
[38;5;6m INFO[0m [04:05:22] 9f878cd1499a4afe9a7fb0592f410450	 200 0ms GET /json
[38;5;6m INFO[0m [04:05:22] d538ebc0907a4e02993eca62a8b4657d	 200 0ms GET /json
[38;5;6m INFO[0m [04:05:22] 8efd2c51ef4e48dd9d255287d1af2c0d	 200 0ms GET /json
[38;5;6m INFO[0m [04:05:22] 1f55cb8fba3344dd96c6645d14347051	 200 0ms GET /json
[38;5;6m INFO[0m [04:05:22] 5dbcdd7f9d194eab97ecd66f36679d70	 200 0ms GET /json
[38;5;6m INFO[0m [04:05:22] 374391ca396c49728a90e8ca456e9f14	 200 0ms GET /json
[38;5;6m INFO[0m [04:05:22] 64371d8ca219427c882bdfa1b729a91d	 200 0ms GET /json
[38;5;6m INFO[0m [04:05:22] 18bf59ddd9e14d2ab436e2761e3086ad	 200 0ms GET /json
[38;5;6m INFO[0m [04:05:22] 5ba56c8395c3498eaa1066646333ba17	 200 0ms GET /json
[38;5;6m INFO[0m [04:05:22] a9be0eb197824f13929fe14972d1bafd	 200 0ms GET /json
[38;5;6m INFO[0m [04:05:22] 6aca308742104f8a80414bfaf70ceb88	 200 0ms GET /json
[38;5;6m INFO[0m [04:05:22] 5b6373ac38564a678df8b500a694e861	 200 0ms GET /json
[38;5;6m INFO[0m [04:05:22] 07204f888d2c4c71804cc76739df1ff0	 200 0ms GET /json
[38;5;6m INFO[0m [04:05:22] 1491ff518136463db1e5c10ef42e4f26	 200 0ms GET /json
[38;5;6m INFO[0m [04:05:22] f1f1f98de66f4f11885ce8fc24aa26a9	 200 0ms GET /json
[38;5;6m INFO[0m [04:05:22] 846f85f903d840f6b606efedd348f202	 200 0ms GET /json
[38;5;6m INFO[0m [04:05:22] e1e2398efbe446079ceef7d336333c76	 200 0ms GET /json
[38;5;6m INFO[0m [04:05:22] be2ed96aae264c0fbe7c44dc4ff241bd	 200 0ms GET /json
[38;5;6m INFO[0m [04:05:22] 2e7a6b37ccab464b89818fb2fb92b395	 200 0ms GET /json
[38;5;6m INFO[0m [04:05:22] 62bcddf4e0b24d92a325713f9db38a8c	 200 0ms GET /json
[38;5;6m INFO[0m [04:05:22] e010572071834724b59f92a490914df0	 200 0ms GET /json
[38;5;6m INFO[0m [04:05:22] b67e26e677d84797a7106f4635190524	 200 0ms GET /json
[38;5;6m INFO[0m [04:05:22] 73f9ba7a33a74ce897f77f2582c3eca1	 200 0ms GET /json
[38;5;6m INFO[0m [04:05:22] 645f62a13355475d868d8c9dc0daa8c0	 200 0ms GET /json
[38;5;6m INFO[0m [04:05:22] 8c3df66367914b83a4f1128e0629a13b	 200 0ms GET /json
[38;5;6m INFO[0m [04:05:22] 5aff49de62b74e31821eb01544b07cec	 200 0ms GET /json
[38;5;6m INFO[0m [04:05:22] ef6b51f9e1914a9093ecfb6b659b29bc	 200 0ms GET /json
[38;5;6m INFO[0m [04:05:22] ab4394a122174d4098e2e7598fd72ef9	 200 0ms GET /json
[38;5;6m INFO[0m [04:05:22] 30b3a92ce83746399ace381ec26b903a	 200 0ms GET /json
[38;5;6m INFO[0m [04:05:22] 09c640d6cd8841249972139b230b91d5	 200 0ms GET /json
[38;5;6m INFO[0m [04:05:22] a914a3df7f0e4495acde73fb244be115	 200 0ms GET /json
[38;5;6m INFO[0m [04:05:22] b391a231cdc44b42906e5e364e82a6a2	 200 0ms GET /json
[38;5;6m INFO[0m [04:05:22] f69850c3002c49ad84b205b42c910ef2	 200 0ms GET /json
[38;5;6m INFO[0m [04:05:22] b74d16f43984455cb50b5ba0d7c7b1f5	 200 0ms GET /json
[38;5;6m INFO[0m [04:05:22] 82fe10bf46b5403686b6b051aeb23f89	 200 0ms GET /json
[38;5;6m INFO[0m [04:05:22] bfe5bcd09ede4af3a9d2a9b30aad270e	 200 0ms GET /json
[38;5;6m INFO[0m [04:05:22] 9a03d27f974b420b9b7481434abac2b7	 200 0ms GET /json
[38;5;6m INFO[0m [04:05:22] 1a1d5fdc86d5417990b67b9113b661ca	 200 0ms GET /json
[38;5;6m INFO[0m [04:05:22] 48576203186c4147abd57d707eef8052	 200 0ms GET /json
[38;5;6m INFO[0m [04:05:22] 951c1877e4c94ecc858efd675b2f86ae	 200 0ms GET /json
[38;5;6m INFO[0m [04:05:22] 0951162f8fd2495c992d8e48a58416a8	 200 0ms GET /json
[38;5;6m INFO[0m [04:05:22] f06b414f14274762a4c7d5f5ece200e5	 200 0ms GET /json
[38;5;6m INFO[0m [04:05:22] 1c7663773fb04870a70b20767601b71c	 200 0ms GET /json
[38;5;6m INFO[0m [04:05:22] 8fcf5164126d4e4f8f8fe244c6a860e6	 200 0ms GET /json
[38;5;6m INFO[0m [04:05:22] fbdd2dcb82c84133b5ed023c4a45c953	 200 0ms GET /json
[38;5;6m INFO[0m [04:05:22] adee49d8a171464da89aad920c87a5ee	 200 0ms GET /json
[38;5;6m INFO[0m [04:05:22] 3db7e3134189484bac03fb4a835622e0	 200 0ms GET /json
[38;5;6m INFO[0m [04:05:22] 08542e8ee63946bda536be39e344b003	 200 0ms GET /json
[38;5;6m INFO[0m [04:05:22] ca8cf5a51a8e4032878b696ba4febdba	 200 0ms GET /json
[38;5;6m INFO[0m [04:05:22] 6c8418e0114d42f79947de142b365fa1	 200 0ms GET /json
[38;5;6m INFO[0m [04:05:22] ef883296296543b5ac7642730f308e67	 200 0ms GET /json
[38;5;6m INFO[0m [04:05:22] 42661afd7e254549af2160bcdd165ad9	 200 0ms GET /json
[38;5;6m INFO[0m [04:05:22] bb1c71ae6d4348be86b0db272727e9de	 200 0ms GET /json
[38;5;6m INFO[0m [04:05:22] dff3884b1a0a4a68bd808bfc69bebf36	 200 0ms GET /json
[38;5;6m INFO[0m [04:05:22] 178054066b10404690c5e6365bb4bf45	 200 0ms GET /json
[38;5;6m INFO[0m [04:05:22] 73f504b913a9453da860d01a2c54297f	 200 0ms GET /json
[38;5;6m INFO[0m [04:05:22] c786664a1ec14a61a818fdfaaaa12613	 200 0ms GET /json
[38;5;6m INFO[0m [04:05:22] acaa676c1c9f4284bc5ae4140193faa7	 200 0ms GET /json
[38;5;6m INFO[0m [04:05:22] 5992663691ac442ba79ab1ad83c89b6d	 200 0ms GET /json
[38;5;6m INFO[0m [04:05:22] 56d76f579eda4e6c93a6d376e3646f2b	 200 0ms GET /json
[38;5;6m INFO[0m [04:05:22] b367a5f9e4634bd292f77a5f5e30a8c3	 200 0ms GET /json
[38;5;6m INFO[0m [04:05:22] 1b1f1a6c5cf248f18017b2968b4e5272	 200 0ms GET /json
[38;5;6m INFO[0m [04:05:22] 287d34bbe96a487c9c00c657c4bca72d	 200 0ms GET /json
[38;5;6m INFO[0m [04:05:22] 358906e65fb24a0183a8d7cab55e0ce3	 200 0ms GET /json
[38;5;6m INFO[0m [04:05:22] 4c7a5a1434564373a77feee2a03bd707	 200 0ms GET /json
[38;5;6m INFO[0m [04:05:22] b244daf710424d2085c4e5654ac7cfd7	 200 0ms GET /json
[38;5;6m INFO[0m [04:05:22] e84d75ce43064cd4b592e7d6db4ceeb1	 200 0ms GET /json
[38;5;6m INFO[0m [04:05:22] 4c243583a95c4f5e8957e5ac82cefaf8	 200 0ms GET /json
[38;5;6m INFO[0m [04:05:22] dfb574e0a6924236a4f217f088276234	 200 0ms GET /json
[38;5;6m INFO[0m [04:05:22] 1af2f31fc5ad460bbcd27d3234b74a8b	 200 0ms GET /json
[38;5;6m INFO[0m [04:05:22] fd3fcf6b640b4c6d8c827a3f528b5e55	 200 0ms GET /json
[38;5;6m INFO[0m [04:05:22] 9feae671e3ee4bae9b8719d28f9f4009	 200 0ms GET /json
[38;5;6m INFO[0m [04:05:22] 0b0b61ca9aed4b4f9cfea291196fec7e	 200 0ms GET /json
[38;5;6m INFO[0m [04:05:22] ec65f220c8d04ec183385e9857e21887	 200 0ms GET /json
[38;5;6m INFO[0m [04:05:22] 8135d2f87d304bbfa497572a110c990e	 200 0ms GET /json
[38;5;6m INFO[0m [04:05:22] f4f5f34eed654aff9614f5b99fcb5ee2	 200 0ms GET /json
[38;5;6m INFO[0m [04:05:22] aa3f60061b0c4423849f008c76af712d	 200 0ms GET /json
[38;5;6m INFO[0m [04:05:22] 9b975fd5d324478b8b6d67a3e1061959	 200 0ms GET /json
[38;5;6m INFO[0m [04:05:22] 2d45c323bd0242858fdc699000309622	 200 0ms GET /json
[38;5;6m INFO[0m [04:05:22] 4ad4c917e5dd4e54b076f19c589ac36e	 200 0ms GET /json
[38;5;6m INFO[0m [04:05:22] 992507cac4524c858ca54872dcd902e9	 200 0ms GET /json
[38;5;6m INFO[0m [04:05:22] 1e505cc544734faf886530d45bc72462	 200 0ms GET /json
[38;5;6m INFO[0m [04:05:22] 006f83846596457d91c020a753bd8b08	 200 0ms GET /json
[38;5;6m INFO[0m [04:05:22] ad8ee00bacb44eb08b193e76f2427ab0	 200 0ms GET /json
[38;5;6m INFO[0m [04:05:22] 65afe3ca76124b529f929c79c416d1fb	 200 0ms GET /json
[38;5;6m INFO[0m [04:05:22] 1ca2eb66212749a58472625c9f2f5fbd	 200 0ms GET /json
[38;5;6m INFO[0m [04:05:22] 04ec15d40f6047d0bdb7cf3ffc256e11	 200 0ms GET /json
[38;5;6m INFO[0m [04:05:22] 35debf59dc9946f8b4080358d92b8810	 200 0ms GET /json
[38;5;6m INFO[0m [04:05:22] 249ac7eb95ea430fb623f4d727c31757	 200 0ms GET /json
[38;5;6m INFO[0m [04:05:22] 1c80b23a80e44e05909fa67140056580	 200 0ms GET /json
[38;5;6m INFO[0m [04:05:22] 735cfe7429cc482189fd255091848986	 200 0ms GET /json
[38;5;6m INFO[0m [04:05:22] 91de828bf7db49d3aa04b4bd8164737d	 200 0ms GET /json
[38;5;6m INFO[0m [04:05:22] fe307c3c72ea42d1a4f50cf70a3750c3	 200 0ms GET /json
[38;5;6m INFO[0m [04:05:22] d7112ff4c28741df9e99e8635cfa89c4	 200 0ms GET /json
[38;5;6m INFO[0m [04:05:22] c8ffafaafa8641479a630b291dd3f7f2	 200 0ms GET /json
[38;5;6m INFO[0m [04:05:22] 4daa4a0c9aa84d92a694c905c15263c8	 200 0ms GET /json
[38;5;6m INFO[0m [04:05:22] 529edb872f434762a14f9bd2b0d68396	 200 0ms GET /json
[38;5;6m INFO[0m [04:05:22] 858cbb87d5f04d4f8ba63726ce6cfe9b	 200 0ms GET /json
[38;5;6m INFO[0m [04:05:22] 11551355bfd947ed9746df4f2c53de85	 200 0ms GET /json
[38;5;6m INFO[0m [04:05:22] 014a599086a24cc481204b5f421ab2d1	 200 0ms GET /json
[38;5;6m INFO[0m [04:05:22] bf6a9979c4834788bce4036b6967a1c8	 200 0ms GET /json
[38;5;6m INFO[0m [04:05:22] 3dce34b1a5ad454eb2b9a8d6a2db7fe7	 200 0ms GET /json
[38;5;6m INFO[0m [04:05:22] 1f9b8c2316844f1d930ce46a78b6dae4	 200 0ms GET /json
[38;5;6m INFO[0m [04:05:22] 587a1c45bd03489880230052122af90f	 200 0ms GET /json
[38;5;6m INFO[0m [04:05:22] 3d2326ce51c9473ab6d12d9666475a25	 200 0ms GET /json
[38;5;6m INFO[0m [04:05:22] d9f28c9fa5ad4c8680852383d1d1a5df	 200 0ms GET /json
[38;5;6m INFO[0m [04:05:22] d85eb9297d8341e78feb13758e631c86	 200 0ms GET /json
[38;5;6m INFO[0m [04:05:22] ef17b850e2f44e8786aa33ff6ff82e18	 200 0ms GET /json
[38;5;6m INFO[0m [04:05:22] e42ec46c45a54baa972ad28d7e8459a3	 200 0ms GET /json
[38;5;6m INFO[0m [04:05:22] c1a3003338a5451b8913ee9ffe81e252	 200 0ms GET /json
[38;5;6m INFO[0m [04:05:22] 0f72c80ad3c34370b5ce693398b13347	 200 0ms GET /json
[38;5;6m INFO[0m [04:05:22] e5075b2cb6aa438e97190253a1b93394	 200 0ms GET /json
[38;5;6m INFO[0m [04:05:22] c90d34b85b91420fb0d8336c356197f6	 200 0ms GET /json
[38;5;6m INFO[0m [04:05:22] 7f88453aad68464e9030978651f5fc28	 200 0ms GET /json
[38;5;6m INFO[0m [04:05:22] 517fc9415fd647789661383a714c0d81	 200 0ms GET /json
[38;5;6m INFO[0m [04:05:22] fc4fa2a2876c449f890220c9efe05546	 200 0ms GET /json
[38;5;6m INFO[0m [04:05:22] 5dd8e39a9c59401ba81cb98409a44758	 200 0ms GET /json
[38;5;6m INFO[0m [04:05:22] e55c0877dffc4e84bafc00746e91b802	 200 0ms GET /json
[38;5;6m INFO[0m [04:05:22] 99845d1784be487d9e8e8fc05280355c	 200 0ms GET /json
[38;5;6m INFO[0m [04:05:22] 9514997e650d4beb8e1bb098b39c0900	 200 0ms GET /json
[38;5;6m INFO[0m [04:05:22] c832c02c8164491ab342864a4005276b	 200 0ms GET /json
[38;5;6m INFO[0m [04:05:22] a572e5401d4342109c9247cd9c8fa1c3	 200 0ms GET /json
[38;5;6m INFO[0m [04:05:22] 557b03fd573d44f8afe9ef939c41e47e	 200 0ms GET /json
[38;5;6m INFO[0m [04:05:22] 476f9e8b71b4440fad7bae5181a54468	 200 0ms GET /json
[38;5;6m INFO[0m [04:05:22] 628adc3415fc48688b1965d7c3897424	 200 0ms GET /json
[38;5;6m INFO[0m [04:05:22] 06251294682847898f68cbd6e52f99f3	 200 0ms GET /json
[38;5;6m INFO[0m [04:05:22] 9dc3076ade654d758276d00b2ca5bc80	 200 0ms GET /json
[38;5;6m INFO[0m [04:05:22] fee270e198e249acad7db119b12bec04	 200 0ms GET /json
[38;5;6m INFO[0m [04:05:22] 5660b73b782844318fa950a7d61249d7	 200 0ms GET /json
[38;5;6m INFO[0m [04:05:22] c4991c09b4d9406b9e6cddc12b53e210	 200 0ms GET /json
[38;5;6m INFO[0m [04:05:22] 4ae25963201a4c2c80069470f5f305e8	 200 0ms GET /json
[38;5;6m INFO[0m [04:05:22] db2f5fbd28384281b231053b18ddeef0	 200 0ms GET /json
[38;5;6m INFO[0m [04:05:22] b7336b57984542909d42d006728dc0d2	 200 0ms GET /json
[38;5;6m INFO[0m [04:05:22] e0b370472cf349eb9ac681092b1d4dcb	 200 0ms GET /json
[38;5;6m INFO[0m [04:05:22] 90165d5a5d2742b28fb60075a293c041	 200 0ms GET /json
[38;5;6m INFO[0m [04:05:22] 6e180f2449324b1ca91bfae703250ac8	 200 0ms GET /json
[38;5;6m INFO[0m [04:05:22] 674c5d87ae0943cda7eb70f1e85fa0fa	 200 0ms GET /json
[38;5;6m INFO[0m [04:05:22] 8e57c0a4bc2b42eeb3f1aa590e70f48e	 200 0ms GET /json
[38;5;6m INFO[0m [04:05:22] f1716c5d11cd472899d7efc1dc68cf1d	 200 0ms GET /json
[38;5;6m INFO[0m [04:05:22] bab0a86310f04e68ac80bccd2d842a80	 200 0ms GET /json
[38;5;6m INFO[0m [04:05:22] 4daae5042b5a45ffb94b80c302e805b9	 200 0ms GET /json
[38;5;6m INFO[0m [04:05:22] 66b24822deb0402b9cad7ee1f5fa5fe6	 200 0ms GET /json
[38;5;6m INFO[0m [04:05:22] 4ea09f37cfb7444dadc30a46b490bffd	 200 0ms GET /json
[38;5;6m INFO[0m [04:05:22] 009601075aa9429aabaaacceec873dfa	 200 0ms GET /json
[38;5;6m INFO[0m [04:05:22] 442a2bac6803489fa85d9f9ad66bfabe	 200 0ms GET /json
[38;5;6m INFO[0m [04:05:22] 56061088d2e64436aed9e2d8d72b3ddf	 200 0ms GET /json
[38;5;6m INFO[0m [04:05:22] 2fa6faf389f54c789dc481a730f9cbdf	 200 0ms GET /json
[38;5;6m INFO[0m [04:05:22] f36ba0f261864027ad47e8393f6f27e4	 200 0ms GET /json
[38;5;6m INFO[0m [04:05:22] 6d445d48d47b410583063b07d019a75b	 200 0ms GET /json
[38;5;6m INFO[0m [04:05:22] ec94cfc2ebc14304a5f6b7b24d8acb83	 200 0ms GET /json
[38;5;6m INFO[0m [04:05:22] 6fddd8f691ca4100a342d40f9ace581a	 200 0ms GET /json
[38;5;6m INFO[0m [04:05:22] 31b2490f21244572b2b333f8499f3828	 200 0ms GET /json
[38;5;6m INFO[0m [04:05:22] afc098e8f2f14735a4b74e38630fbad2	 200 0ms GET /json
[38;5;6m INFO[0m [04:05:22] 916ca3de75d148329839e4652c934eae	 200 0ms GET /json
[38;5;6m INFO[0m [04:05:22] 9160c34db7e749108038005e82d5a009	 200 0ms GET /json
[38;5;6m INFO[0m [04:05:22] f91dc0d8d1864eb48d39aa14fa18e921	 200 0ms GET /json
[38;5;6m INFO[0m [04:05:22] 7637cd6b62f7497b89a4c84bafccc482	 200 0ms GET /json
[38;5;6m INFO[0m [04:05:22] cf805377d4504aa8a9f0b7d3c51dea3c	 200 0ms GET /json
[38;5;6m INFO[0m [04:05:22] e08128588e6c44f9adefe828c73dbc10	 200 0ms GET /json
[38;5;6m INFO[0m [04:05:22] 3960223d3bee4c12b71fee360ecfca2c	 200 0ms GET /json
[38;5;6m INFO[0m [04:05:22] c8ec146d36224317bb9de8f830d70a4c	 200 0ms GET /json
[38;5;6m INFO[0m [04:05:22] 4e1583d36ed5489ab4cea318c0a92a5e	 200 0ms GET /json
[38;5;6m INFO[0m [04:05:22] ef4b7f70ccea454d847476780499c3d3	 200 0ms GET /json
[38;5;6m INFO[0m [04:05:22] 07d15c80392b41dd81b910d3a186040b	 200 0ms GET /json
[38;5;6m INFO[0m [04:05:22] 4650d3ede02c4bae9125557732853fcc	 200 0ms GET /json
[38;5;6m INFO[0m [04:05:22] cae7c1ce14844e84bd66a5633ca5b1a7	 200 0ms GET /json
[38;5;6m INFO[0m [04:05:22] 6e10f58f2f7f444b9d85af423d6bd413	 200 0ms GET /json
[38;5;6m INFO[0m [04:05:22] 800a7a1034bd4426a2284bd75d4d9c82	 200 0ms GET /json
[38;5;6m INFO[0m [04:05:22] ccf78607b47b4ffeb913d85403d134e1	 200 0ms GET /json
[38;5;6m INFO[0m [04:05:22] dde841a628d647d9a557bde3ba422d3f	 200 0ms GET /json
[38;5;6m INFO[0m [04:05:22] d0d46a0fe02849ddab0df4cfd45bcda7	 200 0ms GET /json
[38;5;6m INFO[0m [04:05:22] 687a4b43373d4f24832cf78e0f18d081	 200 0ms GET /json
[38;5;6m INFO[0m [04:05:22] a498d14bc2de4cd3a820bcab4ca83755	 200 0ms GET /json
[38;5;6m INFO[0m [04:05:22] 939192ec73fe416494bed04bbee199e8	 200 0ms GET /json
[38;5;6m INFO[0m [04:05:22] 65f0b22550a24c91aa3f188a16af47b1	 200 0ms GET /json
[38;5;6m INFO[0m [04:05:22] 00d8366824cb4df3951f114d57f871c2	 200 0ms GET /json
[38;5;6m INFO[0m [04:05:22] f36eb7e09d1045ea8165b935c47e07c3	 200 0ms GET /json
[38;5;6m INFO[0m [04:05:22] 99405d2487684773867cf58bf3440a45	 200 0ms GET /json
[38;5;6m INFO[0m [04:05:22] e60e3b1714fe40b3ad630489fc466c37	 200 0ms GET /json
[38;5;6m INFO[0m [04:05:22] f0c5c881f19847bfa795b98bc71d4df8	 200 0ms GET /json
[38;5;6m INFO[0m [04:05:22] a578bf0fdb574726959fcbec14e3c343	 200 0ms GET /json
[38;5;6m INFO[0m [04:05:22] e0690838ef0345509c4ce5cce5207f63	 200 0ms GET /json
[38;5;6m INFO[0m [04:05:22] 973ae1c2fd1749d29c0459abf1f6b112	 200 0ms GET /json
[38;5;6m INFO[0m [04:05:22] c856412fe99e4f8e9705a53076f44d36	 200 0ms GET /json
[38;5;6m INFO[0m [04:05:22] cd9d2736d5f546f0aa2de85a9d36a5ee	 200 0ms GET /json
[38;5;6m INFO[0m [04:05:22] a62bc527561f42119229dcb98fe36517	 200 0ms GET /json
[38;5;6m INFO[0m [04:05:22] be624530b7424b77b99cb16a8e6e563d	 200 0ms GET /json
[38;5;6m INFO[0m [04:05:22] 61d1296fa2174b408d6e1b5cefa2e3ab	 200 0ms GET /json
[38;5;6m INFO[0m [04:05:22] d05ccde846fa42b28aa931bbe44c5c5f	 200 0ms GET /json
[38;5;6m INFO[0m [04:05:22] ebdae49609c94a82905c31494fad722f	 200 0ms GET /json
[38;5;6m INFO[0m [04:05:22] 09effac9dabd4346b01de75e4f5456e0	 200 0ms GET /json
[38;5;6m INFO[0m [04:05:22] 4e0527018d524473a692e46f15698717	 200 0ms GET /json
[38;5;6m INFO[0m [04:05:22] 8278ca3aba204e1d870b5c82856d97ef	 200 0ms GET /json
[38;5;6m INFO[0m [04:05:22] d69c611cc11348ffa151c613afc9355a	 200 0ms GET /json
[38;5;6m INFO[0m [04:05:22] cb8f1064563349249fb946bd6fd288e6	 200 0ms GET /json
[38;5;6m INFO[0m [04:05:22] 6dbb60bc54f248738358feb22c597419	 200 0ms GET /json
[38;5;6m INFO[0m [04:05:22] 46202b0facf04d20a859e94041bffb18	 200 0ms GET /json
[38;5;6m INFO[0m [04:05:22] 9774423fa76f451bb2b7cfb8ad53fcf1	 200 0ms GET /json
[38;5;6m INFO[0m [04:05:22] 215079c382cf4b2da06cf670d5bf894d	 200 0ms GET /json
[38;5;6m INFO[0m [04:05:22] ab67aac403ea4f48b7ead170cb74114f	 200 0ms GET /json
[38;5;6m INFO[0m [04:05:22] a8b862baa53f4e3780cf83124b2ee511	 200 0ms GET /json
[38;5;6m INFO[0m [04:05:22] fcdf32325a4c46418f6aeddc926a75ad	 200 0ms GET /json
[38;5;6m INFO[0m [04:05:22] d3f6038917a2423a93ad9640279ff38a	 200 0ms GET /json
[38;5;6m INFO[0m [04:05:22] 5c721b5e21c04154b2684d3dabaf9c6b	 200 0ms GET /json
[38;5;6m INFO[0m [04:05:22] b2e035a1a9814b49a1460772ba6870d9	 200 0ms GET /json
[38;5;6m INFO[0m [04:05:22] 6dcbe4ae59d5440ab1ff61d1ff25cc5d	 200 0ms GET /json
[38;5;6m INFO[0m [04:05:22] 63e009032a4f413eab9341f0f8aee238	 200 0ms GET /json
[38;5;6m INFO[0m [04:05:22] db835df22b6a4740b9e22aa1185886e6	 200 0ms GET /json
[38;5;6m INFO[0m [04:05:22] 2af84b5f5eb64e7dac54581b6468cf55	 200 0ms GET /json
[38;5;6m INFO[0m [04:05:22] 2318544bda00438d8816247df65e439e	 200 0ms GET /json
[38;5;6m INFO[0m [04:05:22] a5242e53552a432fb513e6ce520b40cc	 200 0ms GET /json
[38;5;6m INFO[0m [04:05:22] 1a96bc36e6b74aeca8b95c9795db3ce1	 200 0ms GET /json
[38;5;6m INFO[0m [04:05:22] 99f9ede2f71142f7ad59adb95816c362	 200 0ms GET /json
[38;5;6m INFO[0m [04:05:22] 39c32770399443228dbda32eb35c2632	 200 0ms GET /json
[38;5;6m INFO[0m [04:05:28] 6c813f622af54295abd1a5d53352f48f	 200 0ms GET /json
[38;5;6m INFO[0m [04:05:28] 7003f34e31234b2ebde5faffaa739f21	 200 0ms GET /json
[38;5;6m INFO[0m [04:05:28] 0e7b293de5bb4a95a2328f814a960fa2	 200 0ms GET /json
[38;5;6m INFO[0m [04:05:28] 9fcfb4187c294e87bab7ed3744648605	 200 0ms GET /json
[38;5;6m INFO[0m [04:05:28] 41659ef21a9c497397d86e7f3ba2fd47	 200 0ms GET /json
[38;5;6m INFO[0m [04:05:28] 801fa9604f844c7f82abdb179e9840da	 200 0ms GET /json
[38;5;6m INFO[0m [04:05:28] 13bbaa4691b24350ac3fafcfa1d790f7	 200 0ms GET /json
[38;5;6m INFO[0m [04:05:28] dc0358d239c54f1880fc88892f59183f	 200 0ms GET /json
[38;5;6m INFO[0m [04:05:28] 1a299057804a4a8f825c1966533f7da9	 200 0ms GET /json
[38;5;6m INFO[0m [04:05:28] 77579a67120e4f50a139e7d4c17d6e7b	 200 0ms GET /json
[38;5;6m INFO[0m [04:05:28] d2e7ba45d8dc4d8fb8fcf1f39b5b94c6	 200 0ms GET /json
[38;5;6m INFO[0m [04:05:28] fb2344672d4b47059d102649a2ac173b	 200 0ms GET /json
[38;5;6m INFO[0m [04:05:28] db27aedc52de49f3aae62c681f08c677	 200 0ms GET /json
[38;5;6m INFO[0m [04:05:28] 2f67dc6d6d5942e280a3d9f22b8e019f	 200 0ms GET /json
[38;5;6m INFO[0m [04:05:28] 050e281e1a12465f86103e5df8816734	 200 0ms GET /json
[38;5;6m INFO[0m [04:05:28] 8bd32059da4f4715b5bbe203d276aa17	 200 0ms GET /json
[38;5;6m INFO[0m [04:05:28] 3cce03940d754e70a69d622c6d4cc99a	 200 0ms GET /json
[38;5;6m INFO[0m [04:05:28] 2a1be4dd78fa45e0842c3210c8f0d143	 200 0ms GET /json
[38;5;6m INFO[0m [04:05:28] c1a3016479074cb8a470b254da1ce1b8	 200 0ms GET /json
[38;5;6m INFO[0m [04:05:28] fad8758e86884cd9994fb4186c7a1a05	 200 0ms GET /json
[38;5;6m INFO[0m [04:05:28] 6584f830c043442b8736a01b6a1ac968	 200 0ms GET /json
[38;5;6m INFO[0m [04:05:28] f2ab594ce06c4ae7b9af805855321ada	 200 0ms GET /json
[38;5;6m INFO[0m [04:05:28] 400df6b0ed0344b5901d35af621f67b0	 200 0ms GET /json
[38;5;6m INFO[0m [04:05:28] cfd358aed6ae449f97021bddc853a6a4	 200 0ms GET /json
[38;5;6m INFO[0m [04:05:28] df6cabe37b994153bee690b53b0d35c3	 200 0ms GET /json
[38;5;6m INFO[0m [04:05:28] dd6bb69d8fdf45c180776e4f9688b8f7	 200 0ms GET /json
[38;5;6m INFO[0m [04:05:28] d06d881d431a4419996e2cfefdc76ad7	 200 0ms GET /json
[38;5;6m INFO[0m [04:05:28] e32395e4e3734cbfa1aa54c06a90d7d9	 200 0ms GET /json
[38;5;6m INFO[0m [04:05:28] 428b9a46f19b434c978f7bfdb1281fa4	 200 0ms GET /json
[38;5;6m INFO[0m [04:05:28] 81e6042aca514fbea7e77f8f4eefa50e	 200 0ms GET /json
[38;5;6m INFO[0m [04:05:28] 39c2b34a85c647e2988b6824c92108b5	 200 0ms GET /json
[38;5;6m INFO[0m [04:05:28] bb0a965178614c9eb9c9d83a656d6f19	 200 0ms GET /json
[38;5;6m INFO[0m [04:05:28] 57e3cf45731d4fdd82232bbac266a1ed	 200 0ms GET /json
[38;5;6m INFO[0m [04:05:28] 364f7b98e34345a3afb63c291bafd504	 200 0ms GET /json
[38;5;6m INFO[0m [04:05:28] f146831094f94970b80728d5784c363a	 200 0ms GET /json
[38;5;6m INFO[0m [04:05:28] 960bd570fa76484e9dafa89cd600eb87	 200 0ms GET /json
[38;5;6m INFO[0m [04:05:28] 07a40e9c419441b7a9f4f9b3a12b088e	 200 0ms GET /json
[38;5;6m INFO[0m [04:05:28] 6c3d2fc2d34f426c8db938fcb944e839	 200 0ms GET /json
[38;5;6m INFO[0m [04:05:28] 6346bfa219584be7a211b9fb924f8703	 200 0ms GET /json
[38;5;6m INFO[0m [04:05:28] 0f378999f6114af19aeb49fce48daf0c	 200 0ms GET /json
[38;5;6m INFO[0m [04:05:28] e960e579d5d143d1aff435d84dbf95a5	 200 0ms GET /json
[38;5;6m INFO[0m [04:05:28] 40a3912d0f7f4547b9398cc0a81f85bd	 200 0ms GET /json
[38;5;6m INFO[0m [04:05:28] 1bb50077aa6b438f83f395e8b706e298	 200 0ms GET /json
[38;5;6m INFO[0m [04:05:28] 8ada14b7817347d2af21be3549d076d0	 200 0ms GET /json
[38;5;6m INFO[0m [04:05:28] 21f7c676b7694f6493506cd90d9720fb	 200 0ms GET /json
[38;5;6m INFO[0m [04:05:28] 0c7f84fb26004de98367e3d2334f8462	 200 0ms GET /json
[38;5;6m INFO[0m [04:05:28] 1a78d4841e3e4e37b89f58b8fff34670	 200 0ms GET /json
[38;5;6m INFO[0m [04:05:28] 327feb6845194114b3969e40331625ee	 200 0ms GET /json
[38;5;6m INFO[0m [04:05:28] 1a576ae3dce44022b89fadb6faa7b0c8	 200 0ms GET /json
[38;5;6m INFO[0m [04:05:28] 8a7c4274d605435f8e4226b5f76d0af6	 200 0ms GET /json
[38;5;6m INFO[0m [04:05:28] 5a8a480b7dca46de881321e3a39930aa	 200 0ms GET /json
[38;5;6m INFO[0m [04:05:28] c0955f37a44f4cf78bc3eaec78e80715	 200 0ms GET /json
[38;5;6m INFO[0m [04:05:28] 29ad296ceb0348cf981da358ddbc8484	 200 0ms GET /json
[38;5;6m INFO[0m [04:05:28] cb2f8e9941d640df9894373a83af0635	 200 0ms GET /json
[38;5;6m INFO[0m [04:05:28] 4235a45cea934249b5e0e49944014933	 200 0ms GET /json
[38;5;6m INFO[0m [04:05:28] e4d93ef3f0ab409d95260e23499d5091	 200 0ms GET /json
[38;5;6m INFO[0m [04:05:28] a07e6437af8143f18de36cfefdda0996	 200 0ms GET /json
[38;5;6m INFO[0m [04:05:28] 191ff0df14a74cabb225f234921e67f4	 200 0ms GET /json
[38;5;6m INFO[0m [04:05:28] e6a84cd87a4e4381aed701430cd7a68b	 200 0ms GET /json
[38;5;6m INFO[0m [04:05:28] 8c126e0a82ce4967baa566ebc34fbc5e	 200 0ms GET /json
[38;5;6m INFO[0m [04:05:28] d4bb6f87b4614410ab6ad2da5e05f9da	 200 0ms GET /json
[38;5;6m INFO[0m [04:05:28] 842a47e5a2c84307b08f9c5b3973f089	 200 0ms GET /json
[38;5;6m INFO[0m [04:05:28] b51b17d3d549486da7df2deacf97036e	 200 0ms GET /json
[38;5;6m INFO[0m [04:05:28] 8d59fcaa2b334a9898d913d492af5895	 200 0ms GET /json
[38;5;6m INFO[0m [04:05:28] ed0e1aa01ed84dcf8667c145b492abe4	 200 0ms GET /json
[38;5;6m INFO[0m [04:05:28] bc9aae6c1aa44148866d2d56f7e5a40b	 200 0ms GET /json
[38;5;6m INFO[0m [04:05:28] 5f476fc646ee4a8999835d9c360e30c0	 200 0ms GET /json
[38;5;6m INFO[0m [04:05:28] d9f2ba8c509d44cda22c62f1b9d5484d	 200 0ms GET /json
[38;5;6m INFO[0m [04:05:28] e79f1031d02d47e2a7d713d34203356b	 200 0ms GET /json
[38;5;6m INFO[0m [04:05:28] 4b5cc263342f4a268fb81ce400b3dd4d	 200 0ms GET /json
[38;5;6m INFO[0m [04:05:28] 6b390756d5a3405d89f48d8130ec0b6b	 200 0ms GET /json
[38;5;6m INFO[0m [04:05:28] 366664f56761466284e89d932c7388e7	 200 0ms GET /json
[38;5;6m INFO[0m [04:05:28] 233cc885625b4c069ef08b50a55ff036	 200 0ms GET /json
[38;5;6m INFO[0m [04:05:28] 7f1259ede5b641ef9f644ebe9e08d54f	 200 0ms GET /json
[38;5;6m INFO[0m [04:05:28] 595369922dc3449ba29e398201872cba	 200 0ms GET /json
[38;5;6m INFO[0m [04:05:28] 60f9b082ec2449c5835c15e00891a80f	 200 0ms GET /json
[38;5;6m INFO[0m [04:05:28] 42f364fb72f0466e92548c149117543b	 200 0ms GET /json
[38;5;6m INFO[0m [04:05:28] 67016ddf3521451e828a067831b2ccaa	 200 0ms GET /json
[38;5;6m INFO[0m [04:05:28] 9577c3cbf0c841a9a81be047886fbd2e	 200 0ms GET /json
[38;5;6m INFO[0m [04:05:28] 1429113f60b948c9b423caa2aa8ce4bb	 200 0ms GET /json
[38;5;6m INFO[0m [04:05:28] 9eae7d6f101f4999aad068232b88ac30	 200 0ms GET /json
[38;5;6m INFO[0m [04:05:28] dc94c28a7e9c4a0e9f9eb981de544ec1	 200 0ms GET /json
[38;5;6m INFO[0m [04:05:28] cab110f82d6d4469a3aba17ca999309b	 200 0ms GET /json
[38;5;6m INFO[0m [04:05:28] 2f439fb1fdcc4203b2fe9561c6ff7767	 200 0ms GET /json
[38;5;6m INFO[0m [04:05:28] f6fb1df206ce4fd0bc2339d61adf6fc9	 200 0ms GET /json
[38;5;6m INFO[0m [04:05:28] 8089b7b780e34186b09e25ee1498beab	 200 0ms GET /json
[38;5;6m INFO[0m [04:05:28] 554cebffba4a49f49a516157765a1ca6	 200 0ms GET /json
[38;5;6m INFO[0m [04:05:28] 404e49897ae64074928bae56c6f03ca1	 200 0ms GET /json
[38;5;6m INFO[0m [04:05:28] 01f45df76ade4a37ab9bcfecd847c0dd	 200 0ms GET /json
[38;5;6m INFO[0m [04:05:28] 73e0834357b34124af296a2fbdc74b89	 200 0ms GET /json
[38;5;6m INFO[0m [04:05:28] 66c64bf7386240eab508d77ee7a286b3	 200 0ms GET /json
[38;5;6m INFO[0m [04:05:28] 6d56651b65b14a588d2316882c9e1026	 200 0ms GET /json
[38;5;6m INFO[0m [04:05:28] 5dedccf720c34a269f688b3ef992bf38	 200 0ms GET /json
[38;5;6m INFO[0m [04:05:28] 11a7ae042fc642e0ad71c694bbd2e60b	 200 0ms GET /json
[38;5;6m INFO[0m [04:05:28] 6c6647aa505a4fd4a3ee798056bef9cb	 200 0ms GET /json
[38;5;6m INFO[0m [04:05:28] c6e3573cc4754d3ca26b80163bce138d	 200 0ms GET /json
[38;5;6m INFO[0m [04:05:28] 16119c0934cf4234aa0b5e7c41c5afc3	 200 0ms GET /json
[38;5;6m INFO[0m [04:05:28] 945aaef824874b5b91d696e886707faa	 200 0ms GET /json
[38;5;6m INFO[0m [04:05:28] b99a9a31e1af45cbadaecb638a62c0d2	 200 0ms GET /json
[38;5;6m INFO[0m [04:05:28] 824c54dc022e4a1ca6aba3729979a4dd	 200 0ms GET /json
[38;5;6m INFO[0m [04:05:30] ef2b3d015b2644d2bd6a386e85c1a686	 200 0ms GET /json
[38;5;6m INFO[0m [04:05:30] 905cb5a22eeb439bb411d0c36200dfba	 200 0ms GET /json
[38;5;6m INFO[0m [04:05:30] ae52f4b462a64d578436e8d04b881aff	 200 0ms GET /json
[38;5;6m INFO[0m [04:05:30] a405d1eca7ae41729618242e56bba2b8	 200 0ms GET /json
[38;5;6m INFO[0m [04:05:30] 213f3edc63f14163953098a68810d0e4	 200 0ms GET /json
[38;5;6m INFO[0m [04:05:30] 9e36e50e639a4e1c992b9b9d01fb01e1	 200 0ms GET /json
[38;5;6m INFO[0m [04:05:30] 0514aa1b9ff7460a955f55e800e9348a	 200 0ms GET /json
[38;5;6m INFO[0m [04:05:30] f3cfb25390dd48c59998de4db6cdd936	 200 0ms GET /json
[38;5;6m INFO[0m [04:05:30] 80bd314446bc458cb1fd78b1053ee56d	 200 0ms GET /json
[38;5;6m INFO[0m [04:05:30] f1582c5cb49846499df8bc3b9f770485	 200 0ms GET /json
[38;5;6m INFO[0m [04:05:30] 68fb47983d8f4eb89c2040dced8ae007	 200 0ms GET /json
[38;5;6m INFO[0m [04:05:30] bcfcc80890784c40967045ea630e0d93	 200 0ms GET /json
[38;5;6m INFO[0m [04:05:30] 2a4f64c8f3e34a5f96be5d952cffeb12	 200 0ms GET /json
[38;5;6m INFO[0m [04:05:30] 77c4b48b394b47dfb723ca10f126ab4d	 200 0ms GET /json
[38;5;6m INFO[0m [04:05:30] 685999e179db40b1828b579d91ddf4a0	 200 0ms GET /json
[38;5;6m INFO[0m [04:05:30] c7cf9ffd87e449159eeeebc0441016bf	 200 0ms GET /json
[38;5;6m INFO[0m [04:05:30] b32607baefe547d7ac08299a7f97903c	 200 0ms GET /json
[38;5;6m INFO[0m [04:05:30] b6466f00a4a24b60b047aa675a5dd95d	 200 0ms GET /json
[38;5;6m INFO[0m [04:05:30] c6fa21d9901944dfb314e5bf8bd5783e	 200 0ms GET /json
[38;5;6m INFO[0m [04:05:30] 1bfccc59d6cd4e9796ea7e4422c56816	 200 0ms GET /json
[38;5;6m INFO[0m [04:05:30] f8942f0db7f04fb293fdac19536842d2	 200 0ms GET /json
[38;5;6m INFO[0m [04:05:30] 0be9a18aa2bf4ba7814727c0484f2e76	 200 0ms GET /json
[38;5;6m INFO[0m [04:05:30] 3fa29f12463f4c948f388f80506490b4	 200 0ms GET /json
[38;5;6m INFO[0m [04:05:30] 410e8aab45fa4e35baaf71ecc59b8455	 200 0ms GET /json
[38;5;6m INFO[0m [04:05:30] 61daa1fa1ce5440eab5746721b94a139	 200 0ms GET /json
[38;5;6m INFO[0m [04:05:30] 7ef7fbd7082b4daeb4f004dfeab11825	 200 0ms GET /json
[38;5;6m INFO[0m [04:05:30] 11be3eb9c87e4958850ddd728214d9c3	 200 0ms GET /json
[38;5;6m INFO[0m [04:05:30] 55621daa13dc494786a05cdcff98b9d9	 200 0ms GET /json
[38;5;6m INFO[0m [04:05:30] beea7a1b2c0b47fc8d1926f7777c91a9	 200 0ms GET /json
[38;5;6m INFO[0m [04:05:30] 7b55927cf7ec4c6890f62dddbdd61681	 200 0ms GET /json
[38;5;6m INFO[0m [04:05:30] cf38f99b55a945a290a00036e46571fa	 200 0ms GET /json
[38;5;6m INFO[0m [04:05:30] 5bae7c923c1542139d0a9f07d0651621	 200 0ms GET /json
[38;5;6m INFO[0m [04:05:30] b9ce2c8a2cc2489591eb906101788926	 200 0ms GET /json
[38;5;6m INFO[0m [04:05:30] 4a6b564f4d1e42ba8954e05bd99bdb90	 200 0ms GET /json
[38;5;6m INFO[0m [04:05:30] bc040502759a445e94c96b25f8725c56	 200 0ms GET /json
[38;5;6m INFO[0m [04:05:30] 3e456358974a429b8632dd64b2524458	 200 0ms GET /json
[38;5;6m INFO[0m [04:05:30] e9d2983bdd734097b3397a42d1229de1	 200 0ms GET /json
[38;5;6m INFO[0m [04:05:30] 9214a7bc43264b8196a3d3f315844816	 200 0ms GET /json
[38;5;6m INFO[0m [04:05:30] 298389dceac24c4b81eabf661079e3c2	 200 0ms GET /json
[38;5;6m INFO[0m [04:05:30] 32fa365c4edb47b183873d14020a730b	 200 0ms GET /json
[38;5;6m INFO[0m [04:05:30] bb9e0c0ce610486c8d3ebac833882078	 200 0ms GET /json
[38;5;6m INFO[0m [04:05:30] 549ea0c75e6d42849bcc76872939e00a	 200 0ms GET /json
[38;5;6m INFO[0m [04:05:30] 79f39da11e4c4634a70c21f42524b2a3	 200 0ms GET /json
[38;5;6m INFO[0m [04:05:30] 646fbff74101497cbdfc1b3dee69660d	 200 0ms GET /json
[38;5;6m INFO[0m [04:05:30] be52e6ea8fe94f4fa918d5386e5c0415	 200 0ms GET /json
[38;5;6m INFO[0m [04:05:30] 74c0adbe10984070b4a16d6326ab7a69	 200 0ms GET /json
[38;5;6m INFO[0m [04:05:30] 7608e1fadabd4a28b283be89c2a7fe40	 200 0ms GET /json
[38;5;6m INFO[0m [04:05:30] b0db97b1630248f6bda834bb629517a4	 200 0ms GET /json
[38;5;6m INFO[0m [04:05:30] 10f3f91311c544f2b69f78c29318e7cc	 200 0ms GET /json
[38;5;6m INFO[0m [04:05:30] 04e85e66937044cdb411217c7edb6286	 200 0ms GET /json
[38;5;6m INFO[0m [04:05:30] 6cecf6955a4c4bc59bf424731c58fbe9	 200 0ms GET /json
[38;5;6m INFO[0m [04:05:30] e355e8caee2347308b1ba47d37593465	 200 0ms GET /json
[38;5;6m INFO[0m [04:05:30] 556d79988e4443aeb986feb17506b3bf	 200 0ms GET /json
[38;5;6m INFO[0m [04:05:30] 840593052f3f4804865f6017d1a7c4e5	 200 0ms GET /json
[38;5;6m INFO[0m [04:05:30] 5391ba7fe7b6407393f3f7f3fe83b109	 200 0ms GET /json
[38;5;6m INFO[0m [04:05:30] 6feec22acf984af995c87adaa0ea5033	 200 0ms GET /json
[38;5;6m INFO[0m [04:05:30] d6b5de32e5354e3aa5559b7922991924	 200 0ms GET /json
[38;5;6m INFO[0m [04:05:30] cd29248d1b604f35b0afb21738b875a0	 200 0ms GET /json
[38;5;6m INFO[0m [04:05:30] f16f3c8b062d463384254f5cfbfbf4bc	 200 0ms GET /json
[38;5;6m INFO[0m [04:05:30] 8eb840661f64440b8f5dd2d90430fe14	 200 0ms GET /json
[38;5;6m INFO[0m [04:05:30] 6fb9e5a7e6524f348d9928617c179506	 200 0ms GET /json
[38;5;6m INFO[0m [04:05:30] 3337ae885c6a474481574c10e21950ca	 200 0ms GET /json
[38;5;6m INFO[0m [04:05:30] 497890e26c5a4c119d76785aefa0b694	 200 0ms GET /json
[38;5;6m INFO[0m [04:05:30] 6d2f9972bfd64b27834bb1bc87328ac2	 200 0ms GET /json
[38;5;6m INFO[0m [04:05:30] cd16164d9dbb4bc583beb6095a069c49	 200 0ms GET /json
[38;5;6m INFO[0m [04:05:30] 8e138c9e6da54091a118b2d33eb24c2c	 200 0ms GET /json
[38;5;6m INFO[0m [04:05:30] 0a17457c66324a61820cdddc838563d3	 200 0ms GET /json
[38;5;6m INFO[0m [04:05:30] a3bc2b6fe1b649cba8df4ab506802cc2	 200 0ms GET /json
[38;5;6m INFO[0m [04:05:30] 9695f93142e647709f5e3dd52e8c6b32	 200 0ms GET /json
[38;5;6m INFO[0m [04:05:30] 3512bb66f38a45af82f379e0043cd86e	 200 0ms GET /json
[38;5;6m INFO[0m [04:05:30] fc218aabfb064113b4ad8507c9fea685	 200 0ms GET /json
[38;5;6m INFO[0m [04:05:30] 142efa275c9c4ed2b0bfee58f016653f	 200 0ms GET /json
[38;5;6m INFO[0m [04:05:30] 399ddb3110dc463097938fcbfc33fe42	 200 0ms GET /json
[38;5;6m INFO[0m [04:05:30] f008dfdbc4674610a8508a4654e07142	 200 0ms GET /json
[38;5;6m INFO[0m [04:05:30] 6478169df69d4d66af4309387cb9c227	 200 0ms GET /json
[38;5;6m INFO[0m [04:05:30] 7fa508de3e3f4f289de3e6dc417a1809	 200 0ms GET /json
[38;5;6m INFO[0m [04:05:30] ac77e3fb34a4453c9ce38217eba24182	 200 0ms GET /json
[38;5;6m INFO[0m [04:05:30] 39129f7d281c40d8821a14926a99500a	 200 0ms GET /json
[38;5;6m INFO[0m [04:05:30] b7a2ff50ca7d4e3f86ac7eb9cee8d6fe	 200 0ms GET /json
[38;5;6m INFO[0m [04:05:30] 22d65b5eb6754051be8b49a0e217405a	 200 0ms GET /json
[38;5;6m INFO[0m [04:05:30] 9ed38a6c4da94c35b71829a1f4e093a7	 200 0ms GET /json
[38;5;6m INFO[0m [04:05:30] 73783f5d16ae4c3baafb7d955d861c39	 200 0ms GET /json
[38;5;6m INFO[0m [04:05:30] 37730cad7a28414f9386f2ca5f7fd1f8	 200 0ms GET /json
[38;5;6m INFO[0m [04:05:30] 62db15ec32684330b53733fd71a999fc	 200 0ms GET /json
[38;5;6m INFO[0m [04:05:30] 6408601d089a40ad85e8249fd22be65c	 200 0ms GET /json
[38;5;6m INFO[0m [04:05:30] 04dc1c0d9b9e4218aab5e6486549e404	 200 0ms GET /json
[38;5;6m INFO[0m [04:05:30] 6018d315b0094058930ef9942668a7d7	 200 0ms GET /json
[38;5;6m INFO[0m [04:05:30] 85e5d561d0cd4de9acde7047a7446d40	 200 0ms GET /json
[38;5;6m INFO[0m [04:05:30] 7c25f5b78363470b889fc4073b1156fe	 200 0ms GET /json
[38;5;6m INFO[0m [04:05:30] a06eb07f1344481dacf5cd9e344277bd	 200 0ms GET /json
[38;5;6m INFO[0m [04:05:30] 961f9da6debd46e99463ed42d6852196	 200 0ms GET /json
[38;5;6m INFO[0m [04:05:30] 9758dfdef21f45a0be7192fad771d72f	 200 0ms GET /json
[38;5;6m INFO[0m [04:05:30] abe668161d31417ca8b507fe66462711	 200 0ms GET /json
[38;5;6m INFO[0m [04:05:30] ed3a1e79bf57447aa738cd2892481b27	 200 0ms GET /json
[38;5;6m INFO[0m [04:05:30] 34855fed92454de8b5378ce916304325	 200 0ms GET /json
[38;5;6m INFO[0m [04:05:30] 2c8f6aea625b4f99a0df2ed567c0284c	 200 0ms GET /json
[38;5;6m INFO[0m [04:05:30] 4e3ac31d39f747dbb50453251861643d	 200 0ms GET /json
[38;5;6m INFO[0m [04:05:30] 1ff07c9922924a0c89d4fcec0e6f9e26	 200 0ms GET /json
[38;5;6m INFO[0m [04:05:30] f3f54e0a5ae04600a3d92e63492ec12a	 200 0ms GET /json
[38;5;6m INFO[0m [04:05:30] 6373b4923d944e83843886e4188d949a	 200 0ms GET /json
[38;5;6m INFO[0m [04:05:30] 62828a37a30e4bb6a3cc3c3f1ce84e3d	 200 0ms GET /json
[38;5;6m INFO[0m [04:05:30] 25edef6c6c6f4ee8850c10ece68d01ad	 200 0ms GET /json
[38;5;6m INFO[0m [04:05:30] 0bca9b511bbe4d1f86dff7e8c973c688	 200 0ms GET /json
[38;5;6m INFO[0m [04:05:30] 5e12347b4f62445aab8d0e450c82afe0	 200 0ms GET /json
[38;5;6m INFO[0m [04:05:30] 9b32f8e7f3824146a7eb901f7b3e313a	 200 0ms GET /json
[38;5;6m INFO[0m [04:05:30] 376d2c8801e940f4b0747edd8ab0caab	 200 0ms GET /json
[38;5;6m INFO[0m [04:05:30] 6085e94b10094fd6a30dfc39dad0203e	 200 0ms GET /json
[38;5;6m INFO[0m [04:05:30] f268e1a44d924d7f8985f54e35d9ca4c	 200 0ms GET /json
[38;5;6m INFO[0m [04:05:30] 6ee4f2553dd14b048619a856633f0a33	 200 0ms GET /json
[38;5;6m INFO[0m [04:05:30] 9d8a586388624fbaa0fa3111d0e4bdce	 200 0ms GET /json
[38;5;6m INFO[0m [04:05:30] 201a2ab03f5e4477bb6909cfc0770c0e	 200 0ms GET /json
[38;5;6m INFO[0m [04:05:30] 1e6990482e6741548013666ae4f1f668	 200 0ms GET /json
[38;5;6m INFO[0m [04:05:30] 9c639337af564352b18c146056495eb1	 200 0ms GET /json
[38;5;6m INFO[0m [04:05:30] 940693e5e4114183ba7dbd0638e7392a	 200 0ms GET /json
[38;5;6m INFO[0m [04:05:30] 0482a9cdac234019bf1784a19b2f62ed	 200 0ms GET /json
[38;5;6m INFO[0m [04:05:30] ec9e7dbdaffc4899bbd653bc60c4c94f	 200 0ms GET /json
[38;5;6m INFO[0m [04:05:30] 075382b154f34101abce5537aaab491d	 200 0ms GET /json
[38;5;6m INFO[0m [04:05:30] 5e9b17eb712246b284d31d8f38f83c7e	 200 0ms GET /json
[38;5;6m INFO[0m [04:05:30] 1bdeb518216844e08345e67a7ff940e5	 200 0ms GET /json
[38;5;6m INFO[0m [04:05:30] a9e0497369f145ee903c9e51d80a0ade	 200 0ms GET /json
[38;5;6m INFO[0m [04:05:30] 1dfa1c23661640ffb90a5abf5360ca30	 200 0ms GET /json
[38;5;6m INFO[0m [04:05:30] 28b9b269816e41cfbf764d2d833fc11a	 200 0ms GET /json
[38;5;6m INFO[0m [04:05:30] 80928b3924d74ac1a24aa46505b41415	 200 0ms GET /json
[38;5;6m INFO[0m [04:05:30] 4eb00df692554481a76c215e1c998682	 200 0ms GET /json
[38;5;6m INFO[0m [04:05:30] 4f5b0aff09604fcc90ec68a98b83311a	 200 0ms GET /json
[38;5;6m INFO[0m [04:05:30] 48beeb5502d84ded9cc9b24b5e4ee153	 200 0ms GET /json
[38;5;6m INFO[0m [04:05:30] 727799afbc6c46ca86a8da685bdc3b86	 200 0ms GET /json
[38;5;6m INFO[0m [04:05:30] 2742c555c1774a0e94565f9312844db8	 200 0ms GET /json
[38;5;6m INFO[0m [04:05:30] 1cbc0555102345f6ad43802e7558a997	 200 0ms GET /json
[38;5;6m INFO[0m [04:05:30] 02eaa0bde29b4446a5e9d65ab1817059	 200 0ms GET /json
[38;5;6m INFO[0m [04:05:30] 3e7942e184424c97b16cddfc99625cc1	 200 0ms GET /json
[38;5;6m INFO[0m [04:05:30] 85fa7d648bb645f5bdf44c1ed7028778	 200 0ms GET /json
[38;5;6m INFO[0m [04:05:30] e72177562bc44a50bac9d75b705a2d98	 200 0ms GET /json
[38;5;6m INFO[0m [04:05:30] ecb19124f43d403a887cf91bfc079dbf	 200 0ms GET /json
[38;5;6m INFO[0m [04:05:30] 117b101dc65346b8af7733be42a75087	 200 0ms GET /json
[38;5;6m INFO[0m [04:05:30] 009fa0d4764849f6b30fd907b3d6f1b8	 200 0ms GET /json
[38;5;6m INFO[0m [04:05:30] 45a116d696a84b8b859126a2e10800b5	 200 0ms GET /json
[38;5;6m INFO[0m [04:05:30] 3aa8ac16872e44a8adf20621e2905534	 200 0ms GET /json
[38;5;6m INFO[0m [04:05:30] 25b28fb774ad4c5cb72963702bea319c	 200 0ms GET /json
[38;5;6m INFO[0m [04:05:30] 299705fabde149baaa22d4a118b7eccb	 200 0ms GET /json
[38;5;6m INFO[0m [04:05:30] f091663ffa964482b9fec8a455e17064	 200 0ms GET /json
[38;5;6m INFO[0m [04:05:30] 025aeb49418342efb3a505cb98765ba9	 200 0ms GET /json
[38;5;6m INFO[0m [04:05:30] fa5f814150ca40f2b07782c692e8df37	 200 0ms GET /json
[38;5;6m INFO[0m [04:05:30] b954fd58a2bb43569cadbf8b5945dd73	 200 0ms GET /json
[38;5;6m INFO[0m [04:05:30] 08f895d0796140cb821a7e47fc856298	 200 0ms GET /json
[38;5;6m INFO[0m [04:05:30] a47578d1468c4f3989e47e2a6c278fbf	 200 0ms GET /json
[38;5;6m INFO[0m [04:05:30] 7a12a12387254755abe16d6e2591980f	 200 0ms GET /json
[38;5;6m INFO[0m [04:05:30] ccdae70fbe8040a38ee0d854e2b4413f	 200 0ms GET /json
[38;5;6m INFO[0m [04:05:30] fad47e9ddf9d4eba99c963819aa7be89	 200 0ms GET /json
[38;5;6m INFO[0m [04:05:30] fc83981333f34d6bbe4397be8dca4bfe	 200 0ms GET /json
[38;5;6m INFO[0m [04:05:30] a8deebff155049a29e1811f43948c16d	 200 0ms GET /json
[38;5;6m INFO[0m [04:05:30] 40caf98ca52c492ca2c4ef98d335286a	 200 0ms GET /json
[38;5;6m INFO[0m [04:05:30] 37380231a95043b6aac0f89fea93477a	 200 0ms GET /json
[38;5;6m INFO[0m [04:05:30] 20f8f16619e649c88a8d61cc52ea75a4	 200 0ms GET /json
[38;5;6m INFO[0m [04:05:30] aa4cf152f066421d8339b4eb0dd2d4c9	 200 0ms GET /json
[38;5;6m INFO[0m [04:05:30] abe3654831dc409789e70b025826ec5b	 200 0ms GET /json
[38;5;6m INFO[0m [04:05:30] 949cc86e48cd4620b44523dc6e8b7c46	 200 0ms GET /json
[38;5;6m INFO[0m [04:05:30] 210360376ede4d66a4eed412706d7b79	 200 0ms GET /json
[38;5;6m INFO[0m [04:05:30] 2b44e3a81b414aedba3ce28b358dbda2	 200 0ms GET /json
[38;5;6m INFO[0m [04:05:30] 2662aca1ec4f4e2b9061240b022eb27b	 200 0ms GET /json
[38;5;6m INFO[0m [04:05:30] b0a1ad692c114ff4baf178c8ffe16b06	 200 0ms GET /json
[38;5;6m INFO[0m [04:05:30] 832ae2df96ca489ea39123c39bd1234f	 200 0ms GET /json
[38;5;6m INFO[0m [04:05:30] 0b02a1c464cf4eb2a0bfa54cc6571ac3	 200 0ms GET /json
[38;5;6m INFO[0m [04:05:30] f57894e5ed734ff895828ab868b77b9e	 200 0ms GET /json
[38;5;6m INFO[0m [04:05:30] 60b6ae1f66ca4457a0f2907a5ed9422a	 200 0ms GET /json
[38;5;6m INFO[0m [04:05:30] 9f8940c16857446e863b27ae60b6d56d	 200 0ms GET /json
[38;5;6m INFO[0m [04:05:30] 7d7ec456d9b849b1b6b21e2acbbdcbb9	 200 0ms GET /json
[38;5;6m INFO[0m [04:05:30] ee353c2aa5d049c5a84964414366800a	 200 0ms GET /json
[38;5;6m INFO[0m [04:05:30] fcf4512c85d9476ca1c3931680c58bd6	 200 0ms GET /json
[38;5;6m INFO[0m [04:05:30] 17eb932f4db2459da0c9599227df0c64	 200 0ms GET /json
[38;5;6m INFO[0m [04:05:30] cae0df5e14d94416b2fd5fd553e72eed	 200 0ms GET /json
[38;5;6m INFO[0m [04:05:30] f2503492c88b4635a78f8ab7b6e2a73f	 200 0ms GET /json
[38;5;6m INFO[0m [04:05:30] 7707c588512842a8875df83c6c97c729	 200 0ms GET /json
[38;5;6m INFO[0m [04:05:30] 4f84dd7bd5394be29e544c24dd3881a0	 200 0ms GET /json
[38;5;6m INFO[0m [04:05:30] d73fe7e4128d4fb096d55fa3d7d79505	 200 0ms GET /json
[38;5;6m INFO[0m [04:05:30] 949b86ee02064d9bb0b818eb3ec12003	 200 0ms GET /json
[38;5;6m INFO[0m [04:05:30] b881cc7677c24cb99acbdf01e82e11ee	 200 0ms GET /json
[38;5;6m INFO[0m [04:05:30] bb55442686ce48ac9200a317fba0365a	 200 0ms GET /json
[38;5;6m INFO[0m [04:05:30] 86cc88f565124b51b2a0fb271c1e2379	 200 0ms GET /json
[38;5;6m INFO[0m [04:05:30] 66574899aa7c4c3ab7cfb54eb4e4ebd9	 200 0ms GET /json
[38;5;6m INFO[0m [04:05:30] 254a8ee683e44a6fb23f7919944a972b	 200 0ms GET /json
[38;5;6m INFO[0m [04:05:30] ad64d1e98e4749d59bd62a36c8dabae9	 200 0ms GET /json
[38;5;6m INFO[0m [04:05:30] 272fc8a12a754419907aeafd8673d333	 200 0ms GET /json
[38;5;6m INFO[0m [04:05:30] a27d9bf6f8f2414a9393c8dffff503b7	 200 0ms GET /json
[38;5;6m INFO[0m [04:05:30] 447dca8363eb41ba8606b12f3c69c611	 200 0ms GET /json
[38;5;6m INFO[0m [04:05:30] 12edcaf2009847629cb50655a780e55e	 200 0ms GET /json
[38;5;6m INFO[0m [04:05:30] 34a4282a48bf4403ab154ec836b7851c	 200 0ms GET /json
[38;5;6m INFO[0m [04:05:30] f019ea3e8c6b41049c5e90056f9f88cd	 200 0ms GET /json
[38;5;6m INFO[0m [04:05:30] 479162c40e6e4b8d8eb1e5e64452f992	 200 0ms GET /json
[38;5;6m INFO[0m [04:05:30] c46927c2c5b44647b003535807b4268f	 200 0ms GET /json
[38;5;6m INFO[0m [04:05:30] d3c1ecc9d9364a9bbdeac3311d27992d	 200 0ms GET /json
[38;5;6m INFO[0m [04:05:30] b714c66a6ed242908dba990448e3d094	 200 0ms GET /json
[38;5;6m INFO[0m [04:05:30] 603a2e9db8cd4e7d8d7286213863a1f7	 200 0ms GET /json
[38;5;6m INFO[0m [04:05:30] a73e5e7141f84aa9976224afb9df1d92	 200 0ms GET /json
[38;5;6m INFO[0m [04:05:30] 452b9eae62ad47d7bb5f29f5b8adb60f	 200 0ms GET /json
[38;5;6m INFO[0m [04:05:30] 020264b88288401580d85932318342c0	 200 0ms GET /json
[38;5;6m INFO[0m [04:05:30] 756c5e4207764904910199e5d986051b	 200 0ms GET /json
[38;5;6m INFO[0m [04:05:30] 1444a2a9ef5d4fc7a7743ca473458aa7	 200 0ms GET /json
[38;5;6m INFO[0m [04:05:30] f0327ad195bc4b1a85e66c06a1ed86f0	 200 0ms GET /json
[38;5;6m INFO[0m [04:05:30] b54bee94384044c7a4812848ced56181	 200 0ms GET /json
[38;5;6m INFO[0m [04:05:30] 759e5e00f657420e832d68431af97d3a	 200 0ms GET /json
[38;5;6m INFO[0m [04:05:30] a1892f24cb774e45a9e6dbb8bb33b756	 200 0ms GET /json
[38;5;6m INFO[0m [04:05:30] 9cc63f43a05b4cb88e3e9b62eabf2674	 200 0ms GET /json
[38;5;6m INFO[0m [04:05:30] e2f952bbd6ba4ad9b7766fb12be3c59d	 200 0ms GET /json
[38;5;6m INFO[0m [04:05:30] c97ffa8dd76f465caece89f0fa361b38	 200 0ms GET /json
[38;5;6m INFO[0m [04:05:30] 22a044a6a143409f9c25056039847fed	 200 0ms GET /json
[38;5;6m INFO[0m [04:05:30] f26296d3a51547e2a5dfda74afe7f39c	 200 0ms GET /json
[38;5;6m INFO[0m [04:05:30] 944287890cec45d2b52dc46845c12646	 200 0ms GET /json
[38;5;6m INFO[0m [04:05:30] 559d0b3600db4a7a991e2750e0d90962	 200 0ms GET /json
[38;5;6m INFO[0m [04:05:30] 1d6fb986f98a446ca57d74b4c4c8b80e	 200 0ms GET /json
[38;5;6m INFO[0m [04:05:30] 22351868928543fcb586755f2422660c	 200 0ms GET /json
[38;5;6m INFO[0m [04:05:30] 37658e6be7cd4e99a3ad397516aef78d	 200 0ms GET /json
[38;5;6m INFO[0m [04:05:30] 39dc1b502a444e3aa666054fc78f3bf3	 200 0ms GET /json
[38;5;6m INFO[0m [04:05:30] 03d225955e744de4a134ccb955b77a9e	 200 0ms GET /json
[38;5;6m INFO[0m [04:05:30] a910e5076e22474eb9ed1a497cda54b1	 200 0ms GET /json
[38;5;6m INFO[0m [04:05:30] 4084105a586e49898ebf02a705c261ba	 200 0ms GET /json
[38;5;6m INFO[0m [04:05:30] 1852f4284e9e493e9699ec1844aa2c65	 200 0ms GET /json
[38;5;6m INFO[0m [04:05:30] 91ffa1327a5046fbbab38cbf0f05bcbf	 200 0ms GET /json
[38;5;6m INFO[0m [04:05:30] 46e82ccf4b194e3db210a54dafca551b	 200 0ms GET /json
[38;5;6m INFO[0m [04:05:30] de2516700c254fe680f1b14b741345ef	 200 0ms GET /json
[38;5;6m INFO[0m [04:05:30] be8ecdb68eb34bd9aa91b71746204db8	 200 0ms GET /json
[38;5;6m INFO[0m [04:05:30] 06ebae5650f44494822531a4a1f672e1	 200 0ms GET /json
[38;5;6m INFO[0m [04:05:30] 2ef7c87879e24a74b7038c9457460953	 200 0ms GET /json
[38;5;6m INFO[0m [04:05:30] 9f8256f1be424fff9fcc78eb692cf509	 200 0ms GET /json
[38;5;6m INFO[0m [04:05:30] b71caa41721d4f5c92a2011ef59e3aa8	 200 0ms GET /json
[38;5;6m INFO[0m [04:05:30] a4beed39c6cf457488d1e02a7e3c3379	 200 0ms GET /json
[38;5;6m INFO[0m [04:05:30] daf2e945debb4bb5847623a4efed0dcf	 200 0ms GET /json
[38;5;6m INFO[0m [04:05:30] 8e84a5bb14d947c5856b7180c5262d25	 200 0ms GET /json
[38;5;6m INFO[0m [04:05:30] 4cc9779a236a46c88e4497c2f23e2b68	 200 0ms GET /json
[38;5;6m INFO[0m [04:05:30] c0b9dd5eaed54b9c81c87c3e839d4563	 200 0ms GET /json
[38;5;6m INFO[0m [04:05:30] 133482be215a4b7f9ed07c78a0c6cbe4	 200 0ms GET /json
[38;5;6m INFO[0m [04:05:30] cc3aebd43e0f45e9a5a17010b47c34d1	 200 0ms GET /json
[38;5;6m INFO[0m [04:05:30] cf357ecb24eb4522815718596428e0c6	 200 0ms GET /json
[38;5;6m INFO[0m [04:05:30] f76d5bc7468e4e489224c63eb71e069e	 200 0ms GET /json
[38;5;6m INFO[0m [04:05:30] 2904084114d0416fbccdec6596b65f27	 200 0ms GET /json
[38;5;6m INFO[0m [04:05:30] 2f8b69159b414665a8fd427818241309	 200 0ms GET /json
[38;5;6m INFO[0m [04:05:30] 110901b1eb6146f18e0ea5ac62da2a2b	 200 0ms GET /json
[38;5;6m INFO[0m [04:05:30] 98ec29513ff14158baa726c580b0cd7a	 200 0ms GET /json
[38;5;6m INFO[0m [04:05:30] 9c0b7be400b7423aa9e3891bef0ff459	 200 0ms GET /json
[38;5;6m INFO[0m [04:05:30] 204be3ed35024eaba6119a6c34a10683	 200 0ms GET /json
[38;5;6m INFO[0m [04:05:30] c446064c2cb044ddb1cbd17c6c404d4f	 200 0ms GET /json
[38;5;6m INFO[0m [04:05:30] d635a5909eeb4639b20b10bab7e468bb	 200 0ms GET /json
[38;5;6m INFO[0m [04:05:30] eceae89335424b2dbe74c57f26379116	 200 0ms GET /json
[38;5;6m INFO[0m [04:05:30] ea486822bd904d3b894396c9e2897ec6	 200 0ms GET /json
[38;5;6m INFO[0m [04:05:30] 698a87c44c65459eb734f5059de7759d	 200 0ms GET /json
[38;5;6m INFO[0m [04:05:30] a9f83f5b693847e3ae488579048931b4	 200 0ms GET /json
[38;5;6m INFO[0m [04:05:30] 5664ea5851984717a66cd93050918592	 200 0ms GET /json
[38;5;6m INFO[0m [04:05:30] f77824c11ffa42c3b8fdf7083ca8c2b6	 200 0ms GET /json
[38;5;6m INFO[0m [04:05:30] 0ce720528d1c4f0693ece09af7d90444	 200 0ms GET /json
[38;5;6m INFO[0m [04:05:30] e59f2b5cc08d47a7b7a393adbf7eeef3	 200 0ms GET /json
[38;5;6m INFO[0m [04:05:30] 20914f6188ac4967ab61360cd9e88795	 200 0ms GET /json
[38;5;6m INFO[0m [04:05:30] f84cd62968d2431e9cffc38735479efa	 200 0ms GET /json
[38;5;6m INFO[0m [04:05:30] 3a698f4f70ef49b284413671353fedc0	 200 0ms GET /json
[38;5;6m INFO[0m [04:05:30] e9ef6b5d4b0e4e5b9716aa4c337dd501	 200 0ms GET /json
[38;5;6m INFO[0m [04:05:30] 380a645e0ff849c38a588dd0537dc185	 200 0ms GET /json
[38;5;6m INFO[0m [04:05:30] fcde7099fbf54fc19ef77f6554de2be1	 200 0ms GET /json
[38;5;6m INFO[0m [04:05:30] efb688320b2b49e5b3af8d6d6f55caa9	 200 0ms GET /json
[38;5;6m INFO[0m [04:05:30] 5fe55a13784f432e9ffb90796678800e	 200 0ms GET /json
[38;5;6m INFO[0m [04:05:30] d35fe82d53684588949df54955e17da7	 200 0ms GET /json
[38;5;6m INFO[0m [04:05:30] 4f7d2c88855a43b481cd8d6c54a1d32d	 200 0ms GET /json
[38;5;6m INFO[0m [04:05:30] 7c410742d6ad48219b5451dfc2bcc349	 200 0ms GET /json
[38;5;6m INFO[0m [04:05:30] 132f4a9e3a0c4c20bfe7085ca074107d	 200 0ms GET /json
[38;5;6m INFO[0m [04:05:30] c417224e39d54e03978b23a8bf6dc70c	 200 0ms GET /json
[38;5;6m INFO[0m [04:05:30] a480fb3d2d3a4b1e9cc108714b2cb213	 200 0ms GET /json
[38;5;6m INFO[0m [04:05:30] 79339aa4bab34200bbf93391af2eeaeb	 200 0ms GET /json
[38;5;6m INFO[0m [04:05:30] f5402fa817f24d84a5b3e1fd4db53192	 200 0ms GET /json
[38;5;6m INFO[0m [04:05:30] 06699317b5c64340b22d93b002f2cf85	 200 0ms GET /json
[38;5;6m INFO[0m [04:05:30] ff67e4a8832641939be46aa10b5dfd05	 200 0ms GET /json
[38;5;6m INFO[0m [04:05:30] d30313d9179c417390f729ab688e73d9	 200 0ms GET /json
[38;5;6m INFO[0m [04:05:30] eed3695fdc6c4923a447f68794bb319e	 200 0ms GET /json
[38;5;6m INFO[0m [04:05:30] 07e404361f2c4d21a51347ae828af4fa	 200 0ms GET /json
[38;5;6m INFO[0m [04:05:30] 31b27754b7c04176b3f598d2f36090ea	 200 0ms GET /json
[38;5;6m INFO[0m [04:05:30] 9dfafe2201324711a695a3b517c74065	 200 0ms GET /json
[38;5;6m INFO[0m [04:05:30] c4b3e84922cd4f0792ded6cf97ee3422	 200 0ms GET /json
[38;5;6m INFO[0m [04:05:30] 92603ce6da944b18aca0ec02012e1f60	 200 0ms GET /json
[38;5;6m INFO[0m [04:05:30] d23cff823bc94f18ac4679e11f02534f	 200 0ms GET /json
[38;5;6m INFO[0m [04:05:30] 20ebf51cdaa14f2f9132c20b5ae373e9	 200 0ms GET /json
[38;5;6m INFO[0m [04:05:30] 6705222e56714a088bfd6130410d569e	 200 0ms GET /json
[38;5;6m INFO[0m [04:05:30] 0f293fc9c15340a4a0a58601fa2d28c0	 200 0ms GET /json
[38;5;6m INFO[0m [04:05:30] 18bc4d881c1e4bac941941ba5e9ad574	 200 0ms GET /json
[38;5;6m INFO[0m [04:05:30] 126e11a2342f4ba3bd7e0238d7e2943c	 200 0ms GET /json
[38;5;6m INFO[0m [04:05:30] 58454b82238b42be80db04c52d6edb53	 200 0ms GET /json
[38;5;6m INFO[0m [04:05:30] 9c27780c68b94ffb8636c899638163f1	 200 0ms GET /json
[38;5;6m INFO[0m [04:05:30] e9d86edc4dc941218342101a6eed72b9	 200 0ms GET /json
[38;5;6m INFO[0m [04:05:30] 384acebea084438699f7fc03c20da198	 200 0ms GET /json
[38;5;6m INFO[0m [04:05:30] 56c4f8e3790f4bef8b8f1643ca974c61	 200 0ms GET /json
[38;5;6m INFO[0m [04:05:30] 62539fbbdd3c466f9d2f97db32988733	 200 0ms GET /json
[38;5;6m INFO[0m [04:05:30] cf20aee4fc7f45b183d678314e34b6a5	 200 0ms GET /json
[38;5;6m INFO[0m [04:05:30] 7f4b40b57e5e4214a0f4bf2624d0a51a	 200 0ms GET /json
[38;5;6m INFO[0m [04:05:30] 68b9f54b358b41e098a981411d6e9485	 200 0ms GET /json
[38;5;6m INFO[0m [04:05:30] 7f401f36e390473a8994dccf5cbf846e	 200 0ms GET /json
[38;5;6m INFO[0m [04:05:30] 92640ed6d4f0443487ea2ded3bcedb4e	 200 0ms GET /json
[38;5;6m INFO[0m [04:05:30] 46aece1c75394ad4a8d932d3842c00cb	 200 0ms GET /json
[38;5;6m INFO[0m [04:05:30] b6e85396896c4ff9a27443bd50d80863	 200 0ms GET /json
[38;5;6m INFO[0m [04:05:30] 12e45204cbbf49c887d45a8a49e0b895	 200 0ms GET /json
[38;5;6m INFO[0m [04:05:30] dca99224277147e3833f8dd286699e95	 200 0ms GET /json
[38;5;6m INFO[0m [04:05:30] 3c25bd706c46402dba9230b8721318b2	 200 0ms GET /json
[38;5;6m INFO[0m [04:05:30] 781135fe40f14eec85078d495a3d72b5	 200 0ms GET /json
[38;5;6m INFO[0m [04:05:30] 562c6c15fa3e457c9a942696eb4133f9	 200 0ms GET /json
[38;5;6m INFO[0m [04:05:30] 3b3ef8512a824b04bc827ec97c70ffbc	 200 0ms GET /json
[38;5;6m INFO[0m [04:05:32] 11fc1733cae544e79afd95f340285186	 200 0ms GET /json
[38;5;6m INFO[0m [04:05:32] 85788257598b43bf83081a66a490f48b	 200 0ms GET /json
[38;5;6m INFO[0m [04:05:32] f2c332ff0d9f48878e88879c7378f09f	 200 0ms GET /json
[38;5;6m INFO[0m [04:05:32] 4e4dd820e11943ffb34f858ccabb9071	 200 0ms GET /json
[38;5;6m INFO[0m [04:05:32] 0ebcf57ed8694fc3bc0102863b7dd3eb	 200 0ms GET /json
[38;5;6m INFO[0m [04:05:32] 5e81b4ab65fa428fbf3b7c943514072e	 200 0ms GET /json
[38;5;6m INFO[0m [04:05:32] 14fd75a34b454ad98af34ed5b1a6d1c6	 200 0ms GET /json
[38;5;6m INFO[0m [04:05:32] 480dfefd054147e0ab6df3b24d8bcbe6	 200 0ms GET /json
[38;5;6m INFO[0m [04:05:32] b7a8b6b70e284d89a0a0815df41ebca0	 200 0ms GET /json
[38;5;6m INFO[0m [04:05:32] 5b33075010264136a98a923b5d97ceac	 200 0ms GET /json
[38;5;6m INFO[0m [04:05:32] 3c2fa584e25f4c988b5deffe04a2b13b	 200 0ms GET /json
[38;5;6m INFO[0m [04:05:32] acf8d60c51f14a449f3738c08cc19ee4	 200 0ms GET /json
[38;5;6m INFO[0m [04:05:32] 84cbae0f17f24efcbd050dd67e3d8779	 200 0ms GET /json
[38;5;6m INFO[0m [04:05:32] 372d161ab6164b228f17367797268837	 200 0ms GET /json
[38;5;6m INFO[0m [04:05:32] eb58daae9e414eac93b0ca8afb369706	 200 0ms GET /json
[38;5;6m INFO[0m [04:05:32] f1e367c772054181804ba7aab3743ec6	 200 0ms GET /json
[38;5;6m INFO[0m [04:05:32] 1a3e5b667da248bf80e7da31450149c4	 200 0ms GET /json
[38;5;6m INFO[0m [04:05:32] 96db3d02227f42d4b25e73e349f8f26d	 200 0ms GET /json
[38;5;6m INFO[0m [04:05:32] 89b6efd5df8a4d85bd9a9f9aab2abd8d	 200 0ms GET /json
[38;5;6m INFO[0m [04:05:32] 525f73c607954f89b94b96f7b241b15b	 200 0ms GET /json
[38;5;6m INFO[0m [04:05:32] 0a92f16cf1a04d189415ee1f5173d935	 200 0ms GET /json
[38;5;6m INFO[0m [04:05:32] ef6814b9e34d400eb5a230719b9517cb	 200 0ms GET /json
[38;5;6m INFO[0m [04:05:32] 3527c8b343bc4de1b577a804e4084157	 200 0ms GET /json
[38;5;6m INFO[0m [04:05:32] 2610fbfa48dd4d85a02fc0114d5252b9	 200 0ms GET /json
[38;5;6m INFO[0m [04:05:32] 2e8a9ad2ce4e494dbd7df710ffb6cc96	 200 0ms GET /json
[38;5;6m INFO[0m [04:05:32] cb08b9d7074845ad8552ea1dbd168c2c	 200 0ms GET /json
[38;5;6m INFO[0m [04:05:32] 3177abc154e1488ebe08530bc0db6d30	 200 0ms GET /json
[38;5;6m INFO[0m [04:05:32] d2b6bf04745d45b69d2d201f3f76c831	 200 0ms GET /json
[38;5;6m INFO[0m [04:05:32] a6b164cb898846648626cfe858dd4aa8	 200 0ms GET /json
[38;5;6m INFO[0m [04:05:32] 79639f0fc4b149adbb66ceda1534416f	 200 0ms GET /json
[38;5;6m INFO[0m [04:05:32] 9cdcd1745fd148b88ff288b2165183b2	 200 0ms GET /json
[38;5;6m INFO[0m [04:05:32] 2cf2e57ed98649519ee5c4a37b4a45f5	 200 0ms GET /json
[38;5;6m INFO[0m [04:05:32] 94e28a3994de45cfb0691d3f751e56de	 200 0ms GET /json
[38;5;6m INFO[0m [04:05:32] cc694b2286b24d669f12f09da354a2f0	 200 0ms GET /json
[38;5;6m INFO[0m [04:05:32] 9af539a671f14911a9d97e8543766722	 200 0ms GET /json
[38;5;6m INFO[0m [04:05:32] 78db0156346a4fa08d5e19502dd07b7d	 200 0ms GET /json
[38;5;6m INFO[0m [04:05:32] 850e87381b974403a6ce185b2fb524dc	 200 0ms GET /json
[38;5;6m INFO[0m [04:05:32] a97fc1483c4347bfb244193152ed559a	 200 0ms GET /json
[38;5;6m INFO[0m [04:05:32] 3d0eed111b364688809e951dc868a00c	 200 0ms GET /json
[38;5;6m INFO[0m [04:05:32] df9a0464c3e94ff6af75ea31dd3a2bb1	 200 0ms GET /json
[38;5;6m INFO[0m [04:05:32] 6e9cbc3b78fe4d0fb35b0d8e87c2528f	 200 0ms GET /json
[38;5;6m INFO[0m [04:05:32] 7fd66de46e8243c1b993a92f28eefe20	 200 0ms GET /json
[38;5;6m INFO[0m [04:05:32] 20d3c31e7163441f9c2c49e34cb1c06f	 200 0ms GET /json
[38;5;6m INFO[0m [04:05:32] 7c5c79a59c6e42faa2ddc8b96a9c28bf	 200 0ms GET /json
[38;5;6m INFO[0m [04:05:32] 60c9fb4f2386448db66252844f7f16f8	 200 0ms GET /json
[38;5;6m INFO[0m [04:05:32] 67276a57ac1b4b0985ceea5d3376c7fd	 200 0ms GET /json
[38;5;6m INFO[0m [04:05:32] 6e1ee2462a284aa9a1529b8bc6222785	 200 0ms GET /json
[38;5;6m INFO[0m [04:05:32] f2fce1becaf24ebbb2074086af15dd11	 200 0ms GET /json
[38;5;6m INFO[0m [04:05:32] 43390364fc7d4ae8952cc075e5b3c9b9	 200 0ms GET /json
[38;5;6m INFO[0m [04:05:32] b37424ee18df4ed49f239b11e2a4a608	 200 0ms GET /json
[38;5;6m INFO[0m [04:05:32] 4d9818dd94984dc19734bd69f77e7c66	 200 0ms GET /json
[38;5;6m INFO[0m [04:05:32] 5c8a8fb870a14c22a93848908e6f3933	 200 0ms GET /json
[38;5;6m INFO[0m [04:05:32] 16a60ca7997f4d468675f37633678dcb	 200 0ms GET /json
[38;5;6m INFO[0m [04:05:32] 6098eec1096c45389ab30c0753f7419a	 200 0ms GET /json
[38;5;6m INFO[0m [04:05:32] f04f4b9cb7984a55bb1a1661a54316ba	 200 0ms GET /json
[38;5;6m INFO[0m [04:05:32] e38774cf09f74888bf6cd242fdd6e61f	 200 0ms GET /json
[38;5;6m INFO[0m [04:05:32] 7170720c65314888927f29f5501dc616	 200 0ms GET /json
[38;5;6m INFO[0m [04:05:32] 6ba79552e204451dad44764486534ecc	 200 0ms GET /json
[38;5;6m INFO[0m [04:05:32] 90bd1d3011d943b3ae2bdca4eb92625c	 200 0ms GET /json
[38;5;6m INFO[0m [04:05:32] 7d0f007e7b854c51b93961fec959c691	 200 0ms GET /json
[38;5;6m INFO[0m [04:05:32] 49b0eaf799ad4079933e304da0974d6f	 200 0ms GET /json
[38;5;6m INFO[0m [04:05:32] 6a1792965de94687805108ea49bcc086	 200 0ms GET /json
[38;5;6m INFO[0m [04:05:32] 6dbda75d940541cdac1a44693d633279	 200 0ms GET /json
[38;5;6m INFO[0m [04:05:32] d6c32d34a70142f88cce94252a1f18da	 200 0ms GET /json
[38;5;6m INFO[0m [04:05:32] 137cfd82e57f48db8290538ec6448c41	 200 0ms GET /json
[38;5;6m INFO[0m [04:05:32] 6982b6b402c54884ac926aab01455c1c	 200 0ms GET /json
[38;5;6m INFO[0m [04:05:32] 7c32a2a9ab0a4fa4bdaeb40366889e54	 200 0ms GET /json
[38;5;6m INFO[0m [04:05:32] 69a7a02c8ed645a2824343b08f26c4aa	 200 0ms GET /json
[38;5;6m INFO[0m [04:05:32] b75c8ad924944e88b7a1463d8987665f	 200 0ms GET /json
[38;5;6m INFO[0m [04:05:32] 711dd9ae33a149a5bff748fab802d8bd	 200 0ms GET /json
[38;5;6m INFO[0m [04:05:32] 3b8fba66bce94729ac8589187d1b51c6	 200 0ms GET /json
[38;5;6m INFO[0m [04:05:32] 84e3da1a31b946c7994855b9d7244dca	 200 0ms GET /json
[38;5;6m INFO[0m [04:05:32] 6d2c9a9bbbaf4595be4429104789d28d	 200 0ms GET /json
[38;5;6m INFO[0m [04:05:32] 82d178cf15f04bb28446f7bde118fb67	 200 0ms GET /json
[38;5;6m INFO[0m [04:05:32] f1575abb050f4ba89e6ebcca291215e0	 200 0ms GET /json
[38;5;6m INFO[0m [04:05:32] 583222e0a7c641fa96368e9b3da00b96	 200 0ms GET /json
[38;5;6m INFO[0m [04:05:32] 7fa708e0c8b6448f8faf504e634cb395	 200 0ms GET /json
[38;5;6m INFO[0m [04:05:32] b9f30b9c29c54b48b4417d2723516224	 200 0ms GET /json
[38;5;6m INFO[0m [04:05:32] 957664186f3c40f69143a729026791d6	 200 0ms GET /json
[38;5;6m INFO[0m [04:05:32] 6af4d6e4ff454a869fb6636651b97988	 200 0ms GET /json
[38;5;6m INFO[0m [04:05:32] 0bea32e391234a5bafcbe4d2be0df769	 200 0ms GET /json
[38;5;6m INFO[0m [04:05:32] fd104bfe1ec0439b8d3b269ba50dfc89	 200 0ms GET /json
[38;5;6m INFO[0m [04:05:32] ddf312c1718a49aebf2292929ada1089	 200 0ms GET /json
[38;5;6m INFO[0m [04:05:32] 11693ec4295d4d9eb267467994822359	 200 0ms GET /json
[38;5;6m INFO[0m [04:05:32] ff6d3713cde7464eb1307b14048cb1a1	 200 0ms GET /json
[38;5;6m INFO[0m [04:05:32] 3539c915c0054b15bda6a53d940222bf	 200 0ms GET /json
[38;5;6m INFO[0m [04:05:32] 6933c0994f8149cf9f1ff0f7c123dcf5	 200 0ms GET /json
[38;5;6m INFO[0m [04:05:32] d823f57a90054f3eb28466e3bf8752a5	 200 0ms GET /json
[38;5;6m INFO[0m [04:05:32] 0deabe3db63e432e9da789074e8aa339	 200 0ms GET /json
[38;5;6m INFO[0m [04:05:32] ad7eb45e141141efbcc50ae5d39d4cce	 200 0ms GET /json
[38;5;6m INFO[0m [04:05:32] 4b6925814332480ba5fc9ae640ec35a0	 200 0ms GET /json
[38;5;6m INFO[0m [04:05:32] 486b4a53d68b4a08a65a3ccebf435054	 200 0ms GET /json
[38;5;6m INFO[0m [04:05:32] 97dcf231d681456dbacd31922a66699a	 200 0ms GET /json
[38;5;6m INFO[0m [04:05:32] 15e40ae934aa4d3cb72f5058b48b10be	 200 0ms GET /json
[38;5;6m INFO[0m [04:05:32] 66f0a905ceb54d14ac2381d28675c816	 200 0ms GET /json
[38;5;6m INFO[0m [04:05:32] 0c671ba7eb8440f08644dd507cbf83bb	 200 0ms GET /json
[38;5;6m INFO[0m [04:05:32] 93e81db72fd948efb5e7eec1ffc20c20	 200 0ms GET /json
[38;5;6m INFO[0m [04:05:32] 258d2476295f407eb1025625b16c05cd	 200 0ms GET /json
[38;5;6m INFO[0m [04:05:32] e27f4c42381e4743887037634535cc50	 200 0ms GET /json
[38;5;6m INFO[0m [04:05:32] 56a48b4142c141e792022cd0ee4535b8	 200 0ms GET /json
[38;5;6m INFO[0m [04:05:32] c03f699ea8f5418cb7ca454bd287a547	 200 0ms GET /json
[38;5;6m INFO[0m [04:05:32] 45019a9931ba4ccda68c50a5b5042ff7	 200 0ms GET /json
[38;5;6m INFO[0m [04:05:32] 507f485f38304dbb8bae9f03c369468a	 200 0ms GET /json
[38;5;6m INFO[0m [04:05:32] a0e709f80e244f659732a92aec77a4b9	 200 0ms GET /json
[38;5;6m INFO[0m [04:05:32] 8a86872c28144cb79413b97046c3731e	 200 0ms GET /json
[38;5;6m INFO[0m [04:05:32] 07492d41cf474849a0a14475a0dbf6b7	 200 0ms GET /json
[38;5;6m INFO[0m [04:05:32] d2be07e3e65643ccbec03b1d5ac49191	 200 0ms GET /json
[38;5;6m INFO[0m [04:05:32] cf7c8bb1be4e44eaa24bdc7c9e46ec32	 200 0ms GET /json
[38;5;6m INFO[0m [04:05:32] 480747468bf241e7b467e8efb4b48b77	 200 0ms GET /json
[38;5;6m INFO[0m [04:05:32] 9dee48923e2f4c9091c052b325884b06	 200 0ms GET /json
[38;5;6m INFO[0m [04:05:32] 43594cdf8dec4ec7ab3accc349c0cd37	 200 0ms GET /json
[38;5;6m INFO[0m [04:05:32] 60a4020964a64791a1ec6e96535c67f7	 200 0ms GET /json
[38;5;6m INFO[0m [04:05:32] 98ec2674937841568560d8a4e72c5d75	 200 0ms GET /json
[38;5;6m INFO[0m [04:05:32] 1d0a09dc020a43e09db20ef8a90c70a0	 200 0ms GET /json
[38;5;6m INFO[0m [04:05:32] ac7819e2e0de4ab6aa2c29d8563f10a4	 200 0ms GET /json
[38;5;6m INFO[0m [04:05:32] 29f302e762744ad99d31e0c97a49159e	 200 0ms GET /json
[38;5;6m INFO[0m [04:05:32] 64688c5bdd064044b084a9b6e096d8ff	 200 0ms GET /json
[38;5;6m INFO[0m [04:05:32] db2f05693c464391aad60f978b1c9ae9	 200 0ms GET /json
[38;5;6m INFO[0m [04:05:32] 8ea61618551b4dae937c986d72b2e5c1	 200 0ms GET /json
[38;5;6m INFO[0m [04:05:32] 4daf56a5fd70426da6c9d0e7ccb33088	 200 0ms GET /json
[38;5;6m INFO[0m [04:05:32] b7b288a1e9e34b1c8720b748cd8eb626	 200 0ms GET /json
[38;5;6m INFO[0m [04:05:32] dea08e47b6e643aba7313efd1b58371d	 200 0ms GET /json
[38;5;6m INFO[0m [04:05:32] 654dc53e79ca4b1f8897f53c094320a8	 200 0ms GET /json
[38;5;6m INFO[0m [04:05:32] c37dd6dc8191447a8a81b70978528116	 200 0ms GET /json
[38;5;6m INFO[0m [04:05:32] b703a04905af4458b58f68c13717853e	 200 0ms GET /json
[38;5;6m INFO[0m [04:05:32] 582321573f77446aaefc5de005b4f442	 200 0ms GET /json
[38;5;6m INFO[0m [04:05:32] b5c4b9bf7d104925ac4b8a779aa955bc	 200 0ms GET /json
[38;5;6m INFO[0m [04:05:32] a30d6069ae044a03965e00fe309c5530	 200 0ms GET /json
[38;5;6m INFO[0m [04:05:32] f3ebdfb4a5204411acd80ea195b3d906	 200 0ms GET /json
[38;5;6m INFO[0m [04:05:32] b646596856524d1f90a977c780b834db	 200 0ms GET /json
[38;5;6m INFO[0m [04:05:32] b4ef9150efc04d7f9d21ebea0cecc090	 200 0ms GET /json
[38;5;6m INFO[0m [04:05:32] 6397c8dfa05a4a6899d22aa4db56c91d	 200 0ms GET /json
[38;5;6m INFO[0m [04:05:32] 2aa1a5e82d70492ba89b65ff0699ce19	 200 0ms GET /json
[38;5;6m INFO[0m [04:05:32] fdd50b3068b34b6b96f22721363365f5	 200 0ms GET /json
[38;5;6m INFO[0m [04:05:32] 92b56840b853486a90ca8dc55a87a25c	 200 0ms GET /json
[38;5;6m INFO[0m [04:05:32] 18a9e9c25e0f499f8725cc101603e32b	 200 0ms GET /json
[38;5;6m INFO[0m [04:05:32] 2fa8f6911a6e468e95b2f77242315687	 200 0ms GET /json
[38;5;6m INFO[0m [04:05:32] 6970619c00e84db68a0aadac6da7133f	 200 0ms GET /json
[38;5;6m INFO[0m [04:05:32] d80c551b93694fff85118bd92d375df0	 200 0ms GET /json
[38;5;6m INFO[0m [04:05:32] b4f7ed6159e347138690c8f7510dd016	 200 0ms GET /json
[38;5;6m INFO[0m [04:05:32] 9bb28eb4aac640d8bdeca4588fb2743c	 200 0ms GET /json
[38;5;6m INFO[0m [04:05:32] 71e5a7fe3df841b5a8092ab004fc765c	 200 0ms GET /json
[38;5;6m INFO[0m [04:05:32] 30f4fe04cd7248f7840e4051d286d8ee	 200 0ms GET /json
[38;5;6m INFO[0m [04:05:32] d32477a2d1054659b28a32e4a007be39	 200 0ms GET /json
[38;5;6m INFO[0m [04:05:32] 53775c32bd7a4260bfac1e5d5122babd	 200 0ms GET /json
[38;5;6m INFO[0m [04:05:32] fd4be8a90a93448eb4ec6d9424ac2812	 200 0ms GET /json
[38;5;6m INFO[0m [04:05:32] 2411c0d89d7c455caf973f82d9845730	 200 0ms GET /json
[38;5;6m INFO[0m [04:05:32] 4b9b4b3188914e24946b568f6a745010	 200 0ms GET /json
[38;5;6m INFO[0m [04:05:32] ce663453fe5e4fb8a3ca1a9cc46a63e1	 200 0ms GET /json
[38;5;6m INFO[0m [04:05:32] be22644474ed468f97233197409cd7c3	 200 0ms GET /json
[38;5;6m INFO[0m [04:05:32] 0d26882efdd948ca822821c9a67e8d92	 200 0ms GET /json
[38;5;6m INFO[0m [04:05:32] d816f92f7c94460e948c91efee6a4ab4	 200 0ms GET /json
[38;5;6m INFO[0m [04:05:32] 686caeeaed194f018647639b2a80ce85	 200 0ms GET /json
[38;5;6m INFO[0m [04:05:32] 6eefb26e631c4948a032439f049cafc2	 200 0ms GET /json
[38;5;6m INFO[0m [04:05:32] 88d542768cfd4170be211f6f0f3588be	 200 0ms GET /json
[38;5;6m INFO[0m [04:05:32] 32381719267f4b9cb935b2133ddc48f9	 200 0ms GET /json
[38;5;6m INFO[0m [04:05:32] 779dc2eba9074f1991d4eb5de73d3f08	 200 0ms GET /json
[38;5;6m INFO[0m [04:05:32] 20326415255a4d3d9c005c7e0a0e61bb	 200 0ms GET /json
[38;5;6m INFO[0m [04:05:32] 54fbe0f42a7843b7950e7b648b6dbd9e	 200 0ms GET /json
[38;5;6m INFO[0m [04:05:32] b1b112b742804b108a1ee6a5d0cd560c	 200 0ms GET /json
[38;5;6m INFO[0m [04:05:32] db0d9c0cf62d42a59f8764073ec18970	 200 0ms GET /json
[38;5;6m INFO[0m [04:05:32] 099ea1a808a94cbc9a5a49919b77a9f3	 200 0ms GET /json
[38;5;6m INFO[0m [04:05:32] 5fbfefef021748b682341ecd7a780ba0	 200 0ms GET /json
[38;5;6m INFO[0m [04:05:32] ee329ad9fc4443178b8d7dd814c3d7b9	 200 0ms GET /json
[38;5;6m INFO[0m [04:05:32] 067b463bf222455ea528bfe86adcb2b4	 200 0ms GET /json
[38;5;6m INFO[0m [04:05:32] aa1005d59aa140b29d7fc1d40194b75c	 200 0ms GET /json
[38;5;6m INFO[0m [04:05:32] 306ab5ef19f14fe2bff0ac5b8f41b27a	 200 0ms GET /json
[38;5;6m INFO[0m [04:05:32] d89bf40fb6154de7997f57265c756438	 200 0ms GET /json
[38;5;6m INFO[0m [04:05:32] 6efcd363fc1f4ec989bfebc1309ad6b8	 200 0ms GET /json
[38;5;6m INFO[0m [04:05:32] 988c0ad1e1b943a9ac28ca6dbd5baeb7	 200 0ms GET /json
[38;5;6m INFO[0m [04:05:32] 316bab88d80448519be3eb4419c63624	 200 0ms GET /json
[38;5;6m INFO[0m [04:05:32] 0d3884f9ba1146aeaa4709c6c88212dd	 200 0ms GET /json
[38;5;6m INFO[0m [04:05:32] 0692a979263a42899e74e8129c4955f5	 200 0ms GET /json
[38;5;6m INFO[0m [04:05:32] ea7a3dc506504257b5edb3e42b23207d	 200 0ms GET /json
[38;5;6m INFO[0m [04:05:32] e02147638d0b4ad38169c18ab15a5baa	 200 0ms GET /json
[38;5;6m INFO[0m [04:05:32] 8d972f03394b46b58a3fc81f8a5062ef	 200 0ms GET /json
[38;5;6m INFO[0m [04:05:32] 33bcafd8ff2946a99bc4fc1bdc60d722	 200 0ms GET /json
[38;5;6m INFO[0m [04:05:32] 18e60ef032e4472286b8c1bcd805db42	 200 0ms GET /json
[38;5;6m INFO[0m [04:05:32] 94552375d4bd4d8794fb936921247dc3	 200 0ms GET /json
[38;5;6m INFO[0m [04:05:32] 2b26b3d466084dcc82991c2e089170a1	 200 0ms GET /json
[38;5;6m INFO[0m [04:05:32] f2b5c73e5dd64f7e95b46bdfd02ee596	 200 0ms GET /json
[38;5;6m INFO[0m [04:05:32] 0f325614a8854ff2840c24ce992eaacf	 200 0ms GET /json
[38;5;6m INFO[0m [04:05:32] b135c32dd8764e85afd4d9355f583754	 200 0ms GET /json
[38;5;6m INFO[0m [04:05:32] 3c479237424d418b965d894d7a1aa999	 200 0ms GET /json
[38;5;6m INFO[0m [04:05:32] 42dda89bd69d49d7a105bfa8687f33c9	 200 0ms GET /json
[38;5;6m INFO[0m [04:05:32] b29e4999b78048ae8f6e30af4335d395	 200 0ms GET /json
[38;5;6m INFO[0m [04:05:32] 77e86f5c068742be806839d6b401971c	 200 0ms GET /json
[38;5;6m INFO[0m [04:05:32] ddd4898403764657b0790b58917445d1	 200 0ms GET /json
[38;5;6m INFO[0m [04:05:32] 1eb15da367874a59ac6fa46efb630694	 200 0ms GET /json
[38;5;6m INFO[0m [04:05:32] 4f438b9e8c2c4a7aa29e0af47af43aca	 200 0ms GET /json
[38;5;6m INFO[0m [04:05:32] 1581bcdec8944c5d84d9241dcff231d4	 200 0ms GET /json
[38;5;6m INFO[0m [04:05:32] 6a2e8f2460544f5fb725341d8990e279	 200 0ms GET /json
[38;5;6m INFO[0m [04:05:32] 994dde1a03e84a7abe9f43ebb5b0bbf0	 200 0ms GET /json
[38;5;6m INFO[0m [04:05:32] 31fe860396a14f7faa22b4de2d06ee8a	 200 0ms GET /json
[38;5;6m INFO[0m [04:05:32] 7a8d7c8956ef458aba699aec271eb89c	 200 0ms GET /json
[38;5;6m INFO[0m [04:05:32] 6851a9b12f1c49f7ba7210e0ff3484a2	 200 0ms GET /json
[38;5;6m INFO[0m [04:05:32] 1843fb2948c840bca283fc7a62b74057	 200 0ms GET /json
[38;5;6m INFO[0m [04:05:32] 02e0b93f1b2d4b06bd07e981f97b7d85	 200 0ms GET /json
[38;5;6m INFO[0m [04:05:32] acf8cb8b37e24678926f688d5b8dea07	 200 0ms GET /json
[38;5;6m INFO[0m [04:05:32] 2c7e7502d46846fda109f91756e0bbc1	 200 0ms GET /json
[38;5;6m INFO[0m [04:05:34] 8d6180cd28a14db7b16f31ac78aeb976	 200 0ms GET /json
[38;5;6m INFO[0m [04:05:34] 5fd1658004964f219b930a5311d5455b	 200 0ms GET /json
[38;5;6m INFO[0m [04:05:34] c540d86bf02d42deb9b2d6e737acf14d	 200 0ms GET /json
[38;5;6m INFO[0m [04:05:34] 82609fc23e3746e0bbdb889034f4ae10	 200 0ms GET /json
[38;5;6m INFO[0m [04:05:34] f164de14817f462aaa657b3af4327c86	 200 0ms GET /json
[38;5;6m INFO[0m [04:05:34] 27be38bf5a144a86aac8067d05f5b7b5	 200 0ms GET /json
[38;5;6m INFO[0m [04:05:34] f0d38ae1a25344c3a316e842ecf98b70	 200 0ms GET /json
[38;5;6m INFO[0m [04:05:34] 2b703532982f4b15b94269a4d844c77c	 200 0ms GET /json
[38;5;6m INFO[0m [04:05:34] ce4adcb5c44f4e31a27aa402e84f96bf	 200 0ms GET /json
[38;5;6m INFO[0m [04:05:34] 5a968d1497fb460aaf7fc64af9ed4b4b	 200 0ms GET /json
[38;5;6m INFO[0m [04:05:34] 86ffeb008a7b414dabd9e755585d63e3	 200 0ms GET /json
[38;5;6m INFO[0m [04:05:34] 26c31a6fc99841208cc26ee377f56725	 200 0ms GET /json
[38;5;6m INFO[0m [04:05:34] c9adc27c6e314eabbb7dfc3c790140c2	 200 0ms GET /json
[38;5;6m INFO[0m [04:05:34] 463f42d5ad4f4f048637aee9a7175300	 200 0ms GET /json
[38;5;6m INFO[0m [04:05:34] ff78a3ed476247a584b92c64e7b84660	 200 0ms GET /json
[38;5;6m INFO[0m [04:05:34] 1ec2d92dfce943e8a57193cd60b1cf9c	 200 0ms GET /json
[38;5;6m INFO[0m [04:05:34] d3f89d9a5500421eaaee487ddb980222	 200 0ms GET /json
[38;5;6m INFO[0m [04:05:34] 2adc7060e691433c870a6618b1b29316	 200 0ms GET /json
[38;5;6m INFO[0m [04:05:34] 590d7b9b15254090bcc4a507335b8d92	 200 0ms GET /json
[38;5;6m INFO[0m [04:05:34] d9b9edbb2c07458dbe96f3c5bbcf4a67	 200 0ms GET /json
[38;5;6m INFO[0m [04:05:34] c345f3b9a8584572955bffec7d800eb9	 200 0ms GET /json
[38;5;6m INFO[0m [04:05:34] af8c15dcbdb44b4dadc24a578e25207a	 200 0ms GET /json
[38;5;6m INFO[0m [04:05:34] a43fc9cdf5074d188fd0291de3ecba3a	 200 0ms GET /json
[38;5;6m INFO[0m [04:05:34] b810f71e68444fa7bc26800765d1b780	 200 0ms GET /json
[38;5;6m INFO[0m [04:05:34] 4ba11d22660e4b72a1d7b46ab048d5bf	 200 0ms GET /json
[38;5;6m INFO[0m [04:05:34] 34001b35f50f440b83c94be7e9175f57	 200 0ms GET /json
[38;5;6m INFO[0m [04:05:34] 42c16b4f77264f4cb40d92a0caff5327	 200 0ms GET /json
[38;5;6m INFO[0m [04:05:34] ed5edcd120864e9b972a257eff51abbc	 200 0ms GET /json
[38;5;6m INFO[0m [04:05:34] 82db12069aab4a04bc8be11434ac1c98	 200 0ms GET /json
[38;5;6m INFO[0m [04:05:34] 08bf96e1f8964d5cbcd68d2b601290d4	 200 0ms GET /json
[38;5;6m INFO[0m [04:05:34] 19e6a57f98834a81a25a709a1d9a5a8e	 200 0ms GET /json
[38;5;6m INFO[0m [04:05:34] df4d925db19d49cf8a67e583ddff517b	 200 0ms GET /json
[38;5;6m INFO[0m [04:05:34] 1934ab6371af43c497623aa2c1c243ba	 200 0ms GET /json
[38;5;6m INFO[0m [04:05:34] 76f8a6051968453b9710025d7667cb0a	 200 0ms GET /json
[38;5;6m INFO[0m [04:05:34] b198d134b3974dd59a8b1ce2361b7f4b	 200 0ms GET /json
[38;5;6m INFO[0m [04:05:34] 9fe1bd5dd38d4d08b3fd53132e3c1caf	 200 0ms GET /json
[38;5;6m INFO[0m [04:05:34] c8e605dcecc74b2cbb1f5ec924c3d12d	 200 0ms GET /json
[38;5;6m INFO[0m [04:05:34] 1555f3d1c3db4c0a8d08fa0e3dc8390a	 200 0ms GET /json
[38;5;6m INFO[0m [04:05:34] d60467db9cd2440b9922ee35713d8114	 200 0ms GET /json
[38;5;6m INFO[0m [04:05:34] 9d09d6fced53460bbab58640b5f0019e	 200 0ms GET /json
[38;5;6m INFO[0m [04:05:34] 18b098d475e54f46b59071411f115ae4	 200 0ms GET /json
[38;5;6m INFO[0m [04:05:34] a797718a6c6b4fd3a790bceb4a3e412a	 200 0ms GET /json
[38;5;6m INFO[0m [04:05:34] a1abcab602614784ab3953ff34a2d4bb	 200 0ms GET /json
[38;5;6m INFO[0m [04:05:34] b7ad8da7ee7e46339030b84bfebfb622	 200 0ms GET /json
[38;5;6m INFO[0m [04:05:34] b74b7e0c581647dea06ea990a38c7e6a	 200 0ms GET /json
[38;5;6m INFO[0m [04:05:34] 387673acb7cf4f5392ec3a7cc8260e67	 200 0ms GET /json
[38;5;6m INFO[0m [04:05:34] 8ddab79405bc4aa0a19b8a61bee95dda	 200 0ms GET /json
[38;5;6m INFO[0m [04:05:34] 07e63dca24364169a457e8be253bf454	 200 0ms GET /json
[38;5;6m INFO[0m [04:05:34] 956abc31eeac4ad78127bc82414ba232	 200 0ms GET /json
[38;5;6m INFO[0m [04:05:34] 246d27d27e604314a5a50a7cdb003ad9	 200 0ms GET /json
[38;5;6m INFO[0m [04:05:34] 4f733cfa18df4f768b44065979b0494d	 200 0ms GET /json
[38;5;6m INFO[0m [04:05:34] a41655fae4234666af452b3840d588c4	 200 0ms GET /json
[38;5;6m INFO[0m [04:05:34] 50c5c3177ee94b98aaabab30297db063	 200 0ms GET /json
[38;5;6m INFO[0m [04:05:34] bb4f63602e9e49619d56c97ca21e2cca	 200 0ms GET /json
[38;5;6m INFO[0m [04:05:34] b3e08382dc38453d8f0020cd28cfc7f5	 200 0ms GET /json
[38;5;6m INFO[0m [04:05:34] 8f0ccea1067f4a52a10bf93859a8be80	 200 0ms GET /json
[38;5;6m INFO[0m [04:05:34] a93bc8280ba74d49b6cdaddc9bbb5052	 200 0ms GET /json
[38;5;6m INFO[0m [04:05:34] 945d547a73074a8291340c5a670eba6f	 200 0ms GET /json
[38;5;6m INFO[0m [04:05:34] c1743b22d6b1407e9ca277ff0ad79949	 200 0ms GET /json
[38;5;6m INFO[0m [04:05:34] 2f582b6380f3456fb2af26bcb532d70b	 200 0ms GET /json
[38;5;6m INFO[0m [04:05:34] 69d26aa6f1d446b28e8e0591542da982	 200 0ms GET /json
[38;5;6m INFO[0m [04:05:34] 0ce6582162f24ab2b3876afb0d1ee5d7	 200 0ms GET /json
[38;5;6m INFO[0m [04:05:34] a09ff84a9f9341d2953fc5b3fc075c63	 200 0ms GET /json
[38;5;6m INFO[0m [04:05:34] e401148aaf7141ee8c1b7a67b0007d5c	 200 0ms GET /json
[38;5;6m INFO[0m [04:05:34] 6c2918f1ba194310905fafed0573e482	 200 0ms GET /json
[38;5;6m INFO[0m [04:05:34] 59d8610e8f2546778ca23b11025489df	 200 0ms GET /json
[38;5;6m INFO[0m [04:05:34] 8b1a3078ad804dbf996df00c79e0f208	 200 0ms GET /json
[38;5;6m INFO[0m [04:05:34] 96c7ad54f49743f992a2b556643e01c4	 200 0ms GET /json
[38;5;6m INFO[0m [04:05:34] 45e407520e2e414998e0720e51c65a97	 200 0ms GET /json
[38;5;6m INFO[0m [04:05:34] 2688a5480824482a96a863838aabdbab	 200 0ms GET /json
[38;5;6m INFO[0m [04:05:34] 36bb1f626a454d35bdb951c0eedcd49b	 200 0ms GET /json
[38;5;6m INFO[0m [04:05:34] 99e454aefb9d4a0f8da37365829d4ebf	 200 0ms GET /json
[38;5;6m INFO[0m [04:05:34] 44e8cac621a74d1ea6b092e9ae44a125	 200 0ms GET /json
[38;5;6m INFO[0m [04:05:34] fe8276102d6c4ebea165620b274695f0	 200 0ms GET /json
[38;5;6m INFO[0m [04:05:34] c5a9aacadd314f939b6698993eef373e	 200 0ms GET /json
[38;5;6m INFO[0m [04:05:34] 3278adcf12614d1eb2909e04c9d4745b	 200 0ms GET /json
[38;5;6m INFO[0m [04:05:34] 294be1b412c041399f3d22455d47b90c	 200 0ms GET /json
[38;5;6m INFO[0m [04:05:34] 2989a81e1dcc4fa099e42dad76eba0e3	 200 0ms GET /json
[38;5;6m INFO[0m [04:05:34] aec3aaf754654227b030ee893de12d29	 200 0ms GET /json
[38;5;6m INFO[0m [04:05:34] ea1356a4763c4d6d982d337dbf1d6886	 200 0ms GET /json
[38;5;6m INFO[0m [04:05:34] 6b4c5dc3350b4b828df775c508ed0513	 200 0ms GET /json
[38;5;6m INFO[0m [04:05:34] c466a0bed40840e5a15842140e5695f6	 200 0ms GET /json
[38;5;6m INFO[0m [04:05:34] 0823c202a9a84c45a4773f0c967df325	 200 0ms GET /json
[38;5;6m INFO[0m [04:05:34] c3e8701b5e8041faa0f71731a8a459b4	 200 0ms GET /json
[38;5;6m INFO[0m [04:05:34] cc9652d5746e44898c18e97541dc39b0	 200 0ms GET /json
[38;5;6m INFO[0m [04:05:34] db8862e0852c42ddb70db645ce24c1f3	 200 0ms GET /json
[38;5;6m INFO[0m [04:05:34] a128f469ba8f43409c6f62d27cb95f0b	 200 0ms GET /json
[38;5;6m INFO[0m [04:05:34] 0f8f5bb03923433e95f304b715797da6	 200 0ms GET /json
[38;5;6m INFO[0m [04:05:34] 6e61e27daeaf42f7a7ace3910e8ebb6d	 200 0ms GET /json
[38;5;6m INFO[0m [04:05:34] eb88bbd58c934339938b16a01e360014	 200 0ms GET /json
[38;5;6m INFO[0m [04:05:34] 1c33d48ccdf84072a331f1275e7cdf64	 200 0ms GET /json
[38;5;6m INFO[0m [04:05:34] cbb73d71e729426ea0995cd59a252702	 200 0ms GET /json
[38;5;6m INFO[0m [04:05:34] dcb920a92c2d4ad18e737eaf2a2e18cc	 200 0ms GET /json
[38;5;6m INFO[0m [04:05:34] 99a895dbc2d34eeba7a68ed6ce37200c	 200 0ms GET /json
[38;5;6m INFO[0m [04:05:34] cc2441b3044f4472ab5c95de4bfce88d	 200 0ms GET /json
[38;5;6m INFO[0m [04:05:34] 7e93b6f16b8d49edad1155f17c7578bb	 200 0ms GET /json
[38;5;6m INFO[0m [04:05:34] aea70460b52c48af876cb4faeeadf893	 200 0ms GET /json
[38;5;6m INFO[0m [04:05:34] 0e1b12c170e34b15babfd7deaa883f51	 200 0ms GET /json
[38;5;6m INFO[0m [04:05:34] bc4eef47c5024dad8da58893eda285fd	 200 0ms GET /json
[38;5;6m INFO[0m [04:05:34] 206a14330eed4ca9ac421dd28666ef66	 200 0ms GET /json
[38;5;6m INFO[0m [04:05:34] 2fef9df20eb64d038af40bee4e27b09c	 200 0ms GET /json
[38;5;6m INFO[0m [04:05:34] 5af8f532f04c41a8a23a2152644a49ce	 200 0ms GET /json
[38;5;6m INFO[0m [04:05:34] 4ec0f4b85f2846e39d20d36f56a3e6e2	 200 0ms GET /json
[38;5;6m INFO[0m [04:05:34] 4d32c9df1bf04e3ba951667f9b0747d6	 200 0ms GET /json
[38;5;6m INFO[0m [04:05:34] af73ff0a23e5430ebca65b0d644f1634	 200 0ms GET /json
[38;5;6m INFO[0m [04:05:34] 6ea4e14ca023423591b69043e7b437d8	 200 0ms GET /json
[38;5;6m INFO[0m [04:05:34] 37f25523f7404afabcb5f22f50fc4d34	 200 0ms GET /json
[38;5;6m INFO[0m [04:05:34] 6ff574cb371f4c278ef9daa7d7df801d	 200 0ms GET /json
[38;5;6m INFO[0m [04:05:34] 9d5c0e64e1fd4a1b835453c8da4e5d5d	 200 0ms GET /json
[38;5;6m INFO[0m [04:05:34] 3e605c96fae2423dba4db6eb46473fa5	 200 0ms GET /json
[38;5;6m INFO[0m [04:05:34] c7d5a53aaa944a7da44df20c02b5b5f1	 200 0ms GET /json
[38;5;6m INFO[0m [04:05:34] 2aea16debc3f4af1b3c5914f67113822	 200 0ms GET /json
[38;5;6m INFO[0m [04:05:34] a0c9e98990f14ef89680b86f285a3d0a	 200 0ms GET /json
[38;5;6m INFO[0m [04:05:34] 1f76bc9c7a5f486b9963b8d56e62544b	 200 0ms GET /json
[38;5;6m INFO[0m [04:05:34] 03f61eee2b344d1790256cb9af58c409	 200 0ms GET /json
[38;5;6m INFO[0m [04:05:34] cb5ecf34d7964e8bb213baee2214fe22	 200 0ms GET /json
[38;5;6m INFO[0m [04:05:34] d0611807e7c84256ae25b3e883bdc14b	 200 0ms GET /json
[38;5;6m INFO[0m [04:05:34] afc016335c6a4453af80952199aa5866	 200 0ms GET /json
[38;5;6m INFO[0m [04:05:34] 532781e01d344234aa76a7576f5a217f	 200 0ms GET /json
[38;5;6m INFO[0m [04:05:34] 43bdf26dec284d8690bb5dcd8da6a96e	 200 0ms GET /json
[38;5;6m INFO[0m [04:05:34] 96eee767a1fb4802a6ab214fe9f3ba96	 200 0ms GET /json
[38;5;6m INFO[0m [04:05:34] e4e8cca1f69e4d23875f3393ab1ff19f	 200 0ms GET /json
[38;5;6m INFO[0m [04:05:34] c9fb66578883409fa73d22bc36b35239	 200 0ms GET /json
[38;5;6m INFO[0m [04:05:34] 1b0cc894478a4badb43a7fd7c28a7082	 200 0ms GET /json
[38;5;6m INFO[0m [04:05:34] 9ced13aaeb2146e3b784d0c12d583462	 200 0ms GET /json
[38;5;6m INFO[0m [04:05:34] 269e647ed4aa4dc6bdc66ae919bc2557	 200 0ms GET /json
[38;5;6m INFO[0m [04:05:34] 89f7bb3da1e94ceea024a47af9b8d2bb	 200 0ms GET /json
[38;5;6m INFO[0m [04:05:34] b1563a05e6e14645864fa66a8d2f592e	 200 0ms GET /json
[38;5;6m INFO[0m [04:05:34] 04554b8d6b3c4436ad9d83df28254508	 200 0ms GET /json
[38;5;6m INFO[0m [04:05:34] 6d074e5ba6514c6ea3cb29ba55bad117	 200 0ms GET /json
[38;5;6m INFO[0m [04:05:34] a47f42e8fe8047a8ac1e0537cda05798	 200 0ms GET /json
[38;5;6m INFO[0m [04:05:34] 6bea4a0ca0dc4dcbbc71da72d16d2f3c	 200 0ms GET /json
[38;5;6m INFO[0m [04:05:34] 41aeb1fd80a24f38995f9ad110540179	 200 0ms GET /json
[38;5;6m INFO[0m [04:05:34] 7d3cf33ba1bc47f4911d18d644803069	 200 0ms GET /json
[38;5;6m INFO[0m [04:05:34] 75bd3505ce9b4f22bdbd32e20ddd8fff	 200 0ms GET /json
[38;5;6m INFO[0m [04:05:34] 42221eeb0e154c57a1f26a0e1cd4ff24	 200 0ms GET /json
[38;5;6m INFO[0m [04:05:34] c7644c4b4eee40dc9750049932f48a7b	 200 0ms GET /json
[38;5;6m INFO[0m [04:05:34] 2ad5ff7586a548bf9efb90c9b61dd2ee	 200 0ms GET /json
[38;5;6m INFO[0m [04:05:34] 85995320b0c74d94878c66306be26245	 200 0ms GET /json
[38;5;6m INFO[0m [04:05:34] 6f5a4d846e474d8d813190b0e82d9bcb	 200 0ms GET /json
[38;5;6m INFO[0m [04:05:34] 509fa44c32c84b8f97dbefffdd5be6cd	 200 0ms GET /json
[38;5;6m INFO[0m [04:05:34] 94bae33599244c86ab36f7491229a0a8	 200 0ms GET /json
[38;5;6m INFO[0m [04:05:34] 78550232c5a143ada911a9005f7329be	 200 0ms GET /json
[38;5;6m INFO[0m [04:05:34] 07f9a89715d24af9bcd078dce161ceb8	 200 0ms GET /json
[38;5;6m INFO[0m [04:05:34] b02b314d9b1447978df207a1e9e73a47	 200 0ms GET /json
[38;5;6m INFO[0m [04:05:34] 97a9bacd27374963896bcaacd7493823	 200 0ms GET /json
[38;5;6m INFO[0m [04:05:34] bb410cd97ce64e9ca031e91ab80bf08b	 200 0ms GET /json
[38;5;6m INFO[0m [04:05:34] c84a3570a0fd44a7abe44f7af5da187c	 200 0ms GET /json
[38;5;6m INFO[0m [04:05:34] 5ab3c391395648d0bf1ba5ef1c3b60de	 200 0ms GET /json
[38;5;6m INFO[0m [04:05:34] 249706ebe5d04c4eb39247460ed1f127	 200 0ms GET /json
[38;5;6m INFO[0m [04:05:34] 894b2f44417e4df895e3b0440116ef98	 200 0ms GET /json
[38;5;6m INFO[0m [04:05:34] 12f724f9780a471aae3d56cdc357bb2b	 200 0ms GET /json
[38;5;6m INFO[0m [04:05:34] 4ff856abee5a45008d5802f56d6911f8	 200 0ms GET /json
[38;5;6m INFO[0m [04:05:34] 3adb8d26ffb34e119ebab07aa061e906	 200 0ms GET /json
[38;5;6m INFO[0m [04:05:34] ba83e40071734066b6fdb5e5925d704b	 200 0ms GET /json
[38;5;6m INFO[0m [04:05:34] 7af1f20081234c0aa4459085be6bb728	 200 0ms GET /json
[38;5;6m INFO[0m [04:05:34] 75d46fcf1aa24b3f8c2d7f548efc9c5f	 200 0ms GET /json
[38;5;6m INFO[0m [04:05:34] c099e2a8cd3b4a7eae9692c79a165689	 200 0ms GET /json
[38;5;6m INFO[0m [04:05:34] a47863df06d749cb9775658245617432	 200 0ms GET /json
[38;5;6m INFO[0m [04:05:34] d2fce2fab01640399ecd313969c59526	 200 0ms GET /json
[38;5;6m INFO[0m [04:05:34] 3d65d7505a3f46188be31803c8f368a3	 200 0ms GET /json
[38;5;6m INFO[0m [04:05:34] 54d23824500c46f2a8374390e90d4ea7	 200 0ms GET /json
[38;5;6m INFO[0m [04:05:34] a6e48c6d57ad400cac656ad2a72ad08b	 200 0ms GET /json
[38;5;6m INFO[0m [04:05:34] c535cfbc07174a518c5efdc92c599405	 200 0ms GET /json
[38;5;6m INFO[0m [04:05:34] 29bd9aa51b144f7bb7741ce35de23f6f	 200 0ms GET /json
[38;5;6m INFO[0m [04:05:34] b6c110b46c264992a9f84277398ff78d	 200 0ms GET /json
[38;5;6m INFO[0m [04:05:34] aa5f5abac03e4476b4ee94179ab1242f	 200 0ms GET /json
[38;5;6m INFO[0m [04:05:34] daf0ac552b324cc5b8c115362cff437c	 200 0ms GET /json
[38;5;6m INFO[0m [04:05:34] 82f4a765c09a41f48f7af2b3c6deba14	 200 0ms GET /json
[38;5;6m INFO[0m [04:05:34] e72d0cf650ed45a2956e1b742c4d9e96	 200 0ms GET /json
[38;5;6m INFO[0m [04:05:34] ee33684e1a28431d9248e2f983d4cda1	 200 0ms GET /json
[38;5;6m INFO[0m [04:05:34] e3a48dab33ed47158ef94b53c65b0b4e	 200 0ms GET /json
[38;5;6m INFO[0m [04:05:34] 715768d589cc4876b23b225c442ad8c5	 200 0ms GET /json
[38;5;6m INFO[0m [04:05:34] 5883f54bfc644ed39eb48f82500535f0	 200 0ms GET /json
[38;5;6m INFO[0m [04:05:34] 1a497252131445b186a22986eb816481	 200 0ms GET /json
[38;5;6m INFO[0m [04:05:34] d82e0842692948dea64f60a8dcd2e2b9	 200 0ms GET /json
[38;5;6m INFO[0m [04:05:34] a6439d5105d54e859b87466126ff74ce	 200 0ms GET /json
[38;5;6m INFO[0m [04:05:34] 25879c2ad21e47269b9a9ae76323563a	 200 0ms GET /json
[38;5;6m INFO[0m [04:05:34] 12e11e983922443bb0eb7701d61bcaf2	 200 0ms GET /json
[38;5;6m INFO[0m [04:05:34] 3b41a9f66c3b456188e26b421c4defbe	 200 0ms GET /json
[38;5;6m INFO[0m [04:05:34] b5ce9ff7e72f4f21a23317620688418e	 200 0ms GET /json
[38;5;6m INFO[0m [04:05:34] 024b451b3684402c9c6cfa89517023f1	 200 0ms GET /json
[38;5;6m INFO[0m [04:05:34] 177050dc87c84c1598b74b73d09f23b2	 200 0ms GET /json
[38;5;6m INFO[0m [04:05:34] cb41e2a6a86e494d84b8c25a17805269	 200 0ms GET /json
[38;5;6m INFO[0m [04:05:34] 24c0fe020bc44083877d6971de6d1e13	 200 0ms GET /json
[38;5;6m INFO[0m [04:05:34] e1e795da745b44b480e8ee464b9df6b3	 200 0ms GET /json
[38;5;6m INFO[0m [04:05:34] d96c761892614ebaa199e304eec06f2b	 200 0ms GET /json
[38;5;6m INFO[0m [04:05:34] 6c23958814ad47d0b1c4b98dc7cf8d0c	 200 0ms GET /json
[38;5;6m INFO[0m [04:05:34] 42ce0728402c4ce08afa9f79247208b6	 200 0ms GET /json
[38;5;6m INFO[0m [04:05:34] 0d6e5cc3f99c4269a0e4e820b222b50c	 200 0ms GET /json
[38;5;6m INFO[0m [04:05:34] 41f09a44301a49e2b6b1e74bef82385e	 200 0ms GET /json
[38;5;6m INFO[0m [04:05:34] d5ab30186fb1400e8dc0eafcd8324586	 200 0ms GET /json
[38;5;6m INFO[0m [04:05:34] 07415756a82f4cc981f85eaa715cbc19	 200 0ms GET /json
[38;5;6m INFO[0m [04:05:34] c56fe79e1ea947258d7ba1c31a986abb	 200 0ms GET /json
[38;5;6m INFO[0m [04:05:34] 41424c5c88a440cda52529638c99f2a9	 200 0ms GET /json
[38;5;6m INFO[0m [04:05:34] 95298739799448159a0c96d4ae5dc4fb	 200 0ms GET /json
[38;5;6m INFO[0m [04:05:34] b986cf7998af4131b370a84066cfe51e	 200 0ms GET /json
[38;5;6m INFO[0m [04:05:34] 2f356f6a301f4513875cfa99eb83ac5d	 200 0ms GET /json
[38;5;6m INFO[0m [04:05:34] 4a4ae32d0a6244d79f10ceffdf97ef3b	 200 0ms GET /json
[38;5;6m INFO[0m [04:05:34] 0a8e369b6f1b4ee3a84d6b1fbc340e35	 200 0ms GET /json
[38;5;6m INFO[0m [04:05:34] 90877a7325ca4011ae6cfdbd35c0dcba	 200 0ms GET /json
[38;5;6m INFO[0m [04:05:34] 7996c968bb5a43efadb3936455e754dd	 200 0ms GET /json
[38;5;6m INFO[0m [04:05:34] 17fce795dccb4a36a026cd4734465609	 200 0ms GET /json
[38;5;6m INFO[0m [04:05:34] 9db42b0bafd34e0b9954f4d6a46ce902	 200 0ms GET /json
[38;5;6m INFO[0m [04:05:34] 6983c1719b39422e875f7330d0612a11	 200 0ms GET /json
[38;5;6m INFO[0m [04:05:34] a63de133cfc147ea93e065ebc2b4bf27	 200 0ms GET /json
[38;5;6m INFO[0m [04:05:34] 7c2ad03e79814f20a1fbe42f1e5b20b3	 200 0ms GET /json
[38;5;6m INFO[0m [04:05:34] ace5354e03d64d6b906c644d215f7d55	 200 0ms GET /json
[38;5;6m INFO[0m [04:05:34] 6dac9827de8b473788f575e3ebb0afeb	 200 0ms GET /json
[38;5;6m INFO[0m [04:05:34] d431b8450cb54d3e8a091851badb764e	 200 0ms GET /json
[38;5;6m INFO[0m [04:05:34] 9b5c96e1f0d448d59d7b0ce2d18c055a	 200 0ms GET /json
[38;5;6m INFO[0m [04:05:34] dc26e61c40ec4ecf8bd0e96b6890b7f4	 200 0ms GET /json
[38;5;6m INFO[0m [04:05:34] 4d3968f8be9047d7b29fc25bd81e20a7	 200 0ms GET /json
[38;5;6m INFO[0m [04:05:34] df02686e14ff48128c645657bb2ad19f	 200 0ms GET /json
[38;5;6m INFO[0m [04:05:34] 831a13935f6b47038015372c77f4a05e	 200 0ms GET /json
[38;5;6m INFO[0m [04:05:34] c7fbf09af11c471686118df433232007	 200 0ms GET /json
[38;5;6m INFO[0m [04:05:34] 2fc28cdc48b14d7898a26f42f88f4c49	 200 0ms GET /json
[38;5;6m INFO[0m [04:05:34] 956756cd369442939ace86437562e1c8	 200 0ms GET /json
[38;5;6m INFO[0m [04:05:34] eaf63ad973774c5cba7e07ec8d282332	 200 0ms GET /json
[38;5;6m INFO[0m [04:05:34] bc045bef80904f5f8035ee22a3f666ef	 200 0ms GET /json
[38;5;6m INFO[0m [04:05:34] c265c3bfeed242fe99c4ad6d0c43b32e	 200 0ms GET /json
[38;5;6m INFO[0m [04:05:34] d588200f013c4b0782f4c5bae4c2c454	 200 0ms GET /json
[38;5;6m INFO[0m [04:05:34] 9595f32be9684e1ab0eb1a1cdeb0a4ea	 200 0ms GET /json
[38;5;6m INFO[0m [04:05:34] e0fdb78a6c154f38a1f360bd1d98e813	 200 0ms GET /json
[38;5;6m INFO[0m [04:05:34] 7048e237e3c94a768352361bbb64ca09	 200 0ms GET /json
[38;5;6m INFO[0m [04:05:34] 7a75f317660643508bf81482d59a461c	 200 0ms GET /json
[38;5;6m INFO[0m [04:05:34] 24103a3440ec458a8e815caa62a4a5d1	 200 0ms GET /json
[38;5;6m INFO[0m [04:05:34] 53bf51194d914fdbac7a8e40cd4a647d	 200 0ms GET /json
[38;5;6m INFO[0m [04:05:34] 5a1730c10d1444da99e1d7f346e79b3e	 200 0ms GET /json
[38;5;6m INFO[0m [04:05:34] b8aa0574c18047c3ab5bad3561758cf7	 200 0ms GET /json
[38;5;6m INFO[0m [04:05:34] 4ae828990efb4ab6bc7b4c0d6f1cb851	 200 0ms GET /json
[38;5;6m INFO[0m [04:05:34] 24309701944c4e0891685ba63cb818d5	 200 0ms GET /json
[38;5;6m INFO[0m [04:05:34] 9a686cd304bc4246b1234d1e271b65a2	 200 0ms GET /json
[38;5;6m INFO[0m [04:05:34] f9ed889a34304e6cbccc2824b2eb77e6	 200 0ms GET /json
[38;5;6m INFO[0m [04:05:34] 46a6e8e05cc84ed08c33a3261e5a7e5a	 200 0ms GET /json
[38;5;6m INFO[0m [04:05:34] 8434e61b08444726809f94a089172c95	 200 0ms GET /json
[38;5;6m INFO[0m [04:05:34] 455b4c0c12fd4012a551f4f598a77090	 200 0ms GET /json
[38;5;6m INFO[0m [04:05:34] 1cf01334984947c78e8b93216ec41763	 200 0ms GET /json
[38;5;6m INFO[0m [04:05:34] dcc68bd94b014674a71f0edbb73d0eac	 200 0ms GET /json
[38;5;6m INFO[0m [04:05:34] 209961ddb58e4ee08c1e36fcbcd9cb9a	 200 0ms GET /json
[38;5;6m INFO[0m [04:05:34] f34845aa7d9d4ec486f3030908e78aeb	 200 0ms GET /json
[38;5;6m INFO[0m [04:05:34] 0312450cc372416985dbe9ad042982bf	 200 0ms GET /json
[38;5;6m INFO[0m [04:05:34] 99eba1a22ec04858bfe3ce748f9a1cc3	 200 0ms GET /json
[38;5;6m INFO[0m [04:05:34] a761a74d8299449fa418d2d36faf1297	 200 0ms GET /json
[38;5;6m INFO[0m [04:05:34] f14b60f9b10f44cb8a40805281fe6826	 200 0ms GET /json
[38;5;6m INFO[0m [04:05:34] 08f68dd3567f45089f72ffff396023c6	 200 0ms GET /json
[38;5;6m INFO[0m [04:05:34] 144b71de58c14e678f98fe36d2e8da1f	 200 0ms GET /json
[38;5;6m INFO[0m [04:05:34] b63bcc861cc04b9597df8414b5279fa9	 200 0ms GET /json
[38;5;6m INFO[0m [04:05:34] 400f3511957c4fa4a32b6e1ac04fd50c	 200 0ms GET /json
[38;5;6m INFO[0m [04:05:34] aef9e0654af3402d8e8637fab753c082	 200 0ms GET /json
[38;5;6m INFO[0m [04:05:34] 0c828e8cd743462984fb9d2d7099fc50	 200 0ms GET /json
[38;5;6m INFO[0m [04:05:34] 4eae3b7deeae471794c89943642bc24d	 200 0ms GET /json
[38;5;6m INFO[0m [04:05:34] 459392908d744e869c1ffaccc6817cc0	 200 0ms GET /json
[38;5;6m INFO[0m [04:05:34] 3ebfcdd28479438686625d939a6935d8	 200 0ms GET /json
[38;5;6m INFO[0m [04:05:34] e08264491acc4b8c97ba1fdcf359307b	 200 0ms GET /json
[38;5;6m INFO[0m [04:05:34] 71732e195aa14ace99dc5d7855181381	 200 0ms GET /json
[38;5;6m INFO[0m [04:05:34] 89ba4ac9c1f34f1a8ccd0b539fb0dec0	 200 0ms GET /json
[38;5;6m INFO[0m [04:05:34] db7abbd66c754e4e8b1172f16dc51b1f	 200 0ms GET /json
[38;5;6m INFO[0m [04:05:34] ed70dd5078c24a1ab3f0f5b752f93d8c	 200 0ms GET /json
[38;5;6m INFO[0m [04:05:34] ebdd6b8d18e04ff191c5b210f9c02e59	 200 0ms GET /json
[38;5;6m INFO[0m [04:05:34] 61ff05f58e2648b8b9fd3c1689ed5957	 200 0ms GET /json
[38;5;6m INFO[0m [04:05:34] f0d847ed7fc24f61861248abb3713f6f	 200 0ms GET /json
[38;5;6m INFO[0m [04:05:34] a6f42343bdd8481b8fd6757a9ef488b5	 200 0ms GET /json
[38;5;6m INFO[0m [04:05:34] a6028e0fc6b84475a5e1b848e0fddca5	 200 0ms GET /json
[38;5;6m INFO[0m [04:05:34] e18ede343ea1426eadc55ebe7b9cdb3f	 200 0ms GET /json
[38;5;6m INFO[0m [04:05:34] aed51bbf7ac741139c272d3fbeeb9b37	 200 0ms GET /json
[38;5;6m INFO[0m [04:05:34] 4d5a228181b0407a83f86d7d70e402ab	 200 0ms GET /json
[38;5;6m INFO[0m [04:05:34] 8450bca881cd4246a97e4d0c50ab873e	 200 0ms GET /json
[38;5;6m INFO[0m [04:05:34] 9c6e79e2cd2d4927b30c2a3a25cfb4e9	 200 0ms GET /json
[38;5;6m INFO[0m [04:05:34] 282c98c582a241c1a53c34e681f528c8	 200 0ms GET /json
[38;5;6m INFO[0m [04:05:34] ca5d35c12fb247d4bd2aa269b3b1aefc	 200 0ms GET /json
[38;5;6m INFO[0m [04:05:34] 052ac769e2114a4db8cdd1551fc738d3	 200 0ms GET /json
[38;5;6m INFO[0m [04:05:34] ef252531a901427e942122382a7b3273	 200 0ms GET /json
[38;5;6m INFO[0m [04:05:34] 245bcab4500c492691bab8e13494213d	 200 0ms GET /json
[38;5;6m INFO[0m [04:05:34] e156e3ad9251410ca2c692b2a0917aeb	 200 0ms GET /json
[38;5;6m INFO[0m [04:05:34] d635d74bb7c3429bb57186ac7ef60ec7	 200 0ms GET /json
[38;5;6m INFO[0m [04:05:34] 3be00e5c571a4c0c8687aefb52dd6775	 200 0ms GET /json
[38;5;6m INFO[0m [04:05:34] a7943861634249f7b33b0ee206f71d1f	 200 0ms GET /json
[38;5;6m INFO[0m [04:05:34] 824981a7ace646a4985dff5b55bb2dea	 200 0ms GET /json
[38;5;6m INFO[0m [04:05:34] 2bb9999cbb2046c8b0c0c64a91303785	 200 0ms GET /json
[38;5;6m INFO[0m [04:05:34] decf144a05834573aa9b3f234a6a84f3	 200 0ms GET /json
[38;5;6m INFO[0m [04:05:34] 15e58263a3434ed78344a4dd05f4e7c0	 200 0ms GET /json
[38;5;6m INFO[0m [04:05:34] 1e6c0cc06d024ac78d1b54845fc12dac	 200 0ms GET /json
[38;5;6m INFO[0m [04:05:34] e0b96612a08f47429cd53fd826d35173	 200 0ms GET /json
[38;5;6m INFO[0m [04:05:34] 5278e96246de4b41aa9977cf373c9411	 200 0ms GET /json
[38;5;6m INFO[0m [04:05:34] 5e654182ae9f453f9efaba36832fa2ab	 200 0ms GET /json
[38;5;6m INFO[0m [04:05:34] 291876115c0c43f981f0864090dab49f	 200 0ms GET /json
[38;5;6m INFO[0m [04:05:34] 9ac1806b5f82485eb803a2c3762a9d5a	 200 0ms GET /json
[38;5;6m INFO[0m [04:05:34] 95b7483ba86941a98605f37818c9b555	 200 0ms GET /json
[38;5;6m INFO[0m [04:05:34] 3b8daadb23ac45b995b3c9174776d2df	 200 0ms GET /json
[38;5;6m INFO[0m [04:05:34] 89ac29a4e8ea4ea1993187f3fc8de8b0	 200 0ms GET /json
[38;5;6m INFO[0m [04:05:34] 6eff02a6e3ce44598cdcf46c3f09fc03	 200 0ms GET /json
[38;5;6m INFO[0m [04:05:34] 088a3244a13b4f2f823aac49ebf72657	 200 0ms GET /json
[38;5;6m INFO[0m [04:05:34] 4b5d0e2d257241c58e71b4c64ba734b7	 200 0ms GET /json
[38;5;6m INFO[0m [04:05:34] 54ad642d0f9b4cee9bb1ff420824efd9	 200 0ms GET /json
[38;5;6m INFO[0m [04:05:34] 1006a8b9239d43d79b7ff93a14ad6f2a	 200 0ms GET /json
[38;5;6m INFO[0m [04:05:34] 8a444fedc2d5474a9e24a45b0bb1bbee	 200 0ms GET /json
[38;5;6m INFO[0m [04:05:34] 275036349ca24f3b8122559cbe990138	 200 0ms GET /json
[38;5;6m INFO[0m [04:05:34] 4a0e4f1403644c3e865086354783c3e6	 200 0ms GET /json
[38;5;6m INFO[0m [04:05:34] 07f307598439495bac1f3108077c21f6	 200 0ms GET /json
[38;5;6m INFO[0m [04:05:36] 8619a0cc29294a67b1326fbb6198f838	 200 0ms GET /json
[38;5;6m INFO[0m [04:05:36] f530e52c70ac4ad8a0c13e3eae95acdb	 200 0ms GET /json
[38;5;6m INFO[0m [04:05:36] 23fc19973da243049749eb997a8b96ee	 200 0ms GET /json
[38;5;6m INFO[0m [04:05:36] 149da3bb365f4ed89a4a2d0526a312a0	 200 0ms GET /json
[38;5;6m INFO[0m [04:05:36] 542861d2c9174af6a4fd00591026099d	 200 0ms GET /json
[38;5;6m INFO[0m [04:05:36] 366e2cbec87c46beb7356da4fa3453aa	 200 0ms GET /json
[38;5;6m INFO[0m [04:05:36] 00b9467ff904437fa724e994282295db	 200 0ms GET /json
[38;5;6m INFO[0m [04:05:36] f551060d18c3413983d4ed8402dfe01e	 200 0ms GET /json
[38;5;6m INFO[0m [04:05:36] 23c8ad338abd4ee396e09e567b27006e	 200 0ms GET /json
[38;5;6m INFO[0m [04:05:36] c45be8f72b354d43b7bfd2e2ca90e4a8	 200 0ms GET /json
[38;5;6m INFO[0m [04:05:36] ff7a4413dcc947998589eee4aaf9473a	 200 0ms GET /json
[38;5;6m INFO[0m [04:05:36] 098ec96d0288405b89324567b89edb14	 200 0ms GET /json
[38;5;6m INFO[0m [04:05:36] ff6160e31085414fac7910dc9cd30ab4	 200 0ms GET /json
[38;5;6m INFO[0m [04:05:36] 7484aa88cc7b413581598f67cf24d48e	 200 0ms GET /json
[38;5;6m INFO[0m [04:05:36] 7c04955928134b8a99484e414be96695	 200 0ms GET /json
[38;5;6m INFO[0m [04:05:36] 285718aaaa694bcb82c9e014598f7f3e	 200 0ms GET /json
[38;5;6m INFO[0m [04:05:36] 97abb3f63d094ea7830d7168df88298b	 200 0ms GET /json
[38;5;6m INFO[0m [04:05:36] 88f42248ffee48588bc2d1848bc649da	 200 0ms GET /json
[38;5;6m INFO[0m [04:05:36] 8e0769358ab9430ca6208090ca197795	 200 0ms GET /json
[38;5;6m INFO[0m [04:05:36] fa07ec73d6684221ac9aa37230d081e9	 200 0ms GET /json
[38;5;6m INFO[0m [04:05:36] 1d65da741ca349d5bb9e2b141d4ebffd	 200 0ms GET /json
[38;5;6m INFO[0m [04:05:36] 326a4eda63194ab386b0b14f7537844a	 200 0ms GET /json
[38;5;6m INFO[0m [04:05:36] 5ed9ce546b474270963ebcdeac9abbf2	 200 0ms GET /json
[38;5;6m INFO[0m [04:05:36] 6237cf5210ae46c9abcd16777814d75f	 200 0ms GET /json
[38;5;6m INFO[0m [04:05:36] 9094ffc121af4f3096b868173fd41836	 200 0ms GET /json
[38;5;6m INFO[0m [04:05:36] c590ffc24cca4f2c8139725c3802262d	 200 0ms GET /json
[38;5;6m INFO[0m [04:05:36] 01c8aca648ac4e7e98e451f6bbe8c4b6	 200 0ms GET /json
[38;5;6m INFO[0m [04:05:36] 3dac9cebd325463f89b2a388fcfcbe8e	 200 0ms GET /json
[38;5;6m INFO[0m [04:05:36] d16caabbb0f14e5983b8252fdc5f9066	 200 0ms GET /json
[38;5;6m INFO[0m [04:05:36] 6605ffe2ce8f40518014c5a1e617b858	 200 0ms GET /json
[38;5;6m INFO[0m [04:05:36] b6f042eeb6c7417aa188567e89d0a161	 200 0ms GET /json
[38;5;6m INFO[0m [04:05:36] 722380ed82654a58b607a687bbfea23a	 200 0ms GET /json
[38;5;6m INFO[0m [04:05:36] f3320222f5534d4fac9104c965736dd1	 200 0ms GET /json
[38;5;6m INFO[0m [04:05:36] fb4b519ec03b476c9b63936b2cd02374	 200 0ms GET /json
[38;5;6m INFO[0m [04:05:36] f1b56ba936ed47acad08a47f25883b4a	 200 0ms GET /json
[38;5;6m INFO[0m [04:05:36] 4d8333f15361468b86d59d988469ad10	 200 0ms GET /json
[38;5;6m INFO[0m [04:05:36] 92c9c6bb2f04406f83daa044a5ddc7e0	 200 0ms GET /json
[38;5;6m INFO[0m [04:05:36] 7c4b6ab5f042469db1b6452dc8aea1d1	 200 0ms GET /json
[38;5;6m INFO[0m [04:05:36] 55bd68ed0bdb44f59342cb0ce9ac3ca4	 200 0ms GET /json
[38;5;6m INFO[0m [04:05:36] 94a9134deef84c24a6b3d1550a07dbe0	 200 0ms GET /json
[38;5;6m INFO[0m [04:05:36] 436cb52523d848b7a17c4d7876fd7fda	 200 0ms GET /json
[38;5;6m INFO[0m [04:05:36] b6c0ac94da6341f8958eac58d35b277e	 200 0ms GET /json
[38;5;6m INFO[0m [04:05:36] 4fa0eb1153424736b421a6aaca532166	 200 0ms GET /json
[38;5;6m INFO[0m [04:05:36] f457780b298d43b0bbfff4a8283b2311	 200 0ms GET /json
[38;5;6m INFO[0m [04:05:36] 01b0486064444aa5bb46f8494594e6cd	 200 0ms GET /json
[38;5;6m INFO[0m [04:05:36] 7887640751e24c4faa89aa03d4fee5f9	 200 0ms GET /json
[38;5;6m INFO[0m [04:05:36] 6de9138f57a940158689dae47d23682d	 200 0ms GET /json
[38;5;6m INFO[0m [04:05:36] 99668edfe56b49fead247c66dd351938	 200 0ms GET /json
[38;5;6m INFO[0m [04:05:36] 7cfab36f83214129b678ce61816cbab3	 200 0ms GET /json
[38;5;6m INFO[0m [04:05:36] a6aa079c8f924833a59245618fdee1ef	 200 0ms GET /json
[38;5;6m INFO[0m [04:05:36] a6128e8d01354d72b9b6cd5de5258c31	 200 0ms GET /json
[38;5;6m INFO[0m [04:05:36] 33802f58b68345868a859ecc4d5b1a99	 200 0ms GET /json
[38;5;6m INFO[0m [04:05:36] eb6dab6af1574d0aa2142b31e358b2cc	 200 0ms GET /json
[38;5;6m INFO[0m [04:05:36] fa32497c289b41dc95d42fa13ec3d1a6	 200 0ms GET /json
[38;5;6m INFO[0m [04:05:36] 10b9b0f55679422a8638f9f330914ece	 200 0ms GET /json
[38;5;6m INFO[0m [04:05:36] 31ae2506f32f44c5a4f11009d3dc2b03	 200 0ms GET /json
[38;5;6m INFO[0m [04:05:36] 06c90ad028f147509f0e8b3da2e45c77	 200 0ms GET /json
[38;5;6m INFO[0m [04:05:36] d40f3b1c4da04749a15f3a16d0495595	 200 0ms GET /json
[38;5;6m INFO[0m [04:05:36] 0cda33a59af54cbf9549e8874f4b7551	 200 0ms GET /json
[38;5;6m INFO[0m [04:05:36] 8de45a1741014d37be1e3a60259d62fb	 200 0ms GET /json
[38;5;6m INFO[0m [04:05:36] b62cc411534643d7bc880e5a8f225ece	 200 0ms GET /json
[38;5;6m INFO[0m [04:05:36] 0d613d13fbd54daab28468b380c87ec0	 200 0ms GET /json
[38;5;6m INFO[0m [04:05:36] ffcb29b0b8384f22b482d6103ccd4860	 200 0ms GET /json
[38;5;6m INFO[0m [04:05:36] 686e1a85f82d46098485d117766fb3c0	 200 0ms GET /json
[38;5;6m INFO[0m [04:05:36] 30db3fbf23d34bf8a9c88c6b3d8398a4	 200 0ms GET /json
[38;5;6m INFO[0m [04:05:36] c5ab4c47fc234371bf2d89b70a6127f6	 200 0ms GET /json
[38;5;6m INFO[0m [04:05:36] 47d001a37c7547beaf06fd82f823af25	 200 0ms GET /json
[38;5;6m INFO[0m [04:05:36] 9b8b8362382e46488b3ab140939ced1e	 200 0ms GET /json
[38;5;6m INFO[0m [04:05:36] 0d2fd0eaa47f4dbdbcee369020e6eb39	 200 0ms GET /json
[38;5;6m INFO[0m [04:05:36] 0bcd8686338d423ebe88e2fe8a7d9540	 200 0ms GET /json
[38;5;6m INFO[0m [04:05:36] 145d88b07252430982200c158519c4ca	 200 0ms GET /json
[38;5;6m INFO[0m [04:05:36] d07f28f8ef0c4b77900c0250f23f7ee1	 200 0ms GET /json
[38;5;6m INFO[0m [04:05:36] 14149ee5bf934d9f8710e70b404c5d69	 200 0ms GET /json
[38;5;6m INFO[0m [04:05:36] 4e397acd504e4632863f8dc04a49262a	 200 0ms GET /json
[38;5;6m INFO[0m [04:05:36] b4ec31a85c4445aaa5c443c6e77cbf1d	 200 0ms GET /json
[38;5;6m INFO[0m [04:05:36] 0b6b7fc56f264c97898fedf2a95a45b4	 200 0ms GET /json
[38;5;6m INFO[0m [04:05:36] 80e0be12fd294d018508e28bc16ba339	 200 0ms GET /json
[38;5;6m INFO[0m [04:05:36] b6316e2363a24920aa85219ce88b4932	 200 0ms GET /json
[38;5;6m INFO[0m [04:05:36] 3d7e15b336944700b084f7c57f3aad09	 200 0ms GET /json
[38;5;6m INFO[0m [04:05:36] 5db78d9513ad4219be1afdb78fa777d2	 200 0ms GET /json
[38;5;6m INFO[0m [04:05:36] 0f3f50e638ad4adc8ef794c68638db38	 200 0ms GET /json
[38;5;6m INFO[0m [04:05:36] 2e0a6197c4c6452cac98827362f17057	 200 0ms GET /json
[38;5;6m INFO[0m [04:05:36] 4829213cd4c8419abf74d64b77acb451	 200 0ms GET /json
[38;5;6m INFO[0m [04:05:36] 4612e7121fc74d588b27f967a80f9510	 200 0ms GET /json
[38;5;6m INFO[0m [04:05:36] dc6b37f146594c0e95349979ccb727a5	 200 0ms GET /json
[38;5;6m INFO[0m [04:05:36] eb77cfb89a0542e9bedd8ea7e324b9f4	 200 0ms GET /json
[38;5;6m INFO[0m [04:05:36] 2cad6916135e48d982736aa359006837	 200 0ms GET /json
[38;5;6m INFO[0m [04:05:36] 4c8d7aeab572431ab3ced34e4bb12e2c	 200 0ms GET /json
[38;5;6m INFO[0m [04:05:36] 3fa0338da23541daa73b342b7b066bdd	 200 0ms GET /json
[38;5;6m INFO[0m [04:05:36] f9b4499b578d4fe88d7edb5c5ad7fe47	 200 0ms GET /json
[38;5;6m INFO[0m [04:05:36] 19c1248c0005442798b000b5c121b02d	 200 0ms GET /json
[38;5;6m INFO[0m [04:05:36] b0c1289a68be4c9bad22136c0d7203b9	 200 0ms GET /json
[38;5;6m INFO[0m [04:05:36] 0ff6114476cc48e29dd1d0617b34bc68	 200 0ms GET /json
[38;5;6m INFO[0m [04:05:36] 53b78eb2563a46de87839ff5c2ae8e52	 200 0ms GET /json
[38;5;6m INFO[0m [04:05:36] 7c618f133007488fb47effda84d8e5e0	 200 0ms GET /json
[38;5;6m INFO[0m [04:05:36] 1c50e32b0bd24439a423b571538082ae	 200 0ms GET /json
[38;5;6m INFO[0m [04:05:36] 2fedde1208644ec180a518ca0d79c6cf	 200 0ms GET /json
[38;5;6m INFO[0m [04:05:36] 249038332703453f9c31f36eade4a2bc	 200 0ms GET /json
[38;5;6m INFO[0m [04:05:36] 46c49e67206a49b3884b7dec61e5f138	 200 0ms GET /json
[38;5;6m INFO[0m [04:05:36] 274f3bdab1ad4d439fdedd05a40fcc5d	 200 0ms GET /json
[38;5;6m INFO[0m [04:05:38] fe0e2d29914e4da9be90d19225953fc5	 200 0ms GET /json
[38;5;6m INFO[0m [04:05:38] 9553b20183144cff91b85e109efe4f50	 200 0ms GET /json
[38;5;6m INFO[0m [04:05:38] 4262a44de019475cbfdc52b8c4bde8e7	 200 0ms GET /json
[38;5;6m INFO[0m [04:05:38] 0236387e769a4201802031bdbb70bd92	 200 0ms GET /json
[38;5;6m INFO[0m [04:05:38] 2f4f5afb1f744a818dc1c5293de88b09	 200 0ms GET /json
[38;5;6m INFO[0m [04:05:38] a7391d1d7c144d27accb38509ab72dc2	 200 0ms GET /json
[38;5;6m INFO[0m [04:05:38] 227bcb920aa24c46b22edcf3ca433eb2	 200 0ms GET /json
[38;5;6m INFO[0m [04:05:38] 07ef297ab4324464a3b77ecb61b512dc	 200 0ms GET /json
[38;5;6m INFO[0m [04:05:38] f2029513243c4d9891e900a5cf2c44fd	 200 0ms GET /json
[38;5;6m INFO[0m [04:05:38] c05480c6be3a4aa2b5102f61a245ae68	 200 0ms GET /json
[38;5;6m INFO[0m [04:05:38] b06c01665b904e9fa4e732f8e780d279	 200 0ms GET /json
[38;5;6m INFO[0m [04:05:38] 4127bd952e9b4324ac268889cba6c33f	 200 0ms GET /json
[38;5;6m INFO[0m [04:05:38] 3a126385612d48fcab18b1331eac93aa	 200 0ms GET /json
[38;5;6m INFO[0m [04:05:38] 165e8ab06624424895cc941ad27c907d	 200 0ms GET /json
[38;5;6m INFO[0m [04:05:38] 7095a3f614ff4512952a46d504653d6c	 200 0ms GET /json
[38;5;6m INFO[0m [04:05:38] b27af7fb295b4b81a4b177d7be8f79f1	 200 0ms GET /json
[38;5;6m INFO[0m [04:05:38] 7b21cc7bf90742269c66fb2a8ffca27e	 200 0ms GET /json
[38;5;6m INFO[0m [04:05:38] 78fd8d83531c4d12960e5b3efffea3ba	 200 0ms GET /json
[38;5;6m INFO[0m [04:05:38] 68056a6c3365404b8976df2a9428281f	 200 0ms GET /json
[38;5;6m INFO[0m [04:05:38] 2c61a50880f24f1dad87e120bd1b4a7f	 200 0ms GET /json
[38;5;6m INFO[0m [04:05:38] 4fe2a4629f2547398a80e227e343a722	 200 0ms GET /json
[38;5;6m INFO[0m [04:05:38] 17541863aa8945bb8ba05e2edae9fec5	 200 0ms GET /json
[38;5;6m INFO[0m [04:05:38] e6ae1e5175734cd3aada68c583766cda	 200 0ms GET /json
[38;5;6m INFO[0m [04:05:38] d603630065cc4ee99675d9fe107e615f	 200 0ms GET /json
[38;5;6m INFO[0m [04:05:38] 48d8f6808fb04da09a61b6450797f675	 200 0ms GET /json
[38;5;6m INFO[0m [04:05:38] 9616b1ead05d471bb95c42c129f56417	 200 0ms GET /json
[38;5;6m INFO[0m [04:05:38] f2949c2dc3004554a5559a2f4fb3a839	 200 0ms GET /json
[38;5;6m INFO[0m [04:05:38] 9e04aa25148e408b801c35b1f16488cc	 200 0ms GET /json
[38;5;6m INFO[0m [04:05:38] a4d6bd9c7fe0409a823a6fc00309b1e5	 200 0ms GET /json
[38;5;6m INFO[0m [04:05:38] 9d32ec445d4444a9a08741175e54bf01	 200 0ms GET /json
[38;5;6m INFO[0m [04:05:38] aace9a35dff8412c91567033440f7007	 200 0ms GET /json
[38;5;6m INFO[0m [04:05:38] 4f6921d23af14c59925dae511591848b	 200 0ms GET /json
[38;5;6m INFO[0m [04:05:38] 8186bcdf07db481887ec38128b661450	 200 0ms GET /json
[38;5;6m INFO[0m [04:05:38] 4749740c13704fcea2ba9bfe82bc78f0	 200 0ms GET /json
[38;5;6m INFO[0m [04:05:38] f7b09119ef3a4e209e28263cc37ddd08	 200 0ms GET /json
[38;5;6m INFO[0m [04:05:38] 81f830140bff43ffb1cc0a85fcfc5257	 200 0ms GET /json
[38;5;6m INFO[0m [04:05:38] 279b329670a44a7e901b485f6fc7a654	 200 0ms GET /json
[38;5;6m INFO[0m [04:05:38] 1944fa56d7754c3bbdaeaa5a2d48b709	 200 0ms GET /json
[38;5;6m INFO[0m [04:05:38] 3aacfc672b244513b8765358dd913a96	 200 0ms GET /json
[38;5;6m INFO[0m [04:05:38] c4dfce4a90de4c29a2c9503c32ad5cd7	 200 0ms GET /json
[38;5;6m INFO[0m [04:05:38] 86c10dfe90bc4c22b76e31ff47c7f786	 200 0ms GET /json
[38;5;6m INFO[0m [04:05:38] 3fc5e92cbfe04b82a53a9e43e13f58ce	 200 0ms GET /json
[38;5;6m INFO[0m [04:05:38] d13b4e7a3c8447a9b12b34a213ee0e06	 200 0ms GET /json
[38;5;6m INFO[0m [04:05:38] 4de7edeca0b94aea8393a6554887289d	 200 0ms GET /json
[38;5;6m INFO[0m [04:05:38] bb9b0e9a161148cca703b981e714aff1	 200 0ms GET /json
[38;5;6m INFO[0m [04:05:38] 3fb5c53a8c4249449244154fdcb7fbd0	 200 0ms GET /json
[38;5;6m INFO[0m [04:05:38] c22e8a083aef409cb6ec665b36f188a7	 200 0ms GET /json
[38;5;6m INFO[0m [04:05:38] 27667752b5f647cfb0227baea0a5a45a	 200 0ms GET /json
[38;5;6m INFO[0m [04:05:38] b1224bf6a0184ef89e3420f5ecd9a173	 200 0ms GET /json
[38;5;6m INFO[0m [04:05:38] 3af68089205045a7bf8265e4445d37e5	 200 0ms GET /json
[38;5;6m INFO[0m [04:05:38] ffb23f6b9be847f3a90d92f2097e7f43	 200 0ms GET /json
[38;5;6m INFO[0m [04:05:38] a060eb057f584a79b1b92d8059c1abb9	 200 0ms GET /json
[38;5;6m INFO[0m [04:05:38] 23aab6b247824c3285592ae921738cf8	 200 0ms GET /json
[38;5;6m INFO[0m [04:05:38] b7e703a5da0a4ca381a6abfecca94474	 200 0ms GET /json
[38;5;6m INFO[0m [04:05:38] b4e2c1cd78a7402085dd553c7258ee51	 200 0ms GET /json
[38;5;6m INFO[0m [04:05:38] a823fb94d8054c0a8234d33b11ea3cdb	 200 0ms GET /json
[38;5;6m INFO[0m [04:05:38] e164e934ed07428bae37cf9a609cf79c	 200 0ms GET /json
[38;5;6m INFO[0m [04:05:38] aaff18d7a6a94b97a5cfc26f548299f0	 200 0ms GET /json
[38;5;6m INFO[0m [04:05:38] cd0cf5de6cfd4e10b656cd59aebe5c97	 200 0ms GET /json
[38;5;6m INFO[0m [04:05:38] 9c6eafbf5f1744c69c3f1e83b4f1a588	 200 0ms GET /json
[38;5;6m INFO[0m [04:05:38] 591923326bc447ac9c2988c12f762a59	 200 0ms GET /json
[38;5;6m INFO[0m [04:05:38] aea911fc46b948f88f97d5bf01526c40	 200 0ms GET /json
[38;5;6m INFO[0m [04:05:38] 4238526f51a74ed48133e85d8c2b1565	 200 0ms GET /json
[38;5;6m INFO[0m [04:05:38] f4d9c183e90a424f994746bcc39679a8	 200 0ms GET /json
[38;5;6m INFO[0m [04:05:38] 6918563689dc41608cd26a141ab2c117	 200 0ms GET /json
[38;5;6m INFO[0m [04:05:38] fc25d9ef43d745a79d71200abc2aefec	 200 0ms GET /json
[38;5;6m INFO[0m [04:05:38] db6fd87fe64049afbafb13c09c453ebe	 200 0ms GET /json
[38;5;6m INFO[0m [04:05:38] f936aebceef84c52a09683334394136f	 200 0ms GET /json
[38;5;6m INFO[0m [04:05:38] 169e9c66347342b69c7885caf2d980ba	 200 0ms GET /json
[38;5;6m INFO[0m [04:05:38] 5d3afd3aabf846e180e5d5fa891a6bea	 200 0ms GET /json
[38;5;6m INFO[0m [04:05:38] 9cade6878782423b81c858b738d8a174	 200 0ms GET /json
[38;5;6m INFO[0m [04:05:38] b01ac030b98646caa1284395e8244581	 200 0ms GET /json
[38;5;6m INFO[0m [04:05:38] 1dd56b43c7f14af5b400ad80456e4f09	 200 0ms GET /json
[38;5;6m INFO[0m [04:05:38] 312ba3b7bf3042ebaa8252f4ca815340	 200 0ms GET /json
[38;5;6m INFO[0m [04:05:38] ffa1ec7dc9e243b9bb125c0691ded43d	 200 0ms GET /json
[38;5;6m INFO[0m [04:05:38] 8e219f24adae42c8bb525f8e781672ca	 200 0ms GET /json
[38;5;6m INFO[0m [04:05:38] 44d26b0de24249d4a009e9a0b2a3cde3	 200 0ms GET /json
[38;5;6m INFO[0m [04:05:38] 63329de8eef84f5ea75dc45261086e4e	 200 0ms GET /json
[38;5;6m INFO[0m [04:05:38] 8aaad469b5b74ef0a6508890f52eefb1	 200 0ms GET /json
[38;5;6m INFO[0m [04:05:38] 9d65784fedba4001a650b09c88d78cc3	 200 0ms GET /json
[38;5;6m INFO[0m [04:05:38] 7cc1ada6761d43e4b5ba66da66b837a3	 200 0ms GET /json
[38;5;6m INFO[0m [04:05:38] 7cf846124b194b138fd175eb474d3464	 200 0ms GET /json
[38;5;6m INFO[0m [04:05:38] 4a22bd38272b47879dac5edaf9637a6d	 200 0ms GET /json
[38;5;6m INFO[0m [04:05:38] a233e24153ff4fceac66cced6a1b2127	 200 0ms GET /json
[38;5;6m INFO[0m [04:05:38] d249f37622144a9fbae4e7c568dc1458	 200 0ms GET /json
[38;5;6m INFO[0m [04:05:38] a672ed49a0e94fc488f66bc6d78fbe14	 200 0ms GET /json
[38;5;6m INFO[0m [04:05:38] 29abc63e806f42b8ab4bc7e0cbf29794	 200 0ms GET /json
[38;5;6m INFO[0m [04:05:38] 2dbe20d4c3fa43728af4462e8c8b40b1	 200 0ms GET /json
[38;5;6m INFO[0m [04:05:38] 952d5c6b124b4e66a8b27143b7a221b8	 200 0ms GET /json
[38;5;6m INFO[0m [04:05:38] 23a590c4cfb245108536547c1f7264f4	 200 0ms GET /json
[38;5;6m INFO[0m [04:05:38] 11dd6b40d31e4a539f0c278816d24cea	 200 0ms GET /json
[38;5;6m INFO[0m [04:05:38] 58fbbc923f164caaa1a9ccaf10fe117f	 200 0ms GET /json
[38;5;6m INFO[0m [04:05:38] 7a7f1fda1e98417082f04e64c61e4904	 200 0ms GET /json
[38;5;6m INFO[0m [04:05:38] 1c37b99eff1b4fe7b13e84c1a1820f69	 200 0ms GET /json
[38;5;6m INFO[0m [04:05:38] 0fb094c056c24cb19ffe61d254788964	 200 0ms GET /json
[38;5;6m INFO[0m [04:05:38] 5b4875b6cf1c407ca27e44e1122b9bfb	 200 0ms GET /json
[38;5;6m INFO[0m [04:05:38] a0389d5ecc19469bac97bed967544733	 200 0ms GET /json
[38;5;6m INFO[0m [04:05:38] cb4cc425e84d4f0292317065543ed783	 200 0ms GET /json
[38;5;6m INFO[0m [04:05:38] ba002ef300374a75ba0b3f8877a28d57	 200 0ms GET /json
[38;5;6m INFO[0m [04:05:38] 317886720db3410ca245b2ae31855a2e	 200 0ms GET /json
[38;5;6m INFO[0m [04:05:40] a3215705a22c4b2e979b907a2a803011	 200 0ms GET /json
[38;5;6m INFO[0m [04:05:40] f339975eb67143a4991862503ea6d9a0	 200 0ms GET /json
[38;5;6m INFO[0m [04:05:40] dbd3f3ebd55b4b3b9d32a3237d1d7b15	 200 0ms GET /json
[38;5;6m INFO[0m [04:05:40] dbb407cb8ab4478cbe7185f02db87470	 200 0ms GET /json
[38;5;6m INFO[0m [04:05:40] 84e3711a16a842498a4971b028b661da	 200 0ms GET /json
[38;5;6m INFO[0m [04:05:40] ecdbe7ff3c5740e0b408263dd2d52c88	 200 0ms GET /json
[38;5;6m INFO[0m [04:05:40] 822188ef3af94379a0f60712613e45b5	 200 0ms GET /json
[38;5;6m INFO[0m [04:05:40] c8899c65e84744dda33c44a49d58bdc8	 200 0ms GET /json
[38;5;6m INFO[0m [04:05:40] 62d1ac728e574acdadcdc46fed6e549b	 200 0ms GET /json
[38;5;6m INFO[0m [04:05:40] 3e344428ffde4e7ebce3ffe6efe00902	 200 0ms GET /json
[38;5;6m INFO[0m [04:05:40] a1c9fd832fb84bfa9a90b5272b3732ee	 200 0ms GET /json
[38;5;6m INFO[0m [04:05:40] cc15ea5b42e242318e4bd0509fa31b10	 200 0ms GET /json
[38;5;6m INFO[0m [04:05:40] 131095882d0245fb9b4d6eac6692e189	 200 0ms GET /json
[38;5;6m INFO[0m [04:05:40] 6955a08c9cd04e64973644ac39e18673	 200 0ms GET /json
[38;5;6m INFO[0m [04:05:40] 1b3c48d7d11b41b8bbd53a8764080430	 200 0ms GET /json
[38;5;6m INFO[0m [04:05:40] 85843ed5abb1402d953da0d5f84b12c8	 200 0ms GET /json
[38;5;6m INFO[0m [04:05:40] 2d222ce3808743298b2b4407782d3574	 200 0ms GET /json
[38;5;6m INFO[0m [04:05:40] 3e14925670094f45ab3f21c3351dbbfc	 200 0ms GET /json
[38;5;6m INFO[0m [04:05:40] b450e535890043a08cb2b627a2dbb3cf	 200 0ms GET /json
[38;5;6m INFO[0m [04:05:40] d9f0dd5f0469491fad095a51a2a905e6	 200 0ms GET /json
[38;5;6m INFO[0m [04:05:40] 38d2b3f4d4654c40980c744d34f2da5c	 200 0ms GET /json
[38;5;6m INFO[0m [04:05:40] e7f7ded8d98a4bbbb085ae43d6837d67	 200 0ms GET /json
[38;5;6m INFO[0m [04:05:40] b2f730b57625454ab95fd422e56a9548	 200 0ms GET /json
[38;5;6m INFO[0m [04:05:40] fc3bb134dacd44bd96c982e5b0adda7e	 200 0ms GET /json
[38;5;6m INFO[0m [04:05:40] 51cf7c0caf674a0781ad87d4cf778c41	 200 0ms GET /json
[38;5;6m INFO[0m [04:05:40] 574c5c6ec7c0466b85071a4c72d00572	 200 0ms GET /json
[38;5;6m INFO[0m [04:05:40] 693ab44e67754ae58259cf6c5293a97e	 200 0ms GET /json
[38;5;6m INFO[0m [04:05:40] 9fbd366f6c954e2cab520a73031bc795	 200 0ms GET /json
[38;5;6m INFO[0m [04:05:40] 9fbbf14b3d5e4327b6a8c140fdefc3da	 200 0ms GET /json
[38;5;6m INFO[0m [04:05:40] 90ce0bb2065a422c83fb481db391d4b7	 200 0ms GET /json
[38;5;6m INFO[0m [04:05:40] 8d37a28512d84ac4b71285bf3806cad4	 200 0ms GET /json
[38;5;6m INFO[0m [04:05:40] 58ada93f7c0c4b4fbd1e012776dcb761	 200 0ms GET /json
[38;5;6m INFO[0m [04:05:40] 7bfc177fdf7a48c18766a23c014760a9	 200 0ms GET /json
[38;5;6m INFO[0m [04:05:40] d97c5ef8982644e1a6902c3f5f4b5192	 200 0ms GET /json
[38;5;6m INFO[0m [04:05:40] 1dc177c67be745f78f2f655435622418	 200 0ms GET /json
[38;5;6m INFO[0m [04:05:40] 97134d6033924331a280a3721238a3ca	 200 0ms GET /json
[38;5;6m INFO[0m [04:05:40] e3e6a97ad4ca459bbd01758776321ebd	 200 0ms GET /json
[38;5;6m INFO[0m [04:05:40] e5e48a27855a4d588edbf7154e38a393	 200 0ms GET /json
[38;5;6m INFO[0m [04:05:40] 38f24593aada4600a1fcbf9f2daa4fba	 200 0ms GET /json
[38;5;6m INFO[0m [04:05:40] 7fb892bcd4e74f24bf87e0dd08ddc947	 200 0ms GET /json
[38;5;6m INFO[0m [04:05:40] 49c8747f979c44639da0d5f8f85fa22c	 200 0ms GET /json
[38;5;6m INFO[0m [04:05:40] db874eaa44a3478da2312e601d36c6e3	 200 0ms GET /json
[38;5;6m INFO[0m [04:05:40] 3341cc8c329b4a49871e35f0c9c85f32	 200 0ms GET /json
[38;5;6m INFO[0m [04:05:40] 3cde832ec9c84495b25d4c1b1c51d968	 200 0ms GET /json
[38;5;6m INFO[0m [04:05:40] f7f4768eee6348f48edec6796c7c4e30	 200 0ms GET /json
[38;5;6m INFO[0m [04:05:40] aa0d86be5fed483a8845fbcfa3ea8109	 200 0ms GET /json
[38;5;6m INFO[0m [04:05:40] f70b9cc18571408c81839bd2ae5ce44c	 200 0ms GET /json
[38;5;6m INFO[0m [04:05:40] 053cb5d5221441738c2de097c75dbf2a	 200 0ms GET /json
[38;5;6m INFO[0m [04:05:40] 7ea579bcd91e448baf11ef061f0a3764	 200 0ms GET /json
[38;5;6m INFO[0m [04:05:40] 9f5dac0d2ce34bfa8cd76f1d129added	 200 0ms GET /json
[38;5;6m INFO[0m [04:05:40] 4963af80cc8d4305b3dfbd1673708a58	 200 0ms GET /json
[38;5;6m INFO[0m [04:05:40] cbf643cace3f4677aa3a6431060b0022	 200 0ms GET /json
[38;5;6m INFO[0m [04:05:40] e476ef00fddb4c53a6136a70ae49d1e3	 200 0ms GET /json
[38;5;6m INFO[0m [04:05:40] f0730b77e4ef467392fa90bb3ba519f3	 200 0ms GET /json
[38;5;6m INFO[0m [04:05:40] ed73ead2fde245729e4762a0512d3030	 200 0ms GET /json
[38;5;6m INFO[0m [04:05:40] e178c932758e44d2a1aa5f88c7ae8177	 200 0ms GET /json
[38;5;6m INFO[0m [04:05:40] f4a4b6f581c544888e76a336cf785dc6	 200 0ms GET /json
[38;5;6m INFO[0m [04:05:40] 81ea0b923d204a75bf6ddb4676da9208	 200 0ms GET /json
[38;5;6m INFO[0m [04:05:40] 70b89697deb5466794502ad92a749b4e	 200 0ms GET /json
[38;5;6m INFO[0m [04:05:40] c43a33e9fdc14b5991cc1d197dc1aaa7	 200 0ms GET /json
[38;5;6m INFO[0m [04:05:40] fa9049a46f864a0ab2b7bde23794550c	 200 0ms GET /json
[38;5;6m INFO[0m [04:05:40] 5177fd2b6ffc4311a81ac85d4601fb4b	 200 0ms GET /json
[38;5;6m INFO[0m [04:05:40] 4f82c83e03e34f51bd3b05810a4f4adb	 200 0ms GET /json
[38;5;6m INFO[0m [04:05:40] 30cf5f37807541398735bd047ccdcbc3	 200 0ms GET /json
[38;5;6m INFO[0m [04:05:40] 2b16b27ea0ac454c9a7f31b92baf56a7	 200 0ms GET /json
[38;5;6m INFO[0m [04:05:40] 8705d3496fc94a0b8e0c7de4d89f4a89	 200 0ms GET /json
[38;5;6m INFO[0m [04:05:40] 33b420fe8caf42aa9913369dc80d1017	 200 0ms GET /json
[38;5;6m INFO[0m [04:05:40] c345d838f8be41d19666dce8d870a222	 200 0ms GET /json
[38;5;6m INFO[0m [04:05:40] b15785ae1a504bf7950907de765f9920	 200 0ms GET /json
[38;5;6m INFO[0m [04:05:40] 3522ccd621f442f1b4772f2e580dd9d2	 200 0ms GET /json
[38;5;6m INFO[0m [04:05:40] 1f87b475528244ffabe5812dabddd693	 200 0ms GET /json
[38;5;6m INFO[0m [04:05:40] cb18e6643a504480bd8a2d74c6e76125	 200 0ms GET /json
[38;5;6m INFO[0m [04:05:40] 53383ee2b9e64f79930b41ac9c903b2c	 200 0ms GET /json
[38;5;6m INFO[0m [04:05:40] 0d717d8030fe4c97b908faae974acd05	 200 0ms GET /json
[38;5;6m INFO[0m [04:05:40] d92ba7e566034a959b8e57cb6e9bcbd2	 200 0ms GET /json
[38;5;6m INFO[0m [04:05:40] 973c20f9c95941e7903447b9213920c0	 200 0ms GET /json
[38;5;6m INFO[0m [04:05:40] 3d72383b29774320a48d2db06c402276	 200 0ms GET /json
[38;5;6m INFO[0m [04:05:40] e1cf5962a757407a8b3698dbcf2a9926	 200 0ms GET /json
[38;5;6m INFO[0m [04:05:40] 8fb9114e1fc44444846f57bfbb477ad0	 200 0ms GET /json
[38;5;6m INFO[0m [04:05:40] 1fbc608a9ee34c77a0924b194eff3f10	 200 0ms GET /json
[38;5;6m INFO[0m [04:05:40] a628fca8a5dc4cb097c44bf15e0e7567	 200 0ms GET /json
[38;5;6m INFO[0m [04:05:40] 797ee90d073644d293f16467fb34db89	 200 0ms GET /json
[38;5;6m INFO[0m [04:05:40] 26997b58320d40b8a85b15bddf298f0d	 200 0ms GET /json
[38;5;6m INFO[0m [04:05:40] 26e997be4b234fe4a818b0a1c6bea71f	 200 0ms GET /json
[38;5;6m INFO[0m [04:05:40] b701aedbf3ad473f9def05cd005dd1fd	 200 0ms GET /json
[38;5;6m INFO[0m [04:05:40] 74ec49bf9f7d4e6192b697ef3717f0c3	 200 0ms GET /json
[38;5;6m INFO[0m [04:05:40] 76c418ffdd5746d5b6466e8ddf9359bf	 200 0ms GET /json
[38;5;6m INFO[0m [04:05:40] f01e5e19fe4d4bcd9c014d050912272f	 200 0ms GET /json
[38;5;6m INFO[0m [04:05:40] 6b3b2f9e7bbb4e1599a468fb6e167f7d	 200 0ms GET /json
[38;5;6m INFO[0m [04:05:40] 1f4bf5e6ca694de7b625cbe4a59ce136	 200 0ms GET /json
[38;5;6m INFO[0m [04:05:40] 20622721048c4a0690ca277436a772a5	 200 0ms GET /json
[38;5;6m INFO[0m [04:05:40] 6cf31c5431e448baaebdc89302b81718	 200 0ms GET /json
[38;5;6m INFO[0m [04:05:40] 06dd52e0deef4ec1b2b84afd2eed78c6	 200 0ms GET /json
[38;5;6m INFO[0m [04:05:40] 43cba82b159b4a5087ebadbc9909f9d4	 200 0ms GET /json
[38;5;6m INFO[0m [04:05:40] 67108f5a5ecb431b9442e9946aa49e78	 200 0ms GET /json
[38;5;6m INFO[0m [04:05:40] a504811dd62c40a092edb71a41691366	 200 0ms GET /json
[38;5;6m INFO[0m [04:05:40] 0c89fb82038845fa806d090492454ac1	 200 0ms GET /json
[38;5;6m INFO[0m [04:05:40] 76dd93c7c4a344d4b4f2e9ab9e3ce75a	 200 0ms GET /json
[38;5;6m INFO[0m [04:05:40] 51d8f39316964144a39d436f396d265c	 200 0ms GET /json
[38;5;6m INFO[0m [04:05:40] d60ec6742809419194711d49d16482e1	 200 0ms GET /json
[38;5;6m INFO[0m [04:05:40] 1cf499bc484442a0810c53d016f9bf90	 200 0ms GET /json
[38;5;6m INFO[0m [04:05:40] 75087d8eddb74e3490b842fef880ed46	 200 0ms GET /json
[38;5;6m INFO[0m [04:05:40] fda6026531af4c48aed08ae48386ce22	 200 0ms GET /json
[38;5;6m INFO[0m [04:05:40] 7ea3df82f9a54772a9cb646bc4799224	 200 0ms GET /json
[38;5;6m INFO[0m [04:05:40] 79f24e7ae4cb42a689fe4f2a58a5f0a6	 200 0ms GET /json
[38;5;6m INFO[0m [04:05:40] 6a5fe47f787644da9d0276d3c5808551	 200 0ms GET /json
[38;5;6m INFO[0m [04:05:40] 6da1ee846f7548cc92e968cc952be0bd	 200 0ms GET /json
[38;5;6m INFO[0m [04:05:40] 9b5ded3e9c334e8bbc0a189b9d958acc	 200 0ms GET /json
[38;5;6m INFO[0m [04:05:40] 44e8e1551c684d9394d5142b141d64b8	 200 0ms GET /json
[38;5;6m INFO[0m [04:05:40] 54ba71b4d85c40f894d4340704bdcc46	 200 0ms GET /json
[38;5;6m INFO[0m [04:05:40] 2ca03a7d15634d68a35c31fd54ad40d0	 200 0ms GET /json
[38;5;6m INFO[0m [04:05:40] 9fec3249644d45ea88cb370a80aea652	 200 0ms GET /json
[38;5;6m INFO[0m [04:05:40] 7353fb4aac86470cb5a3a18d7a7bdf2a	 200 0ms GET /json
[38;5;6m INFO[0m [04:05:40] 3f875787d4d44a42ae0a989465674039	 200 0ms GET /json
[38;5;6m INFO[0m [04:05:40] 23d05fbecad34cd58c9a187415e49a27	 200 0ms GET /json
[38;5;6m INFO[0m [04:05:40] 8843b32b1c4a4240b0ab2783952f91ab	 200 0ms GET /json
[38;5;6m INFO[0m [04:05:40] 68aced6989834aef89fa65388adeb151	 200 0ms GET /json
[38;5;6m INFO[0m [04:05:40] 07589fad1cd649d9a15056a3961760e1	 200 0ms GET /json
[38;5;6m INFO[0m [04:05:40] de1d0333494147b5a8d47a38e2399b1b	 200 0ms GET /json
[38;5;6m INFO[0m [04:05:40] 849e42d078444bca953df75367492673	 200 0ms GET /json
[38;5;6m INFO[0m [04:05:40] d19afc49c7e44594ab1236fba451ce54	 200 0ms GET /json
[38;5;6m INFO[0m [04:05:40] d7ad5e9ba3e24388b13d56d1bee4425b	 200 0ms GET /json
[38;5;6m INFO[0m [04:05:40] 53cccff0a6124e15bcdb3556ff8d0354	 200 0ms GET /json
[38;5;6m INFO[0m [04:05:40] 152aec76dc3440c990beb3952f544956	 200 0ms GET /json
[38;5;6m INFO[0m [04:05:40] 9b316c43adb240c5a9b69fd8d52ef6d7	 200 0ms GET /json
[38;5;6m INFO[0m [04:05:40] 0f1cd153fd7d4e21b2cc7bb69d7fa0d0	 200 0ms GET /json
[38;5;6m INFO[0m [04:05:40] a513a4e989cb4c4495123a0aebedc235	 200 0ms GET /json
[38;5;6m INFO[0m [04:05:40] 0ae930762aa348e490632c3f33db2c9d	 200 0ms GET /json
[38;5;6m INFO[0m [04:05:40] 874e37cf77cd42db9ce0572ff9c51fb6	 200 0ms GET /json
[38;5;6m INFO[0m [04:05:40] c574c0c2353d4c248f1058c3f4c27629	 200 0ms GET /json
[38;5;6m INFO[0m [04:05:40] f2ae9327adea4ee78982544ed7ae24a6	 200 0ms GET /json
[38;5;6m INFO[0m [04:05:40] 27cf781c934645d8852481e413939308	 200 0ms GET /json
[38;5;6m INFO[0m [04:05:40] aa2f372ccc234aadabef612579573ccf	 200 0ms GET /json
[38;5;6m INFO[0m [04:05:40] 2f13df8721c14b3195c854aaa1ef21c7	 200 0ms GET /json
[38;5;6m INFO[0m [04:05:40] 9d13336c967b4c209c911442e463c172	 200 0ms GET /json
[38;5;6m INFO[0m [04:05:40] a94152cb08694a6091850d455f80ea47	 200 0ms GET /json
[38;5;6m INFO[0m [04:05:40] d7faf254a1bd4eb3b029ea4b85946bd3	 200 0ms GET /json
[38;5;6m INFO[0m [04:05:40] 0dde2fda96a14be38b794023ec558f32	 200 0ms GET /json
[38;5;6m INFO[0m [04:05:40] a41802b2bc5a453b864863f5de5eaec0	 200 0ms GET /json
[38;5;6m INFO[0m [04:05:40] 520bf32569e14b36a46233a25ab50b24	 200 0ms GET /json
[38;5;6m INFO[0m [04:05:40] f0b5eceb759c41b0997d0a3296c60f33	 200 0ms GET /json
[38;5;6m INFO[0m [04:05:40] 7fcb719c55b14a3eb67819dbf028d211	 200 0ms GET /json
[38;5;6m INFO[0m [04:05:40] 4189510217f3433eb743204a6e82e12c	 200 0ms GET /json
[38;5;6m INFO[0m [04:05:40] d72414093e7d433bb8a63c8d8193a1b9	 200 0ms GET /json
[38;5;6m INFO[0m [04:05:40] c828f9c7d2f44ce0a37d1a6d340c7f65	 200 0ms GET /json
[38;5;6m INFO[0m [04:05:40] 5aad0ae7a3b643318e464271dcd36874	 200 0ms GET /json
[38;5;6m INFO[0m [04:05:40] 1c61b805fb584214827cdb2fe126e699	 200 0ms GET /json
[38;5;6m INFO[0m [04:05:40] 034295901d294da3a56c6c1186a29113	 200 0ms GET /json
[38;5;6m INFO[0m [04:05:40] dd5aa242c48e4d8b91d070b1e8288fea	 200 0ms GET /json
[38;5;6m INFO[0m [04:05:40] 0de9afa5f97a420482fb9d9119843079	 200 0ms GET /json
[38;5;6m INFO[0m [04:05:40] 230645e1be254b64b0ada6df9cc945be	 200 0ms GET /json
[38;5;6m INFO[0m [04:05:40] 0f0392778bfe4d0eb0b027ce641ef5d5	 200 0ms GET /json
[38;5;6m INFO[0m [04:05:40] 69a73ee9055143f2802b8c7a9284d499	 200 0ms GET /json
[38;5;6m INFO[0m [04:05:40] ca1f5b78c20a4d529c477634c59ae202	 200 0ms GET /json
[38;5;6m INFO[0m [04:05:40] 351d45190cd54c218966fe1a9b1312d7	 200 0ms GET /json
[38;5;6m INFO[0m [04:05:40] acbed5bfc8bc43dc9b2561301b1b97a0	 200 0ms GET /json
[38;5;6m INFO[0m [04:05:40] 3826045483dc456eb72d8d0755b4d47c	 200 0ms GET /json
[38;5;6m INFO[0m [04:05:40] 4c179123c33144d8bac344c4a13efc48	 200 0ms GET /json
[38;5;6m INFO[0m [04:05:40] 4ba11dfda13443abb5693ea401f03388	 200 0ms GET /json
[38;5;6m INFO[0m [04:05:40] ca15ef4ed4c14d6ab7ba473c885fe598	 200 0ms GET /json
[38;5;6m INFO[0m [04:05:40] 96bbe85be0b74114bfb6c073caf2ab45	 200 0ms GET /json
[38;5;6m INFO[0m [04:05:40] 8bf5bfd5a3d14898a39612f25c6d7575	 200 0ms GET /json
[38;5;6m INFO[0m [04:05:40] e399100ae5f24232b23e79028cb75250	 200 0ms GET /json
[38;5;6m INFO[0m [04:05:40] e45a4ba42aad4c1ba6a7d757d8e792b8	 200 0ms GET /json
[38;5;6m INFO[0m [04:05:40] 3f38e581ee424e668c958216d333b5d5	 200 0ms GET /json
[38;5;6m INFO[0m [04:05:40] 699e9c68988d4b609ab32dd59960914f	 200 0ms GET /json
[38;5;6m INFO[0m [04:05:40] 4bb5a5e746784c26af8b2748e00a68ab	 200 0ms GET /json
[38;5;6m INFO[0m [04:05:40] 23a1382032a54674b4d42b5f078eae3b	 200 0ms GET /json
[38;5;6m INFO[0m [04:05:40] 43983f32e891439ea1889bd1e590fe8e	 200 0ms GET /json
[38;5;6m INFO[0m [04:05:40] 1cc657117b124f1f89f9de530a532f7f	 200 0ms GET /json
[38;5;6m INFO[0m [04:05:40] 48f70bb0dd334e17815e43381d2043b6	 200 0ms GET /json
[38;5;6m INFO[0m [04:05:40] 2cadf49e14c64ef09276ab790bc824a1	 200 0ms GET /json
[38;5;6m INFO[0m [04:05:40] 9fb6bc8f0aed44178ce4cb2d976e55cf	 200 0ms GET /json
[38;5;6m INFO[0m [04:05:40] 71826d903f9b49498505aace870e996d	 200 0ms GET /json
[38;5;6m INFO[0m [04:05:40] 5020450eb29541e48de4b7f4df50a749	 200 0ms GET /json
[38;5;6m INFO[0m [04:05:40] 213138f976ff47cb9f5b68254e836e47	 200 0ms GET /json
[38;5;6m INFO[0m [04:05:40] 12eb5b8d88f2432eb415a5123b04de5b	 200 0ms GET /json
[38;5;6m INFO[0m [04:05:40] 8cdfc068d2e24b259cec4c5644f4adf5	 200 0ms GET /json
[38;5;6m INFO[0m [04:05:40] bde4fa74557a4c869f3d2e606f02ec89	 200 0ms GET /json
[38;5;6m INFO[0m [04:05:40] a07fe34689e145b8b4e9cd365891571c	 200 0ms GET /json
[38;5;6m INFO[0m [04:05:40] 11ca175fe6d24b40b04c0b11ce46f6d1	 200 0ms GET /json
[38;5;6m INFO[0m [04:05:40] 8f442a70aa5e48d7bc1725278e15aefe	 200 0ms GET /json
[38;5;6m INFO[0m [04:05:40] 6b5b9d2c34484dc6946c58b8e2b30d9b	 200 0ms GET /json
[38;5;6m INFO[0m [04:05:40] adf890cb7deb4033bb944a669c0af5c6	 200 0ms GET /json
[38;5;6m INFO[0m [04:05:40] 93b4da2a2cc04fcca658e835e7e07161	 200 0ms GET /json
[38;5;6m INFO[0m [04:05:40] 5a83bbd8d785425a914b955da5191c5f	 200 0ms GET /json
[38;5;6m INFO[0m [04:05:40] fd6ed4072fc54ad6a9c9d9f5d96e6f60	 200 0ms GET /json
[38;5;6m INFO[0m [04:05:40] 8bffda1dd7134c88bc503ce83a24de1b	 200 0ms GET /json
[38;5;6m INFO[0m [04:05:40] 093f9a117c3e492b893b2af0ceb4c0a3	 200 0ms GET /json
[38;5;6m INFO[0m [04:05:40] 5534761708ee46cc969c1047a5dd09e3	 200 0ms GET /json
[38;5;6m INFO[0m [04:05:40] 21550ed174ac49fd96296846cc215bb5	 200 0ms GET /json
[38;5;6m INFO[0m [04:05:40] e3a586f378064d3e82eda4a919f1321e	 200 0ms GET /json
[38;5;6m INFO[0m [04:05:40] 49ec6f70a1c34905ad2c09fc2594d4b7	 200 0ms GET /json
[38;5;6m INFO[0m [04:05:40] 009e106f2cdb403cab494df94d8dded9	 200 0ms GET /json
[38;5;6m INFO[0m [04:05:40] 6de656f9147447b0ad4d73fa978504cf	 200 0ms GET /json
[38;5;6m INFO[0m [04:05:40] 64c7b0493f14489da9ba9c18e43f369e	 200 0ms GET /json
[38;5;6m INFO[0m [04:05:40] cf8e0d41282b4dada22ff3a1f71bed97	 200 0ms GET /json
[38;5;6m INFO[0m [04:05:40] fd25515c6cd04f218037fbe33a69cdd0	 200 0ms GET /json
[38;5;6m INFO[0m [04:05:40] 82f271594b8c43d48c609afc898d3080	 200 0ms GET /json
[38;5;6m INFO[0m [04:05:40] 3405e292ce9f4b108861de958fc190e3	 200 0ms GET /json
[38;5;6m INFO[0m [04:05:42] cd464ab86f4c400d907998a75416abfb	 200 0ms GET /json
[38;5;6m INFO[0m [04:05:42] c3ec10f85b66428894880362c1799a91	 200 0ms GET /json
[38;5;6m INFO[0m [04:05:42] 624198cda6464583a4423c40cac42151	 200 0ms GET /json
[38;5;6m INFO[0m [04:05:42] 175eb90c824d423aa41c5233bb6b8dc8	 200 0ms GET /json
[38;5;6m INFO[0m [04:05:42] 861a3f5faf80492aa9e5aa3ee83a9498	 200 0ms GET /json
[38;5;6m INFO[0m [04:05:42] acf2ebea8672483a96a56fa036c1bdf9	 200 0ms GET /json
[38;5;6m INFO[0m [04:05:42] 78fb7776801447f0833e9d49ad2ad59c	 200 0ms GET /json
[38;5;6m INFO[0m [04:05:42] c93ebf853807403fb9d2e1f0f94e0beb	 200 0ms GET /json
[38;5;6m INFO[0m [04:05:42] 5e95fa92d52245baa207a56587ca7697	 200 0ms GET /json
[38;5;6m INFO[0m [04:05:42] 49437d0808724c0c832d97e1f543d2df	 200 0ms GET /json
[38;5;6m INFO[0m [04:05:42] 51c2199ae15d48a1a6b02d320ac8126e	 200 0ms GET /json
[38;5;6m INFO[0m [04:05:42] fb784d0a0c834730b27dddfea660ef79	 200 0ms GET /json
[38;5;6m INFO[0m [04:05:42] 68f2e2f33f854b7d81ab4404895e445e	 200 0ms GET /json
[38;5;6m INFO[0m [04:05:42] 3ce1a842f6084392a82d0dc881a60b41	 200 0ms GET /json
[38;5;6m INFO[0m [04:05:42] 8702982190f54b5f9d8137d5a08116cf	 200 0ms GET /json
[38;5;6m INFO[0m [04:05:42] 4ce33c5ffde848fa8618bb04b183978e	 200 0ms GET /json
[38;5;6m INFO[0m [04:05:42] 1163090a10af4dec9865d245179b3844	 200 0ms GET /json
[38;5;6m INFO[0m [04:05:42] 24f8f102e5d3446184a07a5433e54912	 200 0ms GET /json
[38;5;6m INFO[0m [04:05:42] 6d2234403eab46bd8a2c1a253d5c21f6	 200 0ms GET /json
[38;5;6m INFO[0m [04:05:42] 596b4a335ab94175a1453ffde74b80b5	 200 0ms GET /json
[38;5;6m INFO[0m [04:05:42] 88ecd9ba764b4138939d11699387301f	 200 0ms GET /json
[38;5;6m INFO[0m [04:05:42] d5505cfdd38b49fdbaa218d394201fac	 200 0ms GET /json
[38;5;6m INFO[0m [04:05:42] 5986d853b7e54a17911efff73e84e137	 200 0ms GET /json
[38;5;6m INFO[0m [04:05:42] 1a35d32b71c7439682c552dc5c4781c0	 200 0ms GET /json
[38;5;6m INFO[0m [04:05:42] c4bcc881461c48678c26ac1ee4e562cc	 200 0ms GET /json
[38;5;6m INFO[0m [04:05:42] ed7811e47c264529aa8d5c296cc4334a	 200 0ms GET /json
[38;5;6m INFO[0m [04:05:42] 6f03ee9215ba4190ad43017562c93bd8	 200 0ms GET /json
[38;5;6m INFO[0m [04:05:42] c76d5f12ab4b47439cf2f7e7583c62c3	 200 0ms GET /json
[38;5;6m INFO[0m [04:05:42] 230f00f98ade4e78ab5b80e32e065a48	 200 0ms GET /json
[38;5;6m INFO[0m [04:05:42] b88d61079bb845d39d73b5410e8cb693	 200 0ms GET /json
[38;5;6m INFO[0m [04:05:42] b4ce604d7e154feb928cf2eeaa6e7366	 200 0ms GET /json
[38;5;6m INFO[0m [04:05:42] 9ae183099e664beeac73932bac3f9308	 200 0ms GET /json
[38;5;6m INFO[0m [04:05:42] dc0a097e468e40deb7ad6e7fb12850cf	 200 0ms GET /json
[38;5;6m INFO[0m [04:05:42] fa3e8302e24e45c5b4c6c56c7070a43a	 200 0ms GET /json
[38;5;6m INFO[0m [04:05:42] 4d1cf7ce224a478ba28f470e1d367ff6	 200 0ms GET /json
[38;5;6m INFO[0m [04:05:42] d6c9c5e7e44147069732552d62791ee7	 200 0ms GET /json
[38;5;6m INFO[0m [04:05:42] 12263779b28649fab6387ddde273ef82	 200 0ms GET /json
[38;5;6m INFO[0m [04:05:42] 2cc56354687348828a41ba970986b7ce	 200 0ms GET /json
[38;5;6m INFO[0m [04:05:42] d9994d69eb0c48ebb8542ad9513c8759	 200 0ms GET /json
[38;5;6m INFO[0m [04:05:42] f36049cdcb7a49d2b951cfb1f0319c33	 200 0ms GET /json
[38;5;6m INFO[0m [04:05:42] c7cde062e23b4396ab13d3d992b4cf11	 200 0ms GET /json
[38;5;6m INFO[0m [04:05:42] f0708f8b1eca4280980fae6642c09e86	 200 0ms GET /json
[38;5;6m INFO[0m [04:05:42] a619ce696c1c4c139045e189829bd9b8	 200 0ms GET /json
[38;5;6m INFO[0m [04:05:42] 8f68dff373424371a3bb7c8a2c7edd38	 200 0ms GET /json
[38;5;6m INFO[0m [04:05:42] 208feb17ed0040bbb9e592791633704b	 200 0ms GET /json
[38;5;6m INFO[0m [04:05:42] e6d1a98906dd475496568ae8dfef526e	 200 0ms GET /json
[38;5;6m INFO[0m [04:05:42] 2c9375d5377d4240bf073ab9cbce2da6	 200 0ms GET /json
[38;5;6m INFO[0m [04:05:42] cd876ce32efa401d9f7fc3393e14c747	 200 0ms GET /json
[38;5;6m INFO[0m [04:05:42] e530811bd9b94ffb88f7e291ae1acb56	 200 0ms GET /json
[38;5;6m INFO[0m [04:05:42] b286b1eada4f4d68a307339e61af9c67	 200 0ms GET /json
[38;5;6m INFO[0m [04:05:42] 55411c4a77334dc8bd67e7f8f966315b	 200 0ms GET /json
[38;5;6m INFO[0m [04:05:42] d3476081baca477e8cb3e2e001d4b0c3	 200 0ms GET /json
[38;5;6m INFO[0m [04:05:42] 55ff5674b5db4a028d0202bc95a43050	 200 0ms GET /json
[38;5;6m INFO[0m [04:05:42] 4dde8888a0a640ed83f9aa538a3dba51	 200 0ms GET /json
[38;5;6m INFO[0m [04:05:42] 47fab1034cb241f18b9e580acf39a7e0	 200 0ms GET /json
[38;5;6m INFO[0m [04:05:42] 7b7cee8e26ee4983a3c6d2c6a9300ee0	 200 0ms GET /json
[38;5;6m INFO[0m [04:05:42] 1d6b814ec8bc47f68ab010a6a6305221	 200 0ms GET /json
[38;5;6m INFO[0m [04:05:42] 0a45d34645a24155b750d357ea2eb84c	 200 0ms GET /json
[38;5;6m INFO[0m [04:05:42] 3820e0e6a86d433c8d3044bacd6afdc7	 200 0ms GET /json
[38;5;6m INFO[0m [04:05:42] a0318b57349848cba77e562c02c92331	 200 0ms GET /json
[38;5;6m INFO[0m [04:05:42] b7fbd96ccf4a425ab25bd92e79457f61	 200 0ms GET /json
[38;5;6m INFO[0m [04:05:42] f23e5c5118724540900901a3aef6561f	 200 0ms GET /json
[38;5;6m INFO[0m [04:05:42] f37137317ad84bafb2cf7d107fed3fdd	 200 0ms GET /json
[38;5;6m INFO[0m [04:05:42] 76de685a75484b3d8717dace4ee6a520	 200 0ms GET /json
[38;5;6m INFO[0m [04:05:42] 536a90d4a850443f92232a9d620dad5c	 200 0ms GET /json
[38;5;6m INFO[0m [04:05:42] f7650ffb506b4f5c99a755201e4522af	 200 0ms GET /json
[38;5;6m INFO[0m [04:05:42] 5416b3a03dea42d2a5a554c89a339625	 200 0ms GET /json
[38;5;6m INFO[0m [04:05:42] a1adae7a6dbd41f5a2a1d06e4700201a	 200 0ms GET /json
[38;5;6m INFO[0m [04:05:42] 12da2deb75c544ffbb52099fab0a4f8a	 200 0ms GET /json
[38;5;6m INFO[0m [04:05:42] ffbd5f8baa8f44189a012fd8b156b951	 200 0ms GET /json
[38;5;6m INFO[0m [04:05:42] f9ee86b51db94f7bb9a5665de1a7d836	 200 0ms GET /json
[38;5;6m INFO[0m [04:05:42] c065368e8ce44dafae84199e744ea98f	 200 0ms GET /json
[38;5;6m INFO[0m [04:05:42] deca59e54e174998b5458501bb7d6c74	 200 0ms GET /json
[38;5;6m INFO[0m [04:05:42] 87768834f1ac41798e58ac647355fb61	 200 0ms GET /json
[38;5;6m INFO[0m [04:05:42] cb039ec218924c8e850d231237c46733	 200 0ms GET /json
[38;5;6m INFO[0m [04:05:42] 66c6a07a94264cb09d500c11feb10cfb	 200 0ms GET /json
[38;5;6m INFO[0m [04:05:42] 2b8a71e9b4c4405ab42127f304a31dc2	 200 0ms GET /json
[38;5;6m INFO[0m [04:05:42] f14767e0c59f4e12ba4d09144f7f8e57	 200 0ms GET /json
[38;5;6m INFO[0m [04:05:42] 42c5047c0a24443181d286bb4034c323	 200 0ms GET /json
[38;5;6m INFO[0m [04:05:42] 5f21f8ed679f49ab86c5836d78269023	 200 0ms GET /json
[38;5;6m INFO[0m [04:05:42] 0bd70fc505fa497690582b5ca69f2928	 200 0ms GET /json
[38;5;6m INFO[0m [04:05:42] 927abefbd0974f989e52722f5c4b72a2	 200 0ms GET /json
[38;5;6m INFO[0m [04:05:42] 1d99a5b2447241abbd4a35bb8b85d790	 200 0ms GET /json
[38;5;6m INFO[0m [04:05:42] c6732534f09743009c0a4281b8058894	 200 0ms GET /json
[38;5;6m INFO[0m [04:05:42] 433b343a9c774dfdac701359de4b8637	 200 0ms GET /json
[38;5;6m INFO[0m [04:05:42] dfce71556dd443afbf9c31b956942cc8	 200 0ms GET /json
[38;5;6m INFO[0m [04:05:42] 85c5f952675b4479af404156b43636a3	 200 0ms GET /json
[38;5;6m INFO[0m [04:05:42] e73e9b5fb9ac424a8bb784e7cda3d852	 200 0ms GET /json
[38;5;6m INFO[0m [04:05:42] d47f3b1dbacd48eca51cfbab6942575e	 200 0ms GET /json
[38;5;6m INFO[0m [04:05:42] 6bb96012463547609501b170abdd2824	 200 0ms GET /json
[38;5;6m INFO[0m [04:05:42] a85fc8463f9d4e5190d8013e31f8e181	 200 0ms GET /json
[38;5;6m INFO[0m [04:05:42] ffeac1ad65124cdeb25596c5328d1cad	 200 0ms GET /json
[38;5;6m INFO[0m [04:05:42] 4d9c47da29a34941bf9eb86c47b957d1	 200 0ms GET /json
[38;5;6m INFO[0m [04:05:42] 750af564fe9c4025a9b6485cab751c3b	 200 0ms GET /json
[38;5;6m INFO[0m [04:05:42] f1b200fa06234391a44c7f69f45d8878	 200 0ms GET /json
[38;5;6m INFO[0m [04:05:42] 6ceb4117877d41dba4c34a0cd29cce49	 200 0ms GET /json
[38;5;6m INFO[0m [04:05:42] e7291be5bf7846ed92cecfaa57d501f1	 200 0ms GET /json
[38;5;6m INFO[0m [04:05:42] bc31cd79b9d3453f9b69898641f0153a	 200 0ms GET /json
[38;5;6m INFO[0m [04:05:42] 7c42a4d4e7994456aaf32041884c2d38	 200 0ms GET /json
[38;5;6m INFO[0m [04:05:42] ae2ea63820cc484b9e1f6699a09a2749	 200 0ms GET /json
[38;5;6m INFO[0m [04:05:42] 4be7d89d3d7741289aad1eae37c6b1b9	 200 0ms GET /json
[38;5;6m INFO[0m [04:05:42] 82264a3c6c37463c9507399a3f84289d	 200 0ms GET /json
[38;5;6m INFO[0m [04:05:42] 681c5d4c19f84a90ace5f8f319f72183	 200 0ms GET /json
[38;5;6m INFO[0m [04:05:42] 8bb61eb1bfe74c46b67aa92b39cebdc1	 200 0ms GET /json
[38;5;6m INFO[0m [04:05:42] 85af42d1b65f435cb77892b0f8644465	 200 0ms GET /json
[38;5;6m INFO[0m [04:05:42] 365f54ab9946457eadb9ab416da59d4c	 200 0ms GET /json
[38;5;6m INFO[0m [04:05:42] adfcafff768a40a5bfbbafd12552be7d	 200 0ms GET /json
[38;5;6m INFO[0m [04:05:42] e06a0c2fd81b49d8b82b115685d0146d	 200 0ms GET /json
[38;5;6m INFO[0m [04:05:42] 9b11b2d6ceed42038796926e3c07076d	 200 0ms GET /json
[38;5;6m INFO[0m [04:05:42] 3b2a974ab0a24fedb91f02b5996bb4be	 200 0ms GET /json
[38;5;6m INFO[0m [04:05:42] a2c9b17331b34d87a468760fa66ff48d	 200 0ms GET /json
[38;5;6m INFO[0m [04:05:42] f57ad159e1f7402c84fa8a6cafbf1c1f	 200 0ms GET /json
[38;5;6m INFO[0m [04:05:42] 7d26bc5558bd46dd8402428e5eb39eeb	 200 0ms GET /json
[38;5;6m INFO[0m [04:05:42] 02b8df7dc50c49069aa9f32dc83048e1	 200 0ms GET /json
[38;5;6m INFO[0m [04:05:42] dfac49dd94cf444bbf976b4a9d4b18a6	 200 0ms GET /json
[38;5;6m INFO[0m [04:05:42] 367f051acbc74f1fbf5499380914a9c6	 200 0ms GET /json
[38;5;6m INFO[0m [04:05:42] 78a7f1c3b8b24e6088b8717dce9345e3	 200 0ms GET /json
[38;5;6m INFO[0m [04:05:42] 1a50556311cd4715bc56bb290828ee2c	 200 0ms GET /json
[38;5;6m INFO[0m [04:05:42] 5c7ce3e013084b15bb4c6b219770ca82	 200 0ms GET /json
[38;5;6m INFO[0m [04:05:42] 5611edccce0b462da1e3d34b81526459	 200 0ms GET /json
[38;5;6m INFO[0m [04:05:42] d7656a73cd3e4f6b9d0c0e072dedcca5	 200 0ms GET /json
[38;5;6m INFO[0m [04:05:42] 2f3357b1bf6649e592f55c1e37c18d04	 200 0ms GET /json
[38;5;6m INFO[0m [04:05:42] 461bcf338f0945ba81bd18f097815e7a	 200 0ms GET /json
[38;5;6m INFO[0m [04:05:42] a98e0950aa724fa8b8f93ecb00f64ebf	 200 0ms GET /json
[38;5;6m INFO[0m [04:05:42] e07bcf56e4d54518b6dc58f09a24faf7	 200 0ms GET /json
[38;5;6m INFO[0m [04:05:42] 62ee7a0dc6824cffb99d9e8c077b72a3	 200 0ms GET /json
[38;5;6m INFO[0m [04:05:42] d9fb90f1a59a44b6a396bf3259fedc08	 200 0ms GET /json
[38;5;6m INFO[0m [04:05:42] ff87b74b63ed4391887ed2290224a9e4	 200 0ms GET /json
[38;5;6m INFO[0m [04:05:42] f4cfa9f4990440b9ac572c6b8a66f6b3	 200 0ms GET /json
[38;5;6m INFO[0m [04:05:42] e96236bc9e5a432eb6b56f0a695ad13b	 200 0ms GET /json
[38;5;6m INFO[0m [04:05:42] 568558d66c8e495fafeebcd482e1207a	 200 0ms GET /json
[38;5;6m INFO[0m [04:05:42] ae29729780eb433fbbe78722224ac955	 200 0ms GET /json
[38;5;6m INFO[0m [04:05:42] f7da7ebc0f66490fa156929864750fd8	 200 0ms GET /json
[38;5;6m INFO[0m [04:05:42] 96eaf1c1752f4b4ea51cb84983388225	 200 0ms GET /json
[38;5;6m INFO[0m [04:05:42] 58dbb00490d44f2ab427bde331ed3e40	 200 0ms GET /json
[38;5;6m INFO[0m [04:05:42] 234c1ca075a94cda9ce2b535c63b87b6	 200 0ms GET /json
[38;5;6m INFO[0m [04:05:42] e90fbed46373401c87d5e8dbdc21c041	 200 0ms GET /json
[38;5;6m INFO[0m [04:05:42] a68467b120e84b73a3478c54e1b9b986	 200 0ms GET /json
[38;5;6m INFO[0m [04:05:42] 05f217874cb64d458473c4addfacb402	 200 0ms GET /json
[38;5;6m INFO[0m [04:05:42] f9f7d7c8b88f4a32b623d3362a667eea	 200 0ms GET /json
[38;5;6m INFO[0m [04:05:42] 3e9eee2df4434161b162c0195eee37c7	 200 0ms GET /json
[38;5;6m INFO[0m [04:05:42] 0eec5d7f52b94fd08c958138052cdff2	 200 0ms GET /json
[38;5;6m INFO[0m [04:05:42] 3cacf5b4854e49a08c94c3bb16977b9e	 200 0ms GET /json
[38;5;6m INFO[0m [04:05:42] b6275bd446854491a8a8ff0738b04733	 200 0ms GET /json
[38;5;6m INFO[0m [04:05:42] a03f761997f749319002307b58974f6d	 200 0ms GET /json
[38;5;6m INFO[0m [04:05:42] e6a5291e39734906ab47552fca1534ce	 200 0ms GET /json
[38;5;6m INFO[0m [04:05:42] 107db483770e4984b116ff1e993db9e2	 200 0ms GET /json
[38;5;6m INFO[0m [04:05:42] ddc018ee2e194f318551aa9a49c25bf4	 200 0ms GET /json
[38;5;6m INFO[0m [04:05:42] 6170994833974c849bfe2d7adee26428	 200 0ms GET /json
[38;5;6m INFO[0m [04:05:42] 119efa36a6a042a7ba7e37dfb6f74737	 200 0ms GET /json
[38;5;6m INFO[0m [04:05:42] c1407232b863429c9c3c1cd1b4bb0488	 200 0ms GET /json
[38;5;6m INFO[0m [04:05:42] 35773c02304448ceb00188c4bdfe914f	 200 0ms GET /json
[38;5;6m INFO[0m [04:05:42] 5621e801abeb46b48e8d1bf5f777e6d7	 200 0ms GET /json
[38;5;6m INFO[0m [04:05:42] f8293cf24e034d969d2e6aae4653e831	 200 0ms GET /json
[38;5;6m INFO[0m [04:05:42] 5d9dd3b54d564dc1a8a21a84316e5319	 200 0ms GET /json
[38;5;6m INFO[0m [04:05:42] 1a6ee7077c8a4d2a811d10153c195be7	 200 0ms GET /json
[38;5;6m INFO[0m [04:05:42] b368f769e9344ec893b698ade4bc8bfc	 200 0ms GET /json
[38;5;6m INFO[0m [04:05:42] 3124761eb05f4fd08bd65930fd45de31	 200 0ms GET /json
[38;5;6m INFO[0m [04:05:42] 22d038d207d04dce8fa7e5418215319e	 200 0ms GET /json
[38;5;6m INFO[0m [04:05:42] f05dcbbd2acb4ad785f6795524701d27	 200 0ms GET /json
[38;5;6m INFO[0m [04:05:42] fa972643c4d547ec8711a338ca6d9f09	 200 0ms GET /json
[38;5;6m INFO[0m [04:05:42] ffc60714ab13400ba86bddd20b9239ae	 200 0ms GET /json
[38;5;6m INFO[0m [04:05:42] 7ee0b9f972264675990f98f9a4910010	 200 0ms GET /json
[38;5;6m INFO[0m [04:05:42] ab237c0956c64126a674b192a7ea3da2	 200 0ms GET /json
[38;5;6m INFO[0m [04:05:42] ecab972cf7d14722bf5ffd95a21a17df	 200 0ms GET /json
[38;5;6m INFO[0m [04:05:42] d8c0b874c35c46688b73e73a8ffb326e	 200 0ms GET /json
[38;5;6m INFO[0m [04:05:42] a4b5dcd371e143578d8f3f91c4668059	 200 0ms GET /json
[38;5;6m INFO[0m [04:05:42] bd191d94e3924c4089045b86005083f9	 200 0ms GET /json
[38;5;6m INFO[0m [04:05:42] 8b3104bc98c04b1583780cea1a4ada4c	 200 0ms GET /json
[38;5;6m INFO[0m [04:05:42] 5bce1e37f4474e40b2c4327cbb187211	 200 0ms GET /json
[38;5;6m INFO[0m [04:05:42] cf2667919abc412da59ce78979034dd7	 200 0ms GET /json
[38;5;6m INFO[0m [04:05:42] 709433b1acc34a7da50bb6d7c997a22c	 200 0ms GET /json
[38;5;6m INFO[0m [04:05:42] 512e467fd9d74ac28ed9b8c350c6102f	 200 0ms GET /json
[38;5;6m INFO[0m [04:05:42] 6b59d005a3294d6190443a1a82627503	 200 0ms GET /json
[38;5;6m INFO[0m [04:05:42] cf7a037df1f846e4a6a2f7b169c3e9af	 200 0ms GET /json
[38;5;6m INFO[0m [04:05:42] de00258480124a0f8d2dd55ec93a4563	 200 0ms GET /json
[38;5;6m INFO[0m [04:05:42] 17d3957786944d6e8625eb0f3caa4d54	 200 0ms GET /json
[38;5;6m INFO[0m [04:05:42] ae7eb9f6d46c44eba710309d66508954	 200 0ms GET /json
[38;5;6m INFO[0m [04:05:42] bed54efe180944a98ede4b6cff1a62b6	 200 0ms GET /json
[38;5;6m INFO[0m [04:05:42] 6dcd3e05d9ef4cf590fed6c209fa0808	 200 0ms GET /json
[38;5;6m INFO[0m [04:05:42] f94ad5ec2e7a4658813ccf26f609351a	 200 0ms GET /json
[38;5;6m INFO[0m [04:05:42] 9d9cbce195154679bfb216df391a497f	 200 0ms GET /json
[38;5;6m INFO[0m [04:05:42] 68a86a0cc2b24cfea917a8a8191b8455	 200 0ms GET /json
[38;5;6m INFO[0m [04:05:42] 29433fcacb7b475facff76e6d904884e	 200 0ms GET /json
[38;5;6m INFO[0m [04:05:42] f1a9b17900e848d697bcad6752e814d2	 200 0ms GET /json
[38;5;6m INFO[0m [04:05:42] 00051b4a15994bb18d789ce79ec382ce	 200 0ms GET /json
[38;5;6m INFO[0m [04:05:42] 6d294807923e48d99fc2fd24698cd716	 200 0ms GET /json
[38;5;6m INFO[0m [04:05:42] b88ae23f416947909fed083f178c8965	 200 0ms GET /json
[38;5;6m INFO[0m [04:05:42] 82b3adf7ea6f4d25b676c17312b62514	 200 0ms GET /json
[38;5;6m INFO[0m [04:05:42] b5075e0843af420b804aabad917139f7	 200 0ms GET /json
[38;5;6m INFO[0m [04:05:42] d37956d79f7e4e458cd075bf2910456a	 200 0ms GET /json
[38;5;6m INFO[0m [04:05:42] b1f281e5d35f47cd9dbff7ec045dff49	 200 0ms GET /json
[38;5;6m INFO[0m [04:05:42] 313eb029961f47c7ab108000845e0b81	 200 0ms GET /json
[38;5;6m INFO[0m [04:05:42] e0a4606b15904e64887205433ec3d0a8	 200 0ms GET /json
[38;5;6m INFO[0m [04:05:42] 60bdcbaad2354b00b55d8cf325b690aa	 200 0ms GET /json
[38;5;6m INFO[0m [04:05:42] e5721b3340374fe78b919ea3035d8ca0	 200 0ms GET /json
[38;5;6m INFO[0m [04:05:42] 936d942961c24ced9ca326f597ec5380	 200 0ms GET /json
[38;5;6m INFO[0m [04:05:42] 5f13385b71a64f509c2ae3095a047957	 200 0ms GET /json
[38;5;6m INFO[0m [04:05:42] f875bb4a016b4940aeeea05c3f0b449a	 200 0ms GET /json
[38;5;6m INFO[0m [04:05:42] 56270868cef141168fa9538e688533b7	 200 0ms GET /json
[38;5;6m INFO[0m [04:05:44] 81d9250aa0f14ee3bb34864a863f7cea	 200 0ms GET /json
[38;5;6m INFO[0m [04:05:44] 5d2ea320a46e49cc8cfec12f9252b89c	 200 0ms GET /json
[38;5;6m INFO[0m [04:05:44] 3a872be734f34f94b18dba3abbb1396d	 200 0ms GET /json
[38;5;6m INFO[0m [04:05:44] ac94b12aadb4486e88fc4eb3744f333b	 200 0ms GET /json
[38;5;6m INFO[0m [04:05:44] 9ce8524cf5704c078d80d76cf498214f	 200 0ms GET /json
[38;5;6m INFO[0m [04:05:44] f609bfeddfc246c7bcfe0a02dabe087f	 200 0ms GET /json
[38;5;6m INFO[0m [04:05:44] 2921e64bb514484485957b5ccf18b7da	 200 0ms GET /json
[38;5;6m INFO[0m [04:05:44] 983932a20cf4419d94ef2b25b7123e56	 200 0ms GET /json
[38;5;6m INFO[0m [04:05:44] c7b14982f91e42a286a421e7358736c2	 200 0ms GET /json
[38;5;6m INFO[0m [04:05:44] 99864a9b672e49108e66b973233424ca	 200 0ms GET /json
[38;5;6m INFO[0m [04:05:44] 02ebe67d2822418faa1f034d0fa5673c	 200 0ms GET /json
[38;5;6m INFO[0m [04:05:44] 7c038ddab22140879e01bf7516eea410	 200 0ms GET /json
[38;5;6m INFO[0m [04:05:44] f5228997ecab4a1197d16d8f53ab1585	 200 0ms GET /json
[38;5;6m INFO[0m [04:05:44] eac0cee204944097bac2ae09504e85ce	 200 0ms GET /json
[38;5;6m INFO[0m [04:05:44] e77e90bfd5434c9dbf32e907847feb94	 200 0ms GET /json
[38;5;6m INFO[0m [04:05:44] 5220616c4ee94beaa10180aed989b2d8	 200 0ms GET /json
[38;5;6m INFO[0m [04:05:44] 220034206608482a9708c491cea545f4	 200 0ms GET /json
[38;5;6m INFO[0m [04:05:44] 12560728d8d840718b9de5aa578f0d5b	 200 0ms GET /json
[38;5;6m INFO[0m [04:05:44] 8986771464074cec8162a64876ad4ac3	 200 0ms GET /json
[38;5;6m INFO[0m [04:05:44] f0ac8251857441a7837766ffad54e6db	 200 0ms GET /json
[38;5;6m INFO[0m [04:05:44] 5860c589626a462e8784edb1c22db173	 200 0ms GET /json
[38;5;6m INFO[0m [04:05:44] 92b8584d4991461f8551cd128416fc14	 200 0ms GET /json
[38;5;6m INFO[0m [04:05:44] 0effd7b5e6c149f7a45ce63cb0b94674	 200 0ms GET /json
[38;5;6m INFO[0m [04:05:44] 6fcee50360ec4ac3846f11f2402be7c4	 200 0ms GET /json
[38;5;6m INFO[0m [04:05:44] b842b805acc14f558052fa16358c662c	 200 0ms GET /json
[38;5;6m INFO[0m [04:05:44] 74a6f6a2820e4dd5b9f71b5412f87c2e	 200 0ms GET /json
[38;5;6m INFO[0m [04:05:44] 5d73faf6bd84489ab2bebd3c53fd6dd6	 200 0ms GET /json
[38;5;6m INFO[0m [04:05:44] 53ff9c40d9fe49a8a635b306c4ed80de	 200 0ms GET /json
[38;5;6m INFO[0m [04:05:44] c9b12333ec3d4855a519f2b53ff99952	 200 0ms GET /json
[38;5;6m INFO[0m [04:05:44] 0f2556eb28e143079e9bae47d2656394	 200 0ms GET /json
[38;5;6m INFO[0m [04:05:44] bbee2fa337bf443e8f52c7edb73d6be7	 200 0ms GET /json
[38;5;6m INFO[0m [04:05:44] 62641ed2df0c4d4da1841d879295c8d8	 200 0ms GET /json
[38;5;6m INFO[0m [04:05:44] 38046bfefb3e42f3b24b29914aa755f7	 200 0ms GET /json
[38;5;6m INFO[0m [04:05:44] f1a1beaebcb24191835124fc5e1d5e4d	 200 0ms GET /json
[38;5;6m INFO[0m [04:05:44] 8aabb30acc544fc486e9d82c1abaf966	 200 0ms GET /json
[38;5;6m INFO[0m [04:05:44] 28e6ef482a414cd9807c1f439e597469	 200 0ms GET /json
[38;5;6m INFO[0m [04:05:44] 75ecf6288f0341249851c3e27fb47cd2	 200 0ms GET /json
[38;5;6m INFO[0m [04:05:44] 7d22f2924f31494cb5cc7ce3518132f2	 200 0ms GET /json
[38;5;6m INFO[0m [04:05:44] 56c231b4ae0e4da29b848b91b65c6381	 200 0ms GET /json
[38;5;6m INFO[0m [04:05:44] 1196c7cbedcb4ab3b8f11fba4cd5f22e	 200 0ms GET /json
[38;5;6m INFO[0m [04:05:44] f587924cd55242bda010932bfb493f8c	 200 0ms GET /json
[38;5;6m INFO[0m [04:05:44] c6aed2df94864e24a332408e5dd62a77	 200 0ms GET /json
[38;5;6m INFO[0m [04:05:44] 3723ccccad4d404cb3dc65ca26bbf2ef	 200 0ms GET /json
[38;5;6m INFO[0m [04:05:44] 6a4e4f0dc4754a82b05e8e166c0ab3b0	 200 0ms GET /json
[38;5;6m INFO[0m [04:05:44] 2b559b483630491991a49c7900fef672	 200 0ms GET /json
[38;5;6m INFO[0m [04:05:44] 496250f498984f358777be76bba910ba	 200 0ms GET /json
[38;5;6m INFO[0m [04:05:44] 8c125ee8e10c48b0a05870af5b04858e	 200 0ms GET /json
[38;5;6m INFO[0m [04:05:44] a46b49ce75714dfe869981ee5474ada4	 200 0ms GET /json
[38;5;6m INFO[0m [04:05:44] b200ca9abda44f4fbfe41248e45fb449	 200 0ms GET /json
[38;5;6m INFO[0m [04:05:44] 4b6af87d742840d3bb9d6ba607d67bf8	 200 0ms GET /json
[38;5;6m INFO[0m [04:05:44] a40f96cbd53b404c91ca26c18ab6d1fc	 200 0ms GET /json
[38;5;6m INFO[0m [04:05:44] 34edc4458aca494b84e5bdfb03133b69	 200 0ms GET /json
[38;5;6m INFO[0m [04:05:44] 53bf804cbb0c4dc98fde24aa3a87e5a2	 200 0ms GET /json
[38;5;6m INFO[0m [04:05:44] 7d694209ca464200956e1388c782a4ed	 200 0ms GET /json
[38;5;6m INFO[0m [04:05:44] 51252619c5144af590288123fff635e1	 200 0ms GET /json
[38;5;6m INFO[0m [04:05:44] 0e3dbdf49b704c3aa7c4c33a79fee66b	 200 0ms GET /json
[38;5;6m INFO[0m [04:05:44] a52bf04f70134ce3b10c98454a0cb00f	 200 0ms GET /json
[38;5;6m INFO[0m [04:05:44] 2bbc93f385fb4586b6db40c3bf82fc30	 200 0ms GET /json
[38;5;6m INFO[0m [04:05:44] 9907faac108049da9f47cbb8ef681415	 200 0ms GET /json
[38;5;6m INFO[0m [04:05:44] e9dd5dd6c5254bcbb82417c403578d36	 200 0ms GET /json
[38;5;6m INFO[0m [04:05:44] 1106b656d6ee457999252e26520f7058	 200 0ms GET /json
[38;5;6m INFO[0m [04:05:44] ef1f46c06dc34c32a0c11911d1e53591	 200 0ms GET /json
[38;5;6m INFO[0m [04:05:44] e6836945e10449b7827b24aae028779d	 200 0ms GET /json
[38;5;6m INFO[0m [04:05:44] b640e99e187749b4ac033ff9a4698feb	 200 0ms GET /json
[38;5;6m INFO[0m [04:05:44] 60f6a97014b141dbb90a976e5f62b31e	 200 0ms GET /json
[38;5;6m INFO[0m [04:05:44] af1800b2f8c2434a9944cce72058a0ec	 200 0ms GET /json
[38;5;6m INFO[0m [04:05:44] 5986cd78250545638fcc834d34c3ac75	 200 0ms GET /json
[38;5;6m INFO[0m [04:05:44] 36963801fb1547f6a9f8fd0974249a73	 200 0ms GET /json
[38;5;6m INFO[0m [04:05:44] 691228a691434c5597f05cacfff98b30	 200 0ms GET /json
[38;5;6m INFO[0m [04:05:44] 22b56282384841caba6e26a5d7d4ab3c	 200 0ms GET /json
[38;5;6m INFO[0m [04:05:44] 6f30bf307066489d89606e2dea29b191	 200 0ms GET /json
[38;5;6m INFO[0m [04:05:44] c3199e64ea794b8eaaca806d310b0d4a	 200 0ms GET /json
[38;5;6m INFO[0m [04:05:44] d3427ddcdc1a4d38a875575eba2f0f4a	 200 0ms GET /json
[38;5;6m INFO[0m [04:05:44] 5edad4fb092a4ea5a3f22629ff75d12b	 200 0ms GET /json
[38;5;6m INFO[0m [04:05:44] 29ab07c5a86e4beabf618e1c43430882	 200 0ms GET /json
[38;5;6m INFO[0m [04:05:44] 6398c1510c3c49e49b7a722eecf194cb	 200 0ms GET /json
[38;5;6m INFO[0m [04:05:44] cdacfda208fc4cc58bfbe16f5f9e7ac4	 200 0ms GET /json
[38;5;6m INFO[0m [04:05:44] 6c6a67f9d2834962b74c5ff1495ba20b	 200 0ms GET /json
[38;5;6m INFO[0m [04:05:44] db63a7ff489f49a2a3c3bc3a01a88ddb	 200 0ms GET /json
[38;5;6m INFO[0m [04:05:44] b2fbe62a18d04dca8b86661aa6de329c	 200 0ms GET /json
[38;5;6m INFO[0m [04:05:44] 54b5f805da8a434ebe089aa610162b5d	 200 0ms GET /json
[38;5;6m INFO[0m [04:05:44] ee3c2d0602e94b4d94ab3efb9432ac98	 200 0ms GET /json
[38;5;6m INFO[0m [04:05:44] 429c2dabc65c47128960306b070a693c	 200 0ms GET /json
[38;5;6m INFO[0m [04:05:44] 5f3e02f0b88d4f609caac1e5ae89b229	 200 0ms GET /json
[38;5;6m INFO[0m [04:05:44] c5711032a52347afb12ce362192253f3	 200 0ms GET /json
[38;5;6m INFO[0m [04:05:44] 1f093820f1334393ad266e5076e46ea2	 200 0ms GET /json
[38;5;6m INFO[0m [04:05:44] a28a667b8c264718a23ba64b233a9eb9	 200 0ms GET /json
[38;5;6m INFO[0m [04:05:44] 07acda71eed84193a7c4af95b0855047	 200 0ms GET /json
[38;5;6m INFO[0m [04:05:44] 9e6eab11630348c19b5fcfae320680a5	 200 0ms GET /json
[38;5;6m INFO[0m [04:05:44] 0c6d92f9822e4bf4b8e1cb30b391f07a	 200 0ms GET /json
[38;5;6m INFO[0m [04:05:44] d16185c6ec564b158536e7309c2f7f84	 200 0ms GET /json
[38;5;6m INFO[0m [04:05:44] df089b994f8c4777a137981fdc79e077	 200 0ms GET /json
[38;5;6m INFO[0m [04:05:44] c077741ff2d248d7ade168d5c5c90613	 200 0ms GET /json
[38;5;6m INFO[0m [04:05:44] 792158d9dcdb4771a84642346650bf27	 200 0ms GET /json
[38;5;6m INFO[0m [04:05:44] 24ade4981ab247d08c940eb8db1576eb	 200 0ms GET /json
[38;5;6m INFO[0m [04:05:44] 712279fe46584a27a884a306cf49eb80	 200 0ms GET /json
[38;5;6m INFO[0m [04:05:44] 8feb9a789138428395c1349f8c0e1372	 200 0ms GET /json
[38;5;6m INFO[0m [04:05:44] a91b2373974646b7b4ea8f12d7eabcf2	 200 0ms GET /json
[38;5;6m INFO[0m [04:05:44] 94a7b38336c146839b555228ce995d83	 200 0ms GET /json
[38;5;6m INFO[0m [04:05:44] 2f16b9bf0c8345559e692f5b2bb088f8	 200 0ms GET /json
[38;5;6m INFO[0m [04:05:44] 6fa02387b0044cefb233bd846c89def7	 200 0ms GET /json
[38;5;6m INFO[0m [04:05:44] 27907d9d495e4d00ac5e0c197849a4cf	 200 0ms GET /json
[38;5;6m INFO[0m [04:05:44] ef5e3bffbce54962a8104b49f7cb0909	 200 0ms GET /json
[38;5;6m INFO[0m [04:05:44] 97663885c4844ad4ba90403ac2eb7173	 200 0ms GET /json
[38;5;6m INFO[0m [04:05:44] ceaf814e36f34b019843ee327eed475e	 200 0ms GET /json
[38;5;6m INFO[0m [04:05:44] 55f68ca199b84176b376b8debb323515	 200 0ms GET /json
[38;5;6m INFO[0m [04:05:44] 55e9386ef2394bef9558e0af04adf592	 200 0ms GET /json
[38;5;6m INFO[0m [04:05:44] c61a0573485940c4a564973dec7639c9	 200 0ms GET /json
[38;5;6m INFO[0m [04:05:44] 27877e71c8d04a66ba95ca75892ce3ae	 200 0ms GET /json
[38;5;6m INFO[0m [04:05:44] ad6e5eea86c340d3861480e4fb69326f	 200 0ms GET /json
[38;5;6m INFO[0m [04:05:44] a85ecb9a0ab048018d810a58fa896751	 200 0ms GET /json
[38;5;6m INFO[0m [04:05:44] adf6a38ad6d14bdf876d8d236667f417	 200 0ms GET /json
[38;5;6m INFO[0m [04:05:44] befccbf3ea7b4c6ba8deb4fee790e57d	 200 0ms GET /json
[38;5;6m INFO[0m [04:05:44] 5de64e44fdae46eb8536b4d1036c95c7	 200 0ms GET /json
[38;5;6m INFO[0m [04:05:44] cba8128c9997464e9d5402d5dcc8d9c0	 200 0ms GET /json
[38;5;6m INFO[0m [04:05:44] 71cf9f57039c462888a39ce5eb611311	 200 0ms GET /json
[38;5;6m INFO[0m [04:05:44] 64a3e04f34c6417b8e62418a65ab321c	 200 0ms GET /json
[38;5;6m INFO[0m [04:05:44] 7f4d40b5da8c4d4fb69ef74703bf6b45	 200 0ms GET /json
[38;5;6m INFO[0m [04:05:44] 32a92136ee484f05963dbd3b07886fd7	 200 0ms GET /json
[38;5;6m INFO[0m [04:05:44] a9c5855fc8304aa1a10dd43fe559f0de	 200 0ms GET /json
[38;5;6m INFO[0m [04:05:44] 666b2f5bd5ed49688b037aa70e17cb38	 200 0ms GET /json
[38;5;6m INFO[0m [04:05:44] ed723f9983c249c98000c9e29b91f80b	 200 0ms GET /json
[38;5;6m INFO[0m [04:05:44] 1cc25f5223274201923a1c0f23ca8605	 200 0ms GET /json
[38;5;6m INFO[0m [04:05:44] fe319e6be4f243a4a2f17152622efb5f	 200 0ms GET /json
[38;5;6m INFO[0m [04:05:44] 2598d1b43c8a446db6cd4bb27dc77d30	 200 0ms GET /json
[38;5;6m INFO[0m [04:05:44] 157034ddda8f46d7954539d171604d27	 200 0ms GET /json
[38;5;6m INFO[0m [04:05:44] 6ee67488bdd6423689e2d8f68a8df63e	 200 0ms GET /json
[38;5;6m INFO[0m [04:05:44] df0bfe0b437f4bbda5e1577b7a61c20b	 200 0ms GET /json
[38;5;6m INFO[0m [04:05:44] 96962b616aeb48c3b2d08d227bc7b50f	 200 0ms GET /json
[38;5;6m INFO[0m [04:05:44] 76135ba6529846d489ec3a2d743ebdcc	 200 0ms GET /json
[38;5;6m INFO[0m [04:05:44] a223b370efb94e818dbc96176cdb89a5	 200 0ms GET /json
[38;5;6m INFO[0m [04:05:44] 25be1070100946cd9dc1bc88b51e6ead	 200 0ms GET /json
[38;5;6m INFO[0m [04:05:44] b8be7c7cead14c33823abbcdfe8db257	 200 0ms GET /json
[38;5;6m INFO[0m [04:05:44] d464b33c510243cbb613b03d08c07f57	 200 0ms GET /json
[38;5;6m INFO[0m [04:05:44] 52ff9401d1864cf68208781753f2bdb5	 200 0ms GET /json
[38;5;6m INFO[0m [04:05:44] 48c28fae0d16474bbac506e49ddf9d30	 200 0ms GET /json
[38;5;6m INFO[0m [04:05:44] f43067d4761d43aba84a5bea405c524d	 200 0ms GET /json
[38;5;6m INFO[0m [04:05:44] ea287756ab4746c384527570984f7b26	 200 0ms GET /json
[38;5;6m INFO[0m [04:05:44] a60ff62266c440e19ad9d1cd0afb1084	 200 0ms GET /json
[38;5;6m INFO[0m [04:05:44] b48624d53e184dc3b95f223bab93a4af	 200 0ms GET /json
[38;5;6m INFO[0m [04:05:44] 799d8e5eadf14963b3f44e61561dfb25	 200 0ms GET /json
[38;5;6m INFO[0m [04:05:44] a9f689b9a6ff4537a3d716fee71d3151	 200 0ms GET /json
[38;5;6m INFO[0m [04:05:44] 3d303eec56bb439a9ec29f7edd5a8f83	 200 0ms GET /json
[38;5;6m INFO[0m [04:05:44] 52c48e72dae440f88fb959df472d3798	 200 0ms GET /json
[38;5;6m INFO[0m [04:05:44] 786acd7a72a74e0089d182845aa30641	 200 0ms GET /json
[38;5;6m INFO[0m [04:05:44] 1590bc23c32b49d98511871398023961	 200 0ms GET /json
[38;5;6m INFO[0m [04:05:44] a1b29632788d415e86763426fbcb9af0	 200 0ms GET /json
[38;5;6m INFO[0m [04:05:44] 8a1a6dacae0340b29f4b4d863d03651a	 200 0ms GET /json
[38;5;6m INFO[0m [04:05:44] 7d9792ffdcb54bc0939c07b8b6d3faf1	 200 0ms GET /json
[38;5;6m INFO[0m [04:05:44] d7752eff04ee43e1b836f735b100f90a	 200 0ms GET /json
[38;5;6m INFO[0m [04:05:44] 1f16508125c14ae19b7224d87b6d5e74	 200 0ms GET /json
[38;5;6m INFO[0m [04:05:44] 48355cef8049482f9980c86b60d7e8d8	 200 0ms GET /json
[38;5;6m INFO[0m [04:05:44] 27c496bde83045fc987a33c2967d3426	 200 0ms GET /json
[38;5;6m INFO[0m [04:05:44] 81d7e75f85374a1c98365869597ca79e	 200 0ms GET /json
[38;5;6m INFO[0m [04:05:44] 8a7c66e34ae146e8b8893cb741bded0d	 200 0ms GET /json
[38;5;6m INFO[0m [04:05:44] 26cb4220923b4839ab02a1b459b19f4d	 200 0ms GET /json
[38;5;6m INFO[0m [04:05:44] 3b56ac64cf8b4154a2a6da304da5a9b0	 200 0ms GET /json
[38;5;6m INFO[0m [04:05:44] c8a810e83ffd43abaa4ad28147a3ceb0	 200 0ms GET /json
[38;5;6m INFO[0m [04:05:44] 7f23d5fa31cf4b3aacacf9afed88696c	 200 0ms GET /json
[38;5;6m INFO[0m [04:05:44] cba23e670be8466d8fd99937fe358a9c	 200 0ms GET /json
[38;5;6m INFO[0m [04:05:44] 021dbfa0498147fbba33dfc3a053487e	 200 0ms GET /json
[38;5;6m INFO[0m [04:05:44] fdca4d460c6c4a85befcf4d51abfdbc7	 200 0ms GET /json
[38;5;6m INFO[0m [04:05:44] 7ce99aeda9e24d6ba788be213a1d307c	 200 0ms GET /json
[38;5;6m INFO[0m [04:05:44] 826567d05e534af8aa3b16bc298ac247	 200 0ms GET /json
[38;5;6m INFO[0m [04:05:44] e352e88febe5446b95e838d1921e145f	 200 0ms GET /json
[38;5;6m INFO[0m [04:05:44] 073e2012357142f0bb18d9b6c65f20d4	 200 0ms GET /json
[38;5;6m INFO[0m [04:05:44] 02dbaeb1010c4b709896428c700ce0f4	 200 0ms GET /json
[38;5;6m INFO[0m [04:05:44] b4a68f77f0a54018960116ad19c847ff	 200 0ms GET /json
[38;5;6m INFO[0m [04:05:44] 70ef8f642f0d41e1b66b10bfcd30e0a1	 200 0ms GET /json
[38;5;6m INFO[0m [04:05:44] 05b0218ba98744b88660b08e217944a1	 200 0ms GET /json
[38;5;6m INFO[0m [04:05:44] 703536c7c7c04d52bca8ba812e8faa1c	 200 0ms GET /json
[38;5;6m INFO[0m [04:05:44] 7cabf0f80a684f41ba0a2ee77ed5cbea	 200 0ms GET /json
[38;5;6m INFO[0m [04:05:44] 8f7e834df5ea48cb841b18a01766c7c1	 200 0ms GET /json
[38;5;6m INFO[0m [04:05:44] 01eadf6ecf3c4d2487c3f6c253cc8189	 200 0ms GET /json
[38;5;6m INFO[0m [04:05:44] c4e74c6e35fb41569ac5bb4c961347f3	 200 0ms GET /json
[38;5;6m INFO[0m [04:05:44] 5bc81c6cfd6048498cb781f5bfb34269	 200 0ms GET /json
[38;5;6m INFO[0m [04:05:44] 2fab29d053b244339a07f0b4d947f0f1	 200 0ms GET /json
[38;5;6m INFO[0m [04:05:44] 15f09a73a19e4959ace4ca233b4e85da	 200 0ms GET /json
[38;5;6m INFO[0m [04:05:44] 7b5a1aab88184ce8872904016174d086	 200 0ms GET /json
[38;5;6m INFO[0m [04:05:44] 13a2a2d33f124e1a896bf2dcbeb8c6d7	 200 0ms GET /json
[38;5;6m INFO[0m [04:05:44] 0627404d2d6246a9bb88a7ede237f7a5	 200 0ms GET /json
[38;5;6m INFO[0m [04:05:44] ed700152ce8c46d0aeb9b48f36381b4a	 200 0ms GET /json
[38;5;6m INFO[0m [04:05:44] 3e5dafdee6d546619e533c6e6ee9f194	 200 0ms GET /json
[38;5;6m INFO[0m [04:05:44] 99c9e26ba6c04c3bae7952386b0b4c44	 200 0ms GET /json
[38;5;6m INFO[0m [04:05:44] 425e741fdfbc4de89d4d2443b83f0ed7	 200 0ms GET /json
[38;5;6m INFO[0m [04:05:44] bb94a3dd653947308cfcf9dc3c7130d6	 200 0ms GET /json
[38;5;6m INFO[0m [04:05:44] 753d17db021348e5b091d4c373730d8c	 200 0ms GET /json
[38;5;6m INFO[0m [04:05:44] 57f53bb6f9ef4a558ffcbc27c050ac3e	 200 0ms GET /json
[38;5;6m INFO[0m [04:05:44] 68e515a1e6904e4786a57a8aaca04cf0	 200 0ms GET /json
[38;5;6m INFO[0m [04:05:44] 07e23861cfba4f3d880143e1a041b84f	 200 0ms GET /json
[38;5;6m INFO[0m [04:05:44] 643d1f6cce834583855fd3f511efc29a	 200 0ms GET /json
[38;5;6m INFO[0m [04:05:44] 2ded8e0b4d734f3cbe5a062d4493d02e	 200 0ms GET /json
[38;5;6m INFO[0m [04:05:44] b8a804a40e1d4cfd831c2515952e3e49	 200 0ms GET /json
[38;5;6m INFO[0m [04:05:44] 2f059300dc744b56872e8891f479aec4	 200 0ms GET /json
[38;5;6m INFO[0m [04:05:44] 278cce2ec3fa4277a9396a0db18cc3fa	 200 0ms GET /json
[38;5;6m INFO[0m [04:05:44] 60474aecd99b4e13bb4b30f7429b97a7	 200 0ms GET /json
[38;5;6m INFO[0m [04:05:44] 7a9561d943be4d5aa805315f04e28634	 200 0ms GET /json
[38;5;6m INFO[0m [04:05:44] 37795614905b48768c28e15b298547a1	 200 0ms GET /json
[38;5;6m INFO[0m [04:05:44] f1f42cda8b7e42798700f8afb665301a	 200 0ms GET /json
[38;5;6m INFO[0m [04:05:44] e781fdc4f6f249ba84ea461e29a112d1	 200 0ms GET /json
[38;5;6m INFO[0m [04:05:48] d48f6dde2b164d55b07c537062557952	 200 0ms GET /json
[38;5;6m INFO[0m [04:05:48] 98083de3fc974825b9c8f542f0277ac7	 200 0ms GET /json
[38;5;6m INFO[0m [04:05:48] 35b58a4100174656ac73a8d315879550	 200 0ms GET /json
[38;5;6m INFO[0m [04:05:48] 61c0e679a77a4b2ca4214b8799d99f81	 200 0ms GET /json
[38;5;6m INFO[0m [04:05:48] 3e34da3ef2914877978454b0cf2b7ee1	 200 0ms GET /json
[38;5;6m INFO[0m [04:05:48] 31a7d1a0c26b4b3fb1f2c88906bb37ea	 200 0ms GET /json
[38;5;6m INFO[0m [04:05:48] 3c0c3c89ba0c45c29331290aa02ab073	 200 0ms GET /json
[38;5;6m INFO[0m [04:05:48] f962443cbe724a5ab11ac886d2e86604	 200 0ms GET /json
[38;5;6m INFO[0m [04:05:48] 90315259bcdf434990276702b0bbc527	 200 0ms GET /json
[38;5;6m INFO[0m [04:05:48] dcdc0b4ac1144ec883a3ae439ef41701	 200 0ms GET /json
[38;5;6m INFO[0m [04:05:48] 5930d568c6e442e2b41c74c51cd35501	 200 0ms GET /json
[38;5;6m INFO[0m [04:05:48] b73a56a472e44930a66c71bf9df3b75b	 200 0ms GET /json
[38;5;6m INFO[0m [04:05:48] 1fe56354db06476a837eb5842f400cc6	 200 0ms GET /json
[38;5;6m INFO[0m [04:05:48] c3eeb2f7aea043449c1bbf924ea8f26a	 200 0ms GET /json
[38;5;6m INFO[0m [04:05:48] dcf5a40c25394497a595c61586190324	 200 0ms GET /json
[38;5;6m INFO[0m [04:05:48] 42982a2b8efb450eb1a1b8414acea63e	 200 0ms GET /json
[38;5;6m INFO[0m [04:05:48] edd958efad3b4ce4855a613e6f2c84d2	 200 0ms GET /json
[38;5;6m INFO[0m [04:05:48] f2863eb224c44579b0d06cb6e3cafbff	 200 0ms GET /json
[38;5;6m INFO[0m [04:05:48] bc4592fea5514d7eb950688fd8c51940	 200 0ms GET /json
[38;5;6m INFO[0m [04:05:48] 06beb85530ed4c258bef7df51fbe13b9	 200 0ms GET /json
[38;5;6m INFO[0m [04:05:48] a65c5c6b415f4e86a0c62523ebfce33a	 200 0ms GET /json
[38;5;6m INFO[0m [04:05:48] 5ec8a7a6365e4772b8780f2364ba6360	 200 0ms GET /json
[38;5;6m INFO[0m [04:05:48] d7b17291cc5a47028fb94633ed89a049	 200 0ms GET /json
[38;5;6m INFO[0m [04:05:48] a2da1577ac4f406ab62d2b856ef0bc1b	 200 0ms GET /json
[38;5;6m INFO[0m [04:05:48] 7983970d881b474b9c954632db4b5978	 200 0ms GET /json
[38;5;6m INFO[0m [04:05:48] fa7230e0ebc54eecb5d245e82f3e5b4a	 200 0ms GET /json
[38;5;6m INFO[0m [04:05:48] 6e0142bfa1a844cba58412478840c3e3	 200 0ms GET /json
[38;5;6m INFO[0m [04:05:48] 89e1c6acb6bf48f58f8f3c31d926ceb8	 200 0ms GET /json
[38;5;6m INFO[0m [04:05:48] 1e797df5c5c242ea822de90a9f2dab2e	 200 0ms GET /json
[38;5;6m INFO[0m [04:05:48] 642311dc311c4eb0b68bba1ff2f58521	 200 0ms GET /json
[38;5;6m INFO[0m [04:05:48] abe208392fdd49ecb2c76d0b0028a9c0	 200 0ms GET /json
[38;5;6m INFO[0m [04:05:48] c14ffe14c5e64a439ef56977b9f0ab5a	 200 0ms GET /json
[38;5;6m INFO[0m [04:05:48] 8630f395215d43bca0d2a692c9d01dec	 200 0ms GET /json
[38;5;6m INFO[0m [04:05:48] 06220af3b294439c8fe30eaa7fbf2ae6	 200 0ms GET /json
[38;5;6m INFO[0m [04:05:48] 97d73bd4baed4c688647c17cec21801b	 200 0ms GET /json
[38;5;6m INFO[0m [04:05:48] 19011e41789048fb9bcebf08ae39a56d	 200 0ms GET /json
[38;5;6m INFO[0m [04:05:48] 0ded4955b1614c5c81c0f2efff4fc464	 200 0ms GET /json
[38;5;6m INFO[0m [04:05:48] 73ce9e71a1c2461f86108e0167154d31	 200 0ms GET /json
[38;5;6m INFO[0m [04:05:48] 3e452771c91c46a684490a446e067936	 200 0ms GET /json
[38;5;6m INFO[0m [04:05:48] 2354d0b601a3424391c207b6b9079155	 200 0ms GET /json
[38;5;6m INFO[0m [04:05:48] 1ae4e0a8ba2e40dfae43bb84fb1aebeb	 200 0ms GET /json
[38;5;6m INFO[0m [04:05:48] 5628e487de6d43bfbae1f47506998aac	 200 0ms GET /json
[38;5;6m INFO[0m [04:05:48] 541456d59b114780a5b9b1dad7d8cc19	 200 0ms GET /json
[38;5;6m INFO[0m [04:05:48] 3e0b1dd8330640688076740e6eec2c56	 200 0ms GET /json
[38;5;6m INFO[0m [04:05:48] 952c90cb0ba54a69bb6f9019290e4e90	 200 0ms GET /json
[38;5;6m INFO[0m [04:05:48] 21911a1fbb72413ab0adb115f0b833e0	 200 0ms GET /json
[38;5;6m INFO[0m [04:05:48] bdf6a6d3e8334e839e33fb62fba412fb	 200 0ms GET /json
[38;5;6m INFO[0m [04:05:48] 8ba89edc1e5a4f63b39a883c73288540	 200 0ms GET /json
[38;5;6m INFO[0m [04:05:48] b82fb3c4f3ed4262b45d80683e795a04	 200 0ms GET /json
[38;5;6m INFO[0m [04:05:48] 3f92cec026e146b19564c147f8203fd9	 200 0ms GET /json
[38;5;6m INFO[0m [04:05:48] c66afbdedb434efaaddeba842596a8d2	 200 0ms GET /json
[38;5;6m INFO[0m [04:05:48] 1fedecf2adfc46a5b4a477dd88218fbe	 200 0ms GET /json
[38;5;6m INFO[0m [04:05:48] 5e985d0dc60b4d85b2d05874f0438f91	 200 0ms GET /json
[38;5;6m INFO[0m [04:05:48] 1a62a9e7010f4046bdfa069ba0582a8b	 200 0ms GET /json
[38;5;6m INFO[0m [04:05:48] a760e2deff4347a8ba29b1ec7ac22ee2	 200 0ms GET /json
[38;5;6m INFO[0m [04:05:48] ca229378f4a74e378e0c7bdfbc0af3f3	 200 0ms GET /json
[38;5;6m INFO[0m [04:05:48] 71fd5d66e63c48a7ad5dd697fd7d624a	 200 0ms GET /json
[38;5;6m INFO[0m [04:05:48] 56d1ef6f416245dd8cc2c1799ee1eaa2	 200 0ms GET /json
[38;5;6m INFO[0m [04:05:48] dbbb670fb03d49ab9faae01f52f71d2b	 200 0ms GET /json
[38;5;6m INFO[0m [04:05:48] d8dcb1cdae2a44f7b94bab7c4e814971	 200 0ms GET /json
[38;5;6m INFO[0m [04:05:48] ed95d2de15dd4be4bb8a487d1f4b1b57	 200 0ms GET /json
[38;5;6m INFO[0m [04:05:48] a0788304d0b249129592768c2e126097	 200 0ms GET /json
[38;5;6m INFO[0m [04:05:48] ef468f5282ce4d16a6136c4ae81a80a2	 200 0ms GET /json
[38;5;6m INFO[0m [04:05:48] 96be197459e543de946139f30392f1d4	 200 0ms GET /json
[38;5;6m INFO[0m [04:05:48] 3eaff19806d14edc9b54472af33badf5	 200 0ms GET /json
[38;5;6m INFO[0m [04:05:48] bbd7eb18e9254678887753f833d78b44	 200 0ms GET /json
[38;5;6m INFO[0m [04:05:48] 0fdd812746194cbfa31f89074cda771a	 200 0ms GET /json
[38;5;6m INFO[0m [04:05:48] 3a931f6097a44254b6c703d5b436802d	 200 0ms GET /json
[38;5;6m INFO[0m [04:05:48] e52ff07881b2496db63b54704989197c	 200 0ms GET /json
[38;5;6m INFO[0m [04:05:48] 2fae5ed939e74a02b04392b818b371f0	 200 0ms GET /json
[38;5;6m INFO[0m [04:05:48] 8b9e4de08eed4de39e5b1bf253526d89	 200 0ms GET /json
[38;5;6m INFO[0m [04:05:48] 2b08ad4f7c6f44a79479828dfc5bb222	 200 0ms GET /json
[38;5;6m INFO[0m [04:05:48] 31d807bfda7c48d484d79875e7bed46a	 200 0ms GET /json
[38;5;6m INFO[0m [04:05:48] 1ba1602b9bb444dfb5fcd081b1496490	 200 0ms GET /json
[38;5;6m INFO[0m [04:05:48] df913fb4354d4f8f88638f8938cb3996	 200 0ms GET /json
[38;5;6m INFO[0m [04:05:48] 8040e426b1a84ed7bcd572a76ccd3f31	 200 0ms GET /json
[38;5;6m INFO[0m [04:05:48] 903edf77157b42619b5bc52156e80a98	 200 0ms GET /json
[38;5;6m INFO[0m [04:05:48] ffeded38831b40f185f4f417014c5658	 200 0ms GET /json
[38;5;6m INFO[0m [04:05:48] 61993ae9d3784886a5b1c7585134a867	 200 0ms GET /json
[38;5;6m INFO[0m [04:05:48] 421112d5463e4df08584c7f3fcab4868	 200 0ms GET /json
[38;5;6m INFO[0m [04:05:48] 0c2d3c99a98042f08712fcec57c7f7e9	 200 0ms GET /json
[38;5;6m INFO[0m [04:05:48] d909316c49954674a4e8977115ae4d6d	 200 0ms GET /json
[38;5;6m INFO[0m [04:05:48] 6f2c19c75035482abd9ca10746b0d7bd	 200 0ms GET /json
[38;5;6m INFO[0m [04:05:48] 1b76218026f34612b4447f0119a91274	 200 0ms GET /json
[38;5;6m INFO[0m [04:05:48] d761fa51cc2b455aa493f82b1b56dd77	 200 0ms GET /json
[38;5;6m INFO[0m [04:05:48] 2b0f569adfd943b99ac39e5b8d669ca7	 200 0ms GET /json
[38;5;6m INFO[0m [04:05:48] 9156d85a343c4fb8a51a708dc2025c6a	 200 0ms GET /json
[38;5;6m INFO[0m [04:05:48] 6b40a08c6b7a4b719125621049ecc0ac	 200 0ms GET /json
[38;5;6m INFO[0m [04:05:48] 69f6e23779874c90a5dcb8d4c9f4aa77	 200 0ms GET /json
[38;5;6m INFO[0m [04:05:48] bd91f8ffa6ec4baf9fbc8ecb4875ba94	 200 0ms GET /json
[38;5;6m INFO[0m [04:05:48] d0cdf0e59a9240b5af6e0d44db8920e4	 200 0ms GET /json
[38;5;6m INFO[0m [04:05:48] 34c36d0e32834c08ac5a610991e4acd2	 200 0ms GET /json
[38;5;6m INFO[0m [04:05:48] c4ae71b343f84f2b911e2a906348b1ed	 200 0ms GET /json
[38;5;6m INFO[0m [04:05:48] a92b0c9161b040459408c84ee1d1b349	 200 0ms GET /json
[38;5;6m INFO[0m [04:05:48] d3d062ea7ed14a4a9f5481428edabc0e	 200 0ms GET /json
[38;5;6m INFO[0m [04:05:48] 634954c188b54bfc9bd8fc692763bb28	 200 0ms GET /json
[38;5;6m INFO[0m [04:05:48] 4cbf7b774cf04da78206485ac363fbb1	 200 0ms GET /json
[38;5;6m INFO[0m [04:05:48] 3e8d3e92e6e94c3bb3b7ad0a27b5b5d2	 200 0ms GET /json
[38;5;6m INFO[0m [04:05:48] 3cb9efb7aa2d48f4a1ebb87fea83f5fb	 200 0ms GET /json
[38;5;6m INFO[0m [04:05:48] 8066e41d38804b019eaa7ee0cac00562	 200 0ms GET /json
[38;5;6m INFO[0m [04:05:50] bc7fcadde3f743f1adac4c4c01938ad7	 200 0ms GET /json
[38;5;6m INFO[0m [04:05:50] eba531f6cd164ba78d35ed2820ae1dd9	 200 0ms GET /json
[38;5;6m INFO[0m [04:05:50] f410d7be138744d3b9d3967c4c60f3af	 200 0ms GET /json
[38;5;6m INFO[0m [04:05:50] 38c2c7ff26034629a6ac3dd32deae86d	 200 0ms GET /json
[38;5;6m INFO[0m [04:05:50] bcc5431467cd43ce8ecc826295f25550	 200 0ms GET /json
[38;5;6m INFO[0m [04:05:50] ac18831f65624f989f7b612330a2a4dd	 200 0ms GET /json
[38;5;6m INFO[0m [04:05:50] fd4d51f3451f41c188318447b48a5bed	 200 0ms GET /json
[38;5;6m INFO[0m [04:05:50] 18f23f2cc27e42f6a8e8ebe9a0fd6fdd	 200 0ms GET /json
[38;5;6m INFO[0m [04:05:50] 4dd4118f3ce04a04af0de4dcc68c10c4	 200 0ms GET /json
[38;5;6m INFO[0m [04:05:50] ee6f7a802bac40a4bf92b0c87fe345ca	 200 0ms GET /json
[38;5;6m INFO[0m [04:05:50] 31db3042329f4cadb95916442be6029c	 200 0ms GET /json
[38;5;6m INFO[0m [04:05:50] 0ed6177b8c5f409f97c2cfbfb1078221	 200 0ms GET /json
[38;5;6m INFO[0m [04:05:50] 4ce810cdaa7441c2b5e863646f78d786	 200 0ms GET /json
[38;5;6m INFO[0m [04:05:50] 27af219b695c4a56bd13417d029ba565	 200 0ms GET /json
[38;5;6m INFO[0m [04:05:50] 8250c9f6e86b404e95d40bf10b35e3b4	 200 0ms GET /json
[38;5;6m INFO[0m [04:05:50] ae99a452bb3f4db495dce49fe014d986	 200 0ms GET /json
[38;5;6m INFO[0m [04:05:50] 28505184c7e94d80b8808e3bf3809375	 200 0ms GET /json
[38;5;6m INFO[0m [04:05:50] 27182d2add7345679623d7c76fbc3bc9	 200 0ms GET /json
[38;5;6m INFO[0m [04:05:50] 59ba024226444fccaacb8ae30375fe99	 200 0ms GET /json
[38;5;6m INFO[0m [04:05:50] e4b649ba1c9f4370bd64af8f005b5d4f	 200 0ms GET /json
[38;5;6m INFO[0m [04:05:50] c74861f0740449358e2c62fb78c68b8e	 200 0ms GET /json
[38;5;6m INFO[0m [04:05:50] 30e4703012a0473380e8c0229cc73f0d	 200 0ms GET /json
[38;5;6m INFO[0m [04:05:50] 81f86e8a25d84b719c57239690f89105	 200 0ms GET /json
[38;5;6m INFO[0m [04:05:50] 73503ac39e9f458bb59862209e49fbc5	 200 0ms GET /json
[38;5;6m INFO[0m [04:05:50] dc870667f3c54618a8c08a1379d0cbdf	 200 0ms GET /json
[38;5;6m INFO[0m [04:05:50] 543fb52bd43842f3bc702c5698a8f926	 200 0ms GET /json
[38;5;6m INFO[0m [04:05:50] af6ba8d805ff4f5185e8d244764bd2b6	 200 0ms GET /json
[38;5;6m INFO[0m [04:05:50] 3c6e7985a3964ebb83bb10df270af685	 200 0ms GET /json
[38;5;6m INFO[0m [04:05:50] 2628dc66030441ecab2f83a4c575a5a8	 200 0ms GET /json
[38;5;6m INFO[0m [04:05:50] 44167a4f8f6c479da529aeb19878bb25	 200 0ms GET /json
[38;5;6m INFO[0m [04:05:50] dee431055abc4557968002e1541c3fe3	 200 0ms GET /json
[38;5;6m INFO[0m [04:05:50] a3df75763bcc4ed99a0daf3d59e86ba6	 200 0ms GET /json
[38;5;6m INFO[0m [04:05:50] fd1942c63f654012955f97a13071ced9	 200 0ms GET /json
[38;5;6m INFO[0m [04:05:50] 72fe5fbbea224c719655fcd41402ddc4	 200 0ms GET /json
[38;5;6m INFO[0m [04:05:50] c5c0dc489f05406693cff034b701e202	 200 0ms GET /json
[38;5;6m INFO[0m [04:05:50] 1c8e5b9c634a46a3b79c96d64e579437	 200 0ms GET /json
[38;5;6m INFO[0m [04:05:50] 82deb4a353bc4e0db2ac24444fabf858	 200 0ms GET /json
[38;5;6m INFO[0m [04:05:50] 0f1e1fbfd1bc4f3abf6c6fd1161b0179	 200 0ms GET /json
[38;5;6m INFO[0m [04:05:50] 529fedf6d3794cd9bdc82ff0e6f761d9	 200 0ms GET /json
[38;5;6m INFO[0m [04:05:50] 0ed3857092e54177acb114b00b639786	 200 0ms GET /json
[38;5;6m INFO[0m [04:05:50] 4693442d27bf4e5f810512ec2086753f	 200 0ms GET /json
[38;5;6m INFO[0m [04:05:50] 12c540a2c9ac42769c40011defcb54f9	 200 0ms GET /json
[38;5;6m INFO[0m [04:05:50] 596f6fd943854453b671da030b7b44aa	 200 0ms GET /json
[38;5;6m INFO[0m [04:05:50] d60e13787d504ee7b5a0b90fa2c5a9ab	 200 0ms GET /json
[38;5;6m INFO[0m [04:05:50] a3a2ca400ecb4e4b80f0c1cb63d88e3f	 200 0ms GET /json
[38;5;6m INFO[0m [04:05:50] 8969b67a79154a4481f33435145adf3a	 200 0ms GET /json
[38;5;6m INFO[0m [04:05:50] 14d516aca9794ffbaa05039b3c5a5104	 200 0ms GET /json
[38;5;6m INFO[0m [04:05:50] cd8ff3fefbdb48fe9baf4c7d822c3239	 200 0ms GET /json
[38;5;6m INFO[0m [04:05:50] c779b172f00c4ea691c1accb8e4ea99e	 200 0ms GET /json
[38;5;6m INFO[0m [04:05:50] e96582040e914ec8a5624f4e4ec736bc	 200 0ms GET /json
[38;5;6m INFO[0m [04:05:50] 775cca87349845a785259c613633dc01	 200 0ms GET /json
[38;5;6m INFO[0m [04:05:50] 358b1c7d8f7245caa8ff93fea6e29dff	 200 0ms GET /json
[38;5;6m INFO[0m [04:05:50] 430296004ad54e118dbeb9f218825527	 200 0ms GET /json
[38;5;6m INFO[0m [04:05:50] faa505fd83cb47fc9c9f08837a4f12f5	 200 0ms GET /json
[38;5;6m INFO[0m [04:05:50] 5c97604f303645cb86b500273f2bab7a	 200 0ms GET /json
[38;5;6m INFO[0m [04:05:50] 37fcbb74c23f427fa9e917ff5c87121c	 200 0ms GET /json
[38;5;6m INFO[0m [04:05:50] 59fb9fbbd4ef4d38ac175ae1877aa85a	 200 0ms GET /json
[38;5;6m INFO[0m [04:05:50] 32528534f57d4eb8be632939d379e02c	 200 0ms GET /json
[38;5;6m INFO[0m [04:05:50] 24f496f64e8242139495f74ce1e01b18	 200 0ms GET /json
[38;5;6m INFO[0m [04:05:50] a16d7e2cbcec4756ad54ad0266b2ba49	 200 0ms GET /json
[38;5;6m INFO[0m [04:05:50] f91869426f01497eb36a9c7e22178b5e	 200 0ms GET /json
[38;5;6m INFO[0m [04:05:50] 7422dd16184b4b54ada216fa135c532f	 200 0ms GET /json
[38;5;6m INFO[0m [04:05:50] bde638a0413d45c9a22647820b628e1b	 200 0ms GET /json
[38;5;6m INFO[0m [04:05:50] 16a43de3a4b343d3ba0480ed570fd974	 200 0ms GET /json
[38;5;6m INFO[0m [04:05:50] a13bf3523a5a47dea01a160162898c64	 200 0ms GET /json
[38;5;6m INFO[0m [04:05:50] f95fa36e95ad4500898e29ddc0fd28bb	 200 0ms GET /json
[38;5;6m INFO[0m [04:05:50] 51f8cfee0d2149c7b8ed4261a30aceda	 200 0ms GET /json
[38;5;6m INFO[0m [04:05:50] c78f6d5023f84048bc7e32d889349ebb	 200 0ms GET /json
[38;5;6m INFO[0m [04:05:50] 9834aa6552b442ccbca4297dbb28e4e2	 200 0ms GET /json
[38;5;6m INFO[0m [04:05:50] 04bc6a460418473aaa4f3871a8fdd414	 200 0ms GET /json
[38;5;6m INFO[0m [04:05:50] 614842e0723743bd82b007a973ce3ed4	 200 0ms GET /json
[38;5;6m INFO[0m [04:05:50] 788ebe8f06ee472486486018824c8f27	 200 0ms GET /json
[38;5;6m INFO[0m [04:05:50] c5f01fbe7cbb407594702b2102344463	 200 0ms GET /json
[38;5;6m INFO[0m [04:05:50] 42565185eec54212830f4981d0d5bd83	 200 0ms GET /json
[38;5;6m INFO[0m [04:05:50] 274e3d5311af4b83bafa42d202ba4768	 200 0ms GET /json
[38;5;6m INFO[0m [04:05:50] 38de0f8be4bf43f9a148ad0cecccf2ca	 200 0ms GET /json
[38;5;6m INFO[0m [04:05:50] e7105efc6fb8409799f04283e551a3e9	 200 0ms GET /json
[38;5;6m INFO[0m [04:05:50] 00ef937dfdac46208cb508b4871a9590	 200 0ms GET /json
[38;5;6m INFO[0m [04:05:50] f2f1a3986b8c41b8be48ab3b9a4c35b4	 200 0ms GET /json
[38;5;6m INFO[0m [04:05:50] 5d1ad66f5e834e66885e93b73cc2e9f7	 200 0ms GET /json
[38;5;6m INFO[0m [04:05:50] 1369760962634c44b0a106bdcee52295	 200 0ms GET /json
[38;5;6m INFO[0m [04:05:50] e81b3fe59ad047ab944865b8cec91e91	 200 0ms GET /json
[38;5;6m INFO[0m [04:05:50] 1645acfd1c954c5ca61ac38e51952a9d	 200 0ms GET /json
[38;5;6m INFO[0m [04:05:50] 4a21dc3561e04a55a73f206e0d06382b	 200 0ms GET /json
[38;5;6m INFO[0m [04:05:50] 3b89ee5ab26d443cbbb8ba9cf6d2cdee	 200 0ms GET /json
[38;5;6m INFO[0m [04:05:50] 2f8d8b56a123465fb5167b050764304e	 200 0ms GET /json
[38;5;6m INFO[0m [04:05:50] 26ad41130c9c47bdb63d2440926c43ca	 200 0ms GET /json
[38;5;6m INFO[0m [04:05:50] 7c128f096a374c27829e48bcac2cd1b0	 200 0ms GET /json
[38;5;6m INFO[0m [04:05:50] 7b8ab3209fc14e198320c4706ea4b305	 200 0ms GET /json
[38;5;6m INFO[0m [04:05:50] b0d533744f264580aae78156e1af9f72	 200 0ms GET /json
[38;5;6m INFO[0m [04:05:50] 4a28c4e4724a4cd6918ad2058564e2e2	 200 0ms GET /json
[38;5;6m INFO[0m [04:05:50] 68193c8123a64d30bfe7981d488030dc	 200 0ms GET /json
[38;5;6m INFO[0m [04:05:50] c907c59d60544f9f97d6fe2d6d0ac6a2	 200 0ms GET /json
[38;5;6m INFO[0m [04:05:50] ee8ed8d4934e4ed1a094cfa6f963ea4d	 200 0ms GET /json
[38;5;6m INFO[0m [04:05:50] d98c3e5c2099467e9ee57eddf70a1268	 200 0ms GET /json
[38;5;6m INFO[0m [04:05:50] 706f18549e014e858aa4c84fdad737a9	 200 0ms GET /json
[38;5;6m INFO[0m [04:05:50] ded4cd1e543c48aba2849142d274d69c	 200 0ms GET /json
[38;5;6m INFO[0m [04:05:50] 62672c187bc44f22a6760867619a4f8b	 200 0ms GET /json
[38;5;6m INFO[0m [04:05:50] dec26d237ee147cc8b632bf7d7ed6e45	 200 0ms GET /json
[38;5;6m INFO[0m [04:05:50] a5daabf1c05a405abd9a85a4fd60a297	 200 0ms GET /json
[38;5;6m INFO[0m [04:05:50] 9df05bada5d74712ab3cc638ecc582b3	 200 0ms GET /json
[38;5;6m INFO[0m [04:05:50] f28b6e7f05ed4042b4d036cdf9f362ac	 200 0ms GET /json
[38;5;6m INFO[0m [04:05:50] a581c0b73bda4c6aba5d9d1bffa68080	 200 0ms GET /json
[38;5;6m INFO[0m [04:05:50] 04ba368c93144ac695d980ec43bf78f5	 200 0ms GET /json
[38;5;6m INFO[0m [04:05:50] 03d12c4a054a4306a17de8cbd7e082de	 200 0ms GET /json
[38;5;6m INFO[0m [04:05:50] 496f6bd1943a4b4583eb347782cdbbea	 200 0ms GET /json
[38;5;6m INFO[0m [04:05:50] 8dc50972ec474e42a13bb5ef91b0f8cb	 200 0ms GET /json
[38;5;6m INFO[0m [04:05:50] 53de04d3c4ee4607897ebec62fa49177	 200 0ms GET /json
[38;5;6m INFO[0m [04:05:50] be026a3443684281bd6336c954682eb1	 200 0ms GET /json
[38;5;6m INFO[0m [04:05:50] c8149af4eab943ca80f614f619e3e592	 200 0ms GET /json
[38;5;6m INFO[0m [04:05:50] a522495fa21d4388a63789f1498d5f16	 200 0ms GET /json
[38;5;6m INFO[0m [04:05:50] 285532b531174726a126e2d075854c1a	 200 0ms GET /json
[38;5;6m INFO[0m [04:05:50] 2fbcb08ffcd94ee1b9a9f01374d2507a	 200 0ms GET /json
[38;5;6m INFO[0m [04:05:50] c70bf53f985847cfa8643469535b20fe	 200 0ms GET /json
[38;5;6m INFO[0m [04:05:50] db5c71cbc1f94e29be882f47a04dca4b	 200 0ms GET /json
[38;5;6m INFO[0m [04:05:50] 6e1f2bd6fd4740c1a228e3f3bf6d15ee	 200 0ms GET /json
[38;5;6m INFO[0m [04:05:50] ea821660e94f469eba72032b442ea360	 200 0ms GET /json
[38;5;6m INFO[0m [04:05:50] 9dca0a7a9b21405884a9fb91fcc1d5f4	 200 0ms GET /json
[38;5;6m INFO[0m [04:05:50] 7bc68dfa242948719cf5bd15c96c2a17	 200 0ms GET /json
[38;5;6m INFO[0m [04:05:50] 7d87af45c095419894a5b5f086e874b5	 200 0ms GET /json
[38;5;6m INFO[0m [04:05:50] ee4ed521c8ff429f87560c1f2af1fa62	 200 0ms GET /json
[38;5;6m INFO[0m [04:05:50] 36bf92375ed54a8fafd5c3b7bf35bf82	 200 0ms GET /json
[38;5;6m INFO[0m [04:05:50] 293c27d7b2944ee196933bf015b9343a	 200 0ms GET /json
[38;5;6m INFO[0m [04:05:50] d9198709989d4937b1ebfbfd8bc1fad8	 200 0ms GET /json
[38;5;6m INFO[0m [04:05:50] c50f6e938060477586d800705e84063a	 200 0ms GET /json
[38;5;6m INFO[0m [04:05:50] a83baccabb3949f6a80cfe7b9a64bb21	 200 0ms GET /json
[38;5;6m INFO[0m [04:05:50] e971fdd5c333435593ebe524f4a27bb7	 200 0ms GET /json
[38;5;6m INFO[0m [04:05:50] dfffb3e660ef47c3b3eb2531c7407988	 200 0ms GET /json
[38;5;6m INFO[0m [04:05:50] 289b3401ecbf4fdf945fa4a749b77d64	 200 0ms GET /json
[38;5;6m INFO[0m [04:05:50] 737d497418b24b65aaa62c45e2513849	 200 0ms GET /json
[38;5;6m INFO[0m [04:05:50] 459331ac384d4507a0c005bfe15b26ff	 200 0ms GET /json
[38;5;6m INFO[0m [04:05:50] 941873a888ec464e8e71cf5c8016f71a	 200 0ms GET /json
[38;5;6m INFO[0m [04:05:50] 74ab476bfc6b4f28acfdb3823c45fbff	 200 0ms GET /json
[38;5;6m INFO[0m [04:05:50] e0973f8cdd95424d810310e0e3683a24	 200 0ms GET /json
[38;5;6m INFO[0m [04:05:50] 522bb43d13a14dab9105c22d788f0059	 200 0ms GET /json
[38;5;6m INFO[0m [04:05:50] d17ccb0d3cc840df9c19282b378a96d2	 200 0ms GET /json
[38;5;6m INFO[0m [04:05:50] c9c7363eae744239bacebf3f8fe5f416	 200 0ms GET /json
[38;5;6m INFO[0m [04:05:50] 35acaf782a6c4926ada5c021f7f7c629	 200 0ms GET /json
[38;5;6m INFO[0m [04:05:50] 515e67eb66754b1f912e5285c4f2d98d	 200 0ms GET /json
[38;5;6m INFO[0m [04:05:50] a72ada51ce6c4db68992c4f8b86c2f1a	 200 0ms GET /json
[38;5;6m INFO[0m [04:05:50] 7998056741e74a42b9780d1e8f0e35ad	 200 0ms GET /json
[38;5;6m INFO[0m [04:05:50] 95e66db20c9e4c4aa626ec569dcf3a69	 200 0ms GET /json
[38;5;6m INFO[0m [04:05:50] 16120384ad41493e8efc49662a5118ab	 200 0ms GET /json
[38;5;6m INFO[0m [04:05:50] 0b7916bbf8c043b287671ead3f7d8175	 200 0ms GET /json
[38;5;6m INFO[0m [04:05:50] f99dbb0e894d4e4abaeefc27c37b6189	 200 0ms GET /json
[38;5;6m INFO[0m [04:05:50] cf7666bc0ea94b20af8dd48380f17074	 200 0ms GET /json
[38;5;6m INFO[0m [04:05:50] dfa8277fa4ec46d3be0f5ecd195afea9	 200 0ms GET /json
[38;5;6m INFO[0m [04:05:50] b6448841c29b41e98feb99799cce63da	 200 0ms GET /json
[38;5;6m INFO[0m [04:05:50] 7dfc49296bd7421fa0ad4e0b0bc75576	 200 0ms GET /json
[38;5;6m INFO[0m [04:05:50] b75db1cacb694d0b870495851dfc5531	 200 0ms GET /json
[38;5;6m INFO[0m [04:05:50] cbcc6353d1214b8e96d531f20802f161	 200 0ms GET /json
[38;5;6m INFO[0m [04:05:50] 528e2043a52944d198df529376e94b3f	 200 0ms GET /json
[38;5;6m INFO[0m [04:05:50] 314671d12597409d916e93cdc5ca70d4	 200 0ms GET /json
[38;5;6m INFO[0m [04:05:50] 779273007d70471e86ff1be339a36f54	 200 0ms GET /json
[38;5;6m INFO[0m [04:05:50] 40eecf5fe7404b58bbbe7c0b05f2b840	 200 0ms GET /json
[38;5;6m INFO[0m [04:05:50] 86861d95ff4345c293664ecbb4979731	 200 0ms GET /json
[38;5;6m INFO[0m [04:05:50] 3c2072710f60425f8a8a1cea02156cd6	 200 0ms GET /json
[38;5;6m INFO[0m [04:05:50] 49d2f245989e4ad3971bf7c03f1f08ab	 200 0ms GET /json
[38;5;6m INFO[0m [04:05:50] 539eba34c8b8478ba29ffb696874a375	 200 0ms GET /json
[38;5;6m INFO[0m [04:05:50] 275b297b19664ae6b34fb7037af79e87	 200 0ms GET /json
[38;5;6m INFO[0m [04:05:50] 909e283971ab47b8a57b4619ff85dcb7	 200 0ms GET /json
[38;5;6m INFO[0m [04:05:50] 116bce39ee404831a4404c3f565c056c	 200 0ms GET /json
[38;5;6m INFO[0m [04:05:50] 81d7603dd11344f7927d10ac210f6e6d	 200 0ms GET /json
[38;5;6m INFO[0m [04:05:50] 0ad198e254af42548655585723702bad	 200 0ms GET /json
[38;5;6m INFO[0m [04:05:50] 16c1b29411414f528545ba0f6f8f9826	 200 0ms GET /json
[38;5;6m INFO[0m [04:05:50] 4d6f3461958e41ddada584845ec62581	 200 0ms GET /json
[38;5;6m INFO[0m [04:05:50] 3a1609a94f6f41f1a1971d56ba560e87	 200 0ms GET /json
[38;5;6m INFO[0m [04:05:50] 4f9330990b5d4e10af518b03e291468e	 200 0ms GET /json
[38;5;6m INFO[0m [04:05:50] 9ceebcea53b0467ca8694ddfd49e9cca	 200 0ms GET /json
[38;5;6m INFO[0m [04:05:50] 28df53ba153047c8b612d1f57a8b291c	 200 0ms GET /json
[38;5;6m INFO[0m [04:05:50] 70867fbcf45b461098b06d9c475365e8	 200 0ms GET /json
[38;5;6m INFO[0m [04:05:50] d80656e1056c404a80fd8f69122ceede	 200 0ms GET /json
[38;5;6m INFO[0m [04:05:50] 9e66a7b07c2844caaa9bfcf376111488	 200 0ms GET /json
[38;5;6m INFO[0m [04:05:50] 872008bd5d4d46c69dcdcd7af7791544	 200 0ms GET /json
[38;5;6m INFO[0m [04:05:50] 12ada4c85d6a4bcbb8d9d6e750e053c3	 200 0ms GET /json
[38;5;6m INFO[0m [04:05:50] 20ceb2299ab745a4838d2b682b7dc5ef	 200 0ms GET /json
[38;5;6m INFO[0m [04:05:50] 3b4a61c25fa147b3a741b039e54856a0	 200 0ms GET /json
[38;5;6m INFO[0m [04:05:50] 317a5b3bb9674d88a7cf8d92945e5b77	 200 0ms GET /json
[38;5;6m INFO[0m [04:05:50] 02f591066ab7411882d3a76963b0a7ae	 200 0ms GET /json
[38;5;6m INFO[0m [04:05:50] b7511cc34db5434cb0de061c41dca29a	 200 0ms GET /json
[38;5;6m INFO[0m [04:05:50] 975967fbc1c14a5d88ee9035516ac3fb	 200 0ms GET /json
[38;5;6m INFO[0m [04:05:50] a78b697a1a824c24a0373738883f08f5	 200 0ms GET /json
[38;5;6m INFO[0m [04:05:50] 846df7e9a30a4f008a6b875becd07499	 200 0ms GET /json
[38;5;6m INFO[0m [04:05:50] 2e6fd591ac604fec9684a548ae533bc3	 200 0ms GET /json
[38;5;6m INFO[0m [04:05:50] 6c06e675f1b54ec7b024517fe36c7c1e	 200 0ms GET /json
[38;5;6m INFO[0m [04:05:50] b6112498984b4f2096b0aec2b20ffd7d	 200 0ms GET /json
[38;5;6m INFO[0m [04:05:50] 3fd0b4a967144b47beedd4c0ac3d8889	 200 0ms GET /json
[38;5;6m INFO[0m [04:05:50] 973d46412bab458d8dac90d3b48512f6	 200 0ms GET /json
[38;5;6m INFO[0m [04:05:50] fa4f43897ad547fc88ce93140099a1d1	 200 0ms GET /json
[38;5;6m INFO[0m [04:05:50] a59b0f87ad4f43c98c5167e11612562f	 200 0ms GET /json
[38;5;6m INFO[0m [04:05:50] 97e039dfbaa946ea91050e8961b2d860	 200 0ms GET /json
[38;5;6m INFO[0m [04:05:50] 77e27a1951f34f989804cbeee664a3e4	 200 0ms GET /json
[38;5;6m INFO[0m [04:05:50] 864c3249fcc741ba9578cfee3cebc49b	 200 0ms GET /json
[38;5;6m INFO[0m [04:05:50] 7d96cb6aae634f6299cfb610c6866c4b	 200 0ms GET /json
[38;5;6m INFO[0m [04:05:50] 2274344ebbd347adaa35b63314c5335a	 200 0ms GET /json
[38;5;6m INFO[0m [04:05:50] aecc9433b9c74a499f7573d39b887433	 200 0ms GET /json
[38;5;6m INFO[0m [04:05:50] af4420ca9a714f38a16c02d6628ad306	 200 0ms GET /json
[38;5;6m INFO[0m [04:05:50] d9bab669e7af46a8af705af99c24e9a9	 200 0ms GET /json
[38;5;6m INFO[0m [04:05:50] 930093db2e4140358ca5cab1fd6cb84d	 200 0ms GET /json
[38;5;6m INFO[0m [04:05:50] 1680cbc4a44d46ddb087212930040bf4	 200 0ms GET /json
[38;5;6m INFO[0m [04:05:52] 3c89d6a060834470ac05ab749d23e073	 200 0ms GET /json
[38;5;6m INFO[0m [04:05:52] 7fedf64d07c84084a2c1d7444acfc976	 200 0ms GET /json
[38;5;6m INFO[0m [04:05:52] d05b0ca23d6e45e98e2cefdcc67af605	 200 0ms GET /json
[38;5;6m INFO[0m [04:05:52] 7802aee388a94849b8d598835f165c21	 200 0ms GET /json
[38;5;6m INFO[0m [04:05:52] d154bb51b93e4ac4bf78416002e75e6c	 200 0ms GET /json
[38;5;6m INFO[0m [04:05:52] e0439eb3724f4855b717ed8c4d4b460d	 200 0ms GET /json
[38;5;6m INFO[0m [04:05:52] 1cc905ec29d0496b9ed049d5a5cb6ca4	 200 0ms GET /json
[38;5;6m INFO[0m [04:05:52] 338c5378f5224ba79265e470af6a96ec	 200 0ms GET /json
[38;5;6m INFO[0m [04:05:52] 9a21085461b2428abf24e3cf56b64e40	 200 0ms GET /json
[38;5;6m INFO[0m [04:05:52] 97a4dc07feef46d2860f637ffe9ca8a6	 200 0ms GET /json
[38;5;6m INFO[0m [04:05:52] d3f96838309a4724b8db31299a932df3	 200 0ms GET /json
[38;5;6m INFO[0m [04:05:52] f0139f5e42404e22acc115c7a988102a	 200 0ms GET /json
[38;5;6m INFO[0m [04:05:52] 9ac5cc69797e417ead4796d53c2a1ca5	 200 0ms GET /json
[38;5;6m INFO[0m [04:05:52] 68879dd540374b10b1169e50fea54c11	 200 0ms GET /json
[38;5;6m INFO[0m [04:05:52] d1d05f8eb66a4f8fa61f20e5d502746f	 200 0ms GET /json
[38;5;6m INFO[0m [04:05:52] 82dedf6b8fd24c559151b880abdb7aff	 200 0ms GET /json
[38;5;6m INFO[0m [04:05:52] 097b403fb1694afdbf5d799eed8cbfd2	 200 0ms GET /json
[38;5;6m INFO[0m [04:05:52] 0bb15dbcd826426f821c2600c950e9c2	 200 0ms GET /json
[38;5;6m INFO[0m [04:05:52] 6cb5950b189e4be989fe93de79e9636c	 200 0ms GET /json
[38;5;6m INFO[0m [04:05:52] 9fc43e722b5a4c9fab0e46d724e4ed0c	 200 0ms GET /json
[38;5;6m INFO[0m [04:05:52] 5b2d1c8255954a30aa02be9c7eaaff23	 200 0ms GET /json
[38;5;6m INFO[0m [04:05:52] decd0278f8c54d458040b610dff87adf	 200 0ms GET /json
[38;5;6m INFO[0m [04:05:52] 9979f5941d6b455eb1ecce8f0f590725	 200 0ms GET /json
[38;5;6m INFO[0m [04:05:52] 564e4a40f11440ff9ea5ff19fec9950d	 200 0ms GET /json
[38;5;6m INFO[0m [04:05:52] 9de71b7c530d474591a71d3f712e0264	 200 0ms GET /json
[38;5;6m INFO[0m [04:05:52] 76e3639304bd431eadce2319bb34d733	 200 0ms GET /json
[38;5;6m INFO[0m [04:05:52] 45ed4e9934614c3780bc079c5761ebd0	 200 0ms GET /json
[38;5;6m INFO[0m [04:05:52] 86acf4e270e34e759f2bc0c0ffe6fe33	 200 0ms GET /json
[38;5;6m INFO[0m [04:05:52] e4be5942ed9d42239b4a5ad302eb2dfb	 200 0ms GET /json
[38;5;6m INFO[0m [04:05:52] d0048dbe9f19435e96814c905d723d01	 200 0ms GET /json
[38;5;6m INFO[0m [04:05:52] a94703bfcf9e4144b53fef16233a0645	 200 0ms GET /json
[38;5;6m INFO[0m [04:05:52] 11df02ff40604e4f878c1d70501ed649	 200 0ms GET /json
[38;5;6m INFO[0m [04:05:52] 600137de4d5949e591a9b25a9fd0e5ea	 200 0ms GET /json
[38;5;6m INFO[0m [04:05:52] 6fd03696835f43b4a61c88534ff73224	 200 0ms GET /json
[38;5;6m INFO[0m [04:05:52] 5d0479ba4eea4dbc957fd7c8de71c19d	 200 0ms GET /json
[38;5;6m INFO[0m [04:05:52] b4ae570dc7554b8d89054b5e3e245508	 200 0ms GET /json
[38;5;6m INFO[0m [04:05:52] 215c6157b26543f78e9615f142b29418	 200 0ms GET /json
[38;5;6m INFO[0m [04:05:52] 5f9d8dfed50b445c910f98fac905b7ac	 200 0ms GET /json
[38;5;6m INFO[0m [04:05:52] 02ee4a12e08e4923a689891f0080348e	 200 0ms GET /json
[38;5;6m INFO[0m [04:05:52] c4946cf28e4e41d2be32d1c091a1c5bb	 200 0ms GET /json
[38;5;6m INFO[0m [04:05:52] 1d5b8ba8b5ba46aaad9a034748bad7ab	 200 0ms GET /json
[38;5;6m INFO[0m [04:05:52] c5d659821b9340f7a00d11a4881a6b1e	 200 0ms GET /json
[38;5;6m INFO[0m [04:05:52] f72c0343a9e64d3ebdd1564b8f712204	 200 0ms GET /json
[38;5;6m INFO[0m [04:05:52] 42314d96222e4e488838c6bc9a6551c2	 200 0ms GET /json
[38;5;6m INFO[0m [04:05:52] 417d41077a8e4a148735cb2f275bb799	 200 0ms GET /json
[38;5;6m INFO[0m [04:05:52] a54d260fb26b42789e98593d4cafb901	 200 0ms GET /json
[38;5;6m INFO[0m [04:05:52] 86d4da2090034087972b04bab16a9720	 200 0ms GET /json
[38;5;6m INFO[0m [04:05:52] b3105dae4d324b609b1688a9cba2ca26	 200 0ms GET /json
[38;5;6m INFO[0m [04:05:52] 4ef4ca6e361849d793d791aef1ecb2d6	 200 0ms GET /json
[38;5;6m INFO[0m [04:05:52] c966669991584e85b8c6dec4feba065b	 200 0ms GET /json
[38;5;6m INFO[0m [04:05:52] bc8c0b0804fb4528b3a00641967d9b69	 200 0ms GET /json
[38;5;6m INFO[0m [04:05:52] cafc2549411246a0adaf312072181dd3	 200 0ms GET /json
[38;5;6m INFO[0m [04:05:52] 410e28927c2b41b3b43585afe55afcc7	 200 0ms GET /json
[38;5;6m INFO[0m [04:05:52] 1e405ed59a2e415099326747b9ac8467	 200 0ms GET /json
[38;5;6m INFO[0m [04:05:52] fac8515c2fd3445bb81c5ed593e857e0	 200 0ms GET /json
[38;5;6m INFO[0m [04:05:52] 2b04ee0ea2de4dbda176cbca91d0240a	 200 0ms GET /json
[38;5;6m INFO[0m [04:05:52] b451723d14fb46f38dfc7f9fbc03922a	 200 0ms GET /json
[38;5;6m INFO[0m [04:05:52] 5d14519231804e12a29ca381afdc7942	 200 0ms GET /json
[38;5;6m INFO[0m [04:05:52] 0476137b83634f528110178d363b2e6d	 200 0ms GET /json
[38;5;6m INFO[0m [04:05:52] e8ab293fb3094241959d9bb15bb07979	 200 0ms GET /json
[38;5;6m INFO[0m [04:05:52] da0272a6a800448f87b873056bed3252	 200 0ms GET /json
[38;5;6m INFO[0m [04:05:52] 0ac13fea0c6a4bd89977f387d0913e38	 200 0ms GET /json
[38;5;6m INFO[0m [04:05:52] 3c40e3b04ff9420096f89167c5ee20bf	 200 0ms GET /json
[38;5;6m INFO[0m [04:05:52] c8ca0606ada44974b03b41f7dd587750	 200 0ms GET /json
[38;5;6m INFO[0m [04:05:52] 9fb0d8f7b4eb4a929f6541977e1674c5	 200 0ms GET /json
[38;5;6m INFO[0m [04:05:52] 5d5d453fe7b84e959e729edffbbccdc9	 200 0ms GET /json
[38;5;6m INFO[0m [04:05:52] c2a4f0c59d0544e783b6dbda27c31ab9	 200 0ms GET /json
[38;5;6m INFO[0m [04:05:52] d53da8a01bd54b82a73f084a29a57814	 200 0ms GET /json
[38;5;6m INFO[0m [04:05:52] c14448f15fd3419690f43a7eaf7509d7	 200 0ms GET /json
[38;5;6m INFO[0m [04:05:52] cc967f7f2df4447bb125631e8276fe9e	 200 0ms GET /json
[38;5;6m INFO[0m [04:05:52] e5a7c12fd30a4f008e661fb379c1296a	 200 0ms GET /json
[38;5;6m INFO[0m [04:05:52] f62a778064844cc7a958d30ed8c4442d	 200 0ms GET /json
[38;5;6m INFO[0m [04:05:52] a2ad94dc0dcf49849f2946475f6dfa43	 200 0ms GET /json
[38;5;6m INFO[0m [04:05:52] de172cc2341f4779afd64457b309835b	 200 0ms GET /json
[38;5;6m INFO[0m [04:05:52] bbcac6b056a041dfb615ab44ecacb41b	 200 0ms GET /json
[38;5;6m INFO[0m [04:05:52] 87cfb78f2f9e4200bbc18e55b4df2ca3	 200 0ms GET /json
[38;5;6m INFO[0m [04:05:52] 106d295e4f914f44983190621e2136d3	 200 0ms GET /json
[38;5;6m INFO[0m [04:05:52] 9a752bee87a24fde8b9686960bc9a78d	 200 0ms GET /json
[38;5;6m INFO[0m [04:05:52] f8e01d49bf8248b2a3157bda13a323f5	 200 0ms GET /json
[38;5;6m INFO[0m [04:05:52] 5e742b3ae9e1421dae2c82e59be9449a	 200 0ms GET /json
[38;5;6m INFO[0m [04:05:52] 878ca2e99f6c475b85def2972c4a8e1e	 200 0ms GET /json
[38;5;6m INFO[0m [04:05:52] 5fb8592c52974960bd8be477e75dda1c	 200 0ms GET /json
[38;5;6m INFO[0m [04:05:52] fee8f6c70ed748beaa5490e13722b780	 200 0ms GET /json
[38;5;6m INFO[0m [04:05:52] 68e0f06c23054348b9a079422ada93b9	 200 0ms GET /json
[38;5;6m INFO[0m [04:05:52] 418ed4244c88407fb6dc7c1418c098f8	 200 0ms GET /json
[38;5;6m INFO[0m [04:05:52] 5000e52013b94153a850d0e18784c39a	 200 0ms GET /json
[38;5;6m INFO[0m [04:05:52] 0ac4b13fbb074944b64707de272861b7	 200 0ms GET /json
[38;5;6m INFO[0m [04:05:52] 30b729db3dbd479e8ca8acb0a8a1d552	 200 0ms GET /json
[38;5;6m INFO[0m [04:05:52] df0562e696b9418eb9243df2ce819cf3	 200 0ms GET /json
[38;5;6m INFO[0m [04:05:52] 1bc81e3d99f242dba688b87d96e08c09	 200 0ms GET /json
[38;5;6m INFO[0m [04:05:52] e88c18afd7f042fdabd8fb508956b439	 200 0ms GET /json
[38;5;6m INFO[0m [04:05:52] 81b08bd96b4049d39f7c2a634189af69	 200 0ms GET /json
[38;5;6m INFO[0m [04:05:52] a10f0abda19e4a0bb6e45d5abd7d56e0	 200 0ms GET /json
[38;5;6m INFO[0m [04:05:52] 129bf7c51c604327bbc0c6df32cde772	 200 0ms GET /json
[38;5;6m INFO[0m [04:05:52] 89ca489ab8684c7ab6801b52c5cf4856	 200 0ms GET /json
[38;5;6m INFO[0m [04:05:52] 25c918993e1144c7a5eadc545063a67d	 200 0ms GET /json
[38;5;6m INFO[0m [04:05:52] 8740b364dd624f6c99c6e758c760d4a2	 200 0ms GET /json
[38;5;6m INFO[0m [04:05:52] bd874808df8440209ee7e21bb480853b	 200 0ms GET /json
[38;5;6m INFO[0m [04:05:52] e020f32f247f4c168ebbae7a424f3142	 200 0ms GET /json
[38;5;6m INFO[0m [04:05:52] 31e58e58ac8c49fbbb16616657c7b0f1	 200 0ms GET /json
[38;5;6m INFO[0m [04:05:54] 124d12b198f74a4cbf99f89657016635	 200 0ms GET /json
[38;5;6m INFO[0m [04:05:54] 5f52a411ef304114b2ff48da75578366	 200 0ms GET /json
[38;5;6m INFO[0m [04:05:54] 3ff081904170408ba30ef02fe3869de3	 200 0ms GET /json
[38;5;6m INFO[0m [04:05:54] a8060890de164d6a8fabc14878a44cf7	 200 0ms GET /json
[38;5;6m INFO[0m [04:05:54] 154d7a748fd241c0b92c0f7515b3990d	 200 0ms GET /json
[38;5;6m INFO[0m [04:05:54] 76b0b1b3eb80407594ffe245f2c7db26	 200 0ms GET /json
[38;5;6m INFO[0m [04:05:54] 83ac00708e9649188179b8e924e3a9dd	 200 0ms GET /json
[38;5;6m INFO[0m [04:05:54] b41b4a5ab1e5498ca18429ee4287989e	 200 0ms GET /json
[38;5;6m INFO[0m [04:05:54] 7566e0ea8dfb464591aaf49c9f6efe95	 200 0ms GET /json
[38;5;6m INFO[0m [04:05:54] fe1af19847fe418894be421e65b43542	 200 0ms GET /json
[38;5;6m INFO[0m [04:05:54] 9021bfc33030417489b381dda85c2226	 200 0ms GET /json
[38;5;6m INFO[0m [04:05:54] 08bb2311a9704e819f37462590ec36ba	 200 0ms GET /json
[38;5;6m INFO[0m [04:05:54] 8d174c154644477eabaf0999b8ed958b	 200 0ms GET /json
[38;5;6m INFO[0m [04:05:54] 323d922070bd4bebb31cd8dec51e8104	 200 0ms GET /json
[38;5;6m INFO[0m [04:05:54] 9f8333e73ab941aaa7985dd69e8c4d4b	 200 0ms GET /json
[38;5;6m INFO[0m [04:05:54] 69d95d16019d416c924ead9a8b32e5e0	 200 0ms GET /json
[38;5;6m INFO[0m [04:05:54] 99887e46502540c3b1f94b8ab7b40174	 200 0ms GET /json
[38;5;6m INFO[0m [04:05:54] 6eb6d0827f004c8699c9881d380480ae	 200 0ms GET /json
[38;5;6m INFO[0m [04:05:54] 2c38385eef50427b94112f20bee6c9ed	 200 0ms GET /json
[38;5;6m INFO[0m [04:05:54] 8642917d216b431ebed774e5ac08f6ca	 200 0ms GET /json
[38;5;6m INFO[0m [04:05:54] c1061ab425954976a97968150099dbef	 200 0ms GET /json
[38;5;6m INFO[0m [04:05:54] 9a0431cb7f3f4bf78e2b18602b7d81f4	 200 0ms GET /json
[38;5;6m INFO[0m [04:05:54] 514abfc0af894d0e988fcc236278d633	 200 0ms GET /json
[38;5;6m INFO[0m [04:05:54] 985ea10c361749d78a98d9b5af74ccaa	 200 0ms GET /json
[38;5;6m INFO[0m [04:05:54] 8a5164e728994fedaf6567c0047266a3	 200 0ms GET /json
[38;5;6m INFO[0m [04:05:54] 521f5abe8dbc439d8b3edbcaaa493f63	 200 0ms GET /json
[38;5;6m INFO[0m [04:05:54] 1cef2843e9064d61a7035af5dbe9590d	 200 0ms GET /json
[38;5;6m INFO[0m [04:05:54] f5ca0d1a90114eac8633ea28719eb605	 200 0ms GET /json
[38;5;6m INFO[0m [04:05:54] 7fd5254831d24070a62f03d9e6bdde5f	 200 0ms GET /json
[38;5;6m INFO[0m [04:05:54] 6c9e5bab64b3430c87d8bdc7e366de51	 200 0ms GET /json
[38;5;6m INFO[0m [04:05:54] 7f53f12ebd294accbebf642b33dc4ed7	 200 0ms GET /json
[38;5;6m INFO[0m [04:05:54] 9d16346be7984224810e30a3f98ebcdc	 200 0ms GET /json
[38;5;6m INFO[0m [04:05:54] f523474522bf4414aef47bc0f061902d	 200 0ms GET /json
[38;5;6m INFO[0m [04:05:54] 2623227ea5ca403fb4e90d2e69ffaddd	 200 0ms GET /json
[38;5;6m INFO[0m [04:05:54] 78cda032e4ee4cbab5a5e2ff751f2356	 200 0ms GET /json
[38;5;6m INFO[0m [04:05:54] 1abf2d8028df452897ac6507e66e27ff	 200 0ms GET /json
[38;5;6m INFO[0m [04:05:54] a74ad6ec5b3e47c58fb33e0752856cca	 200 0ms GET /json
[38;5;6m INFO[0m [04:05:54] 8c0085081089416d9a10115c4ff3df33	 200 0ms GET /json
[38;5;6m INFO[0m [04:05:54] 5dc7971c719a467f910258351d4a17c8	 200 0ms GET /json
[38;5;6m INFO[0m [04:05:54] 06ab2edf017143e9a2d980dde82b4e2e	 200 0ms GET /json
[38;5;6m INFO[0m [04:05:54] 9e4e52c00a514259b7d9fc3b60c72a24	 200 0ms GET /json
[38;5;6m INFO[0m [04:05:54] bcb436ff99aa4bafa9db2db55a4f3369	 200 0ms GET /json
[38;5;6m INFO[0m [04:05:54] bd70bb4d6bc74a8cb0cb537ec522c373	 200 0ms GET /json
[38;5;6m INFO[0m [04:05:54] 70c59e09cab84a55ae28088588e52d75	 200 0ms GET /json
[38;5;6m INFO[0m [04:05:54] 99c3fd654fa0482581a922a3ddf14520	 200 0ms GET /json
[38;5;6m INFO[0m [04:05:54] 5fc367f0cc804c52bb2dd004093499c4	 200 0ms GET /json
[38;5;6m INFO[0m [04:05:54] 7c5ff928f2944846a9ac8f421f6a9195	 200 0ms GET /json
[38;5;6m INFO[0m [04:05:54] f901f34449ac4b7cb39d67da51ace109	 200 0ms GET /json
[38;5;6m INFO[0m [04:05:54] a085fd643724476ca0c97275d5a02029	 200 0ms GET /json
[38;5;6m INFO[0m [04:05:54] 969995af2fca4918a2b1f33c11a9a11e	 200 0ms GET /json
[38;5;6m INFO[0m [04:05:54] e5c083b20812433d9cf488070669b668	 200 0ms GET /json
[38;5;6m INFO[0m [04:05:54] f681532a47c04a4bbb07eb6339af87aa	 200 0ms GET /json
[38;5;6m INFO[0m [04:05:54] 7c9ef517e652487182916aed2e35fec3	 200 0ms GET /json
[38;5;6m INFO[0m [04:05:54] c81eea587539496683b5a33990d541c6	 200 0ms GET /json
[38;5;6m INFO[0m [04:05:54] 35b7f806dbfc447b844f4f3118236bd9	 200 0ms GET /json
[38;5;6m INFO[0m [04:05:54] d4a33c5454914a23af5b18566d966a90	 200 0ms GET /json
[38;5;6m INFO[0m [04:05:54] 7d3558e4b5bd441d9e49a7941724bcd6	 200 0ms GET /json
[38;5;6m INFO[0m [04:05:54] a009cc04511c41cd94b228f1fbdde169	 200 0ms GET /json
[38;5;6m INFO[0m [04:05:54] eb3cd4fc537f4370a870d7debcb0741d	 200 0ms GET /json
[38;5;6m INFO[0m [04:05:54] 618d2d4d05e748819b74abbab2f4439a	 200 0ms GET /json
[38;5;6m INFO[0m [04:05:54] 1a5e1aca4c8844c6a6b6e8b1507dff0d	 200 0ms GET /json
[38;5;6m INFO[0m [04:05:54] c8b2b7397e4a4886a53f5ebd789364a5	 200 0ms GET /json
[38;5;6m INFO[0m [04:05:54] 80413229866b408886cc86a62c1a2bcb	 200 0ms GET /json
[38;5;6m INFO[0m [04:05:54] 0654cbf222b74fe994ed7f5c3452006b	 200 0ms GET /json
[38;5;6m INFO[0m [04:05:54] f4d164a12974432db124ec99373df75a	 200 0ms GET /json
[38;5;6m INFO[0m [04:05:54] e58b681cfca342008bc651636231f3ba	 200 0ms GET /json
[38;5;6m INFO[0m [04:05:54] ed1aa5336eb74d8db9c465d7bf4955fb	 200 0ms GET /json
[38;5;6m INFO[0m [04:05:54] 263c6863c01b4dce8ca3b19b5f6fd177	 200 0ms GET /json
[38;5;6m INFO[0m [04:05:54] 9b21bf4982664b5ea5c922abc0315c60	 200 0ms GET /json
[38;5;6m INFO[0m [04:05:54] 33bf7495df9b4eb8a749e7667f92994d	 200 0ms GET /json
[38;5;6m INFO[0m [04:05:54] b8806d213a844d459f1479e90f754850	 200 0ms GET /json
[38;5;6m INFO[0m [04:05:54] 39dadb38a61043ddbc8a6484bb010c81	 200 0ms GET /json
[38;5;6m INFO[0m [04:05:54] b87396c80ce348c5bf1b0fa278b0af9f	 200 0ms GET /json
[38;5;6m INFO[0m [04:05:54] 6bddfe15ce414cafa67f8752b3cc14c8	 200 0ms GET /json
[38;5;6m INFO[0m [04:05:54] 8b66fc3213ba4d668dfb9470164f5e3c	 200 0ms GET /json
[38;5;6m INFO[0m [04:05:54] b409d5448ef947688d801b7ade75fceb	 200 0ms GET /json
[38;5;6m INFO[0m [04:05:54] 2696fe79e50e44bfa66a6070aa5075e5	 200 0ms GET /json
[38;5;6m INFO[0m [04:05:54] 457eca3f3a18420e9c071ae3a1277beb	 200 0ms GET /json
[38;5;6m INFO[0m [04:05:54] 1499deb1b69b459883a0c46934426ac9	 200 0ms GET /json
[38;5;6m INFO[0m [04:05:54] 47994c3ddb934b97be4b8c3323366691	 200 0ms GET /json
[38;5;6m INFO[0m [04:05:54] f71b2537fcb846edb09587dc8ec8ce59	 200 0ms GET /json
[38;5;6m INFO[0m [04:05:54] 300ea56d594148aebbaf7a99e7b6351c	 200 0ms GET /json
[38;5;6m INFO[0m [04:05:54] b27f8b380e1d46c78df6e27aa38da4c8	 200 0ms GET /json
[38;5;6m INFO[0m [04:05:54] 9b1a31d4ed0d4539ae8dac729d0e4fa5	 200 0ms GET /json
[38;5;6m INFO[0m [04:05:54] c00a1f955df647a4b02c4273be05db2f	 200 0ms GET /json
[38;5;6m INFO[0m [04:05:54] 4237ee11d785447ca25ae6ced85a86be	 200 0ms GET /json
[38;5;6m INFO[0m [04:05:54] fece9353ee5445ebbd05fc26337a3f3b	 200 0ms GET /json
[38;5;6m INFO[0m [04:05:54] fd0d356ee8ee4dcc83a092968529f95a	 200 0ms GET /json
[38;5;6m INFO[0m [04:05:54] 17118f1933054cd79e445a353b0d59d5	 200 0ms GET /json
[38;5;6m INFO[0m [04:05:54] be544a815af843aa95c74b11ed40f9d1	 200 0ms GET /json
[38;5;6m INFO[0m [04:05:54] ec148122708b4b01896b5c6d190c3530	 200 0ms GET /json
[38;5;6m INFO[0m [04:05:54] 4e0120f65a684f9ca540e291dfd6dbb3	 200 0ms GET /json
[38;5;6m INFO[0m [04:05:54] 1584294e14af47da8c200d4a8afece1d	 200 0ms GET /json
[38;5;6m INFO[0m [04:05:54] be16cf82d1d843c7b59a407f59f17215	 200 0ms GET /json
[38;5;6m INFO[0m [04:05:54] 39c2b296840e4c2d80f297c54d22b553	 200 0ms GET /json
[38;5;6m INFO[0m [04:05:54] 915fa274db9b4b80bdeddab79a2ef348	 200 0ms GET /json
[38;5;6m INFO[0m [04:05:54] 9080a20250c14dbba1e3cd096093cfa8	 200 0ms GET /json
[38;5;6m INFO[0m [04:05:54] 8f0a60d1780d4a8db681904c15be11dd	 200 0ms GET /json
[38;5;6m INFO[0m [04:05:54] a9baeb924c2f4859aa8a88a2633bee54	 200 0ms GET /json
[38;5;6m INFO[0m [04:05:54] e28c6843b426479fb2d0904a232a7b59	 200 0ms GET /json
[38;5;6m INFO[0m [04:05:56] 633f4f91d147455e86781d1a84c265bf	 200 0ms GET /json
[38;5;6m INFO[0m [04:05:56] b54a8b1d03ac4829bfec6e9135035fc6	 200 0ms GET /json
[38;5;6m INFO[0m [04:05:56] 8c5ba535ed7e4d07b1d1867bcc94060c	 200 0ms GET /json
[38;5;6m INFO[0m [04:05:56] f721545be76844229bd0602f4dbcfa10	 200 0ms GET /json
[38;5;6m INFO[0m [04:05:56] 7b70d0f3da2b4330a9c918c81962b083	 200 0ms GET /json
[38;5;6m INFO[0m [04:05:56] 823d06f6015c48b9becfcbdd8c403bb1	 200 0ms GET /json
[38;5;6m INFO[0m [04:05:56] 6a4e5f31e67142a585a59002143ae411	 200 0ms GET /json
[38;5;6m INFO[0m [04:05:56] 8725d610a5534181a66217fe77db533f	 200 0ms GET /json
[38;5;6m INFO[0m [04:05:56] 96c5f4f8e7fd447483d8311a1aaf8a4d	 200 0ms GET /json
[38;5;6m INFO[0m [04:05:56] 5c21ab06259441759582b41220597a61	 200 0ms GET /json
[38;5;6m INFO[0m [04:05:56] 004be7d874864e1e9b0ea35eb1e98e05	 200 0ms GET /json
[38;5;6m INFO[0m [04:05:56] 3141a8fa681b4cb09892b80264b2b867	 200 0ms GET /json
[38;5;6m INFO[0m [04:05:56] e23b7316b2b14b3a8500fdc8940a1cef	 200 0ms GET /json
[38;5;6m INFO[0m [04:05:56] 9b243c77155a49f49b391a4aa054aa94	 200 0ms GET /json
[38;5;6m INFO[0m [04:05:56] 5c5e15451a1f4636838c0ac7294c5e5b	 200 0ms GET /json
[38;5;6m INFO[0m [04:05:56] bc3c539f1aec436dae8e2cceef09d5cf	 200 0ms GET /json
[38;5;6m INFO[0m [04:05:56] 40ddcee26a2f445780a7c250a4214064	 200 0ms GET /json
[38;5;6m INFO[0m [04:05:56] 0b29fca5a3c8402a82b56355db8d2f65	 200 0ms GET /json
[38;5;6m INFO[0m [04:05:56] 18e1594ebd0a4df48dc7ce5f81e206e6	 200 0ms GET /json
[38;5;6m INFO[0m [04:05:56] a439ce65966e4bc692311388910996e3	 200 0ms GET /json
[38;5;6m INFO[0m [04:05:56] 6eb8b1cc33ee4684b84e289b2cc4374f	 200 0ms GET /json
[38;5;6m INFO[0m [04:05:56] cbda6590afd948b18ed416f787c334ec	 200 0ms GET /json
[38;5;6m INFO[0m [04:05:56] 925231fc93604f5785bddfe977757c8e	 200 0ms GET /json
[38;5;6m INFO[0m [04:05:56] ee098b7d17364138b1dfc334c2456345	 200 0ms GET /json
[38;5;6m INFO[0m [04:05:56] ab5a72578c5a48c5a34a5454355487a7	 200 0ms GET /json
[38;5;6m INFO[0m [04:05:56] e2ea4130457349808220e92750a51c49	 200 0ms GET /json
[38;5;6m INFO[0m [04:05:56] d4f9767e936745a28f0deb9429e88e35	 200 0ms GET /json
[38;5;6m INFO[0m [04:05:56] 6eee10fd069e470fb1609241e8673ea5	 200 0ms GET /json
[38;5;6m INFO[0m [04:05:56] 03ca4b7e8c2041458926102ff836b973	 200 0ms GET /json
[38;5;6m INFO[0m [04:05:56] cdb168e97ec94cdc9aaf579faa863592	 200 0ms GET /json
[38;5;6m INFO[0m [04:05:56] 14612df90d5c42b2bafefdc0dce36898	 200 0ms GET /json
[38;5;6m INFO[0m [04:05:56] ca22a4c7967d4b3bb13534f0262de240	 200 0ms GET /json
[38;5;6m INFO[0m [04:05:56] b8af965e31c24e6bb66e9435ba9a199e	 200 0ms GET /json
[38;5;6m INFO[0m [04:05:56] 9ada715f954b42149cb5cad18bb64bc0	 200 0ms GET /json
[38;5;6m INFO[0m [04:05:56] dd06cb5a632a41d7805c06a7ad2d27fb	 200 0ms GET /json
[38;5;6m INFO[0m [04:05:56] 71722c9b2fca48c4b937241a763e5537	 200 0ms GET /json
[38;5;6m INFO[0m [04:05:56] a446d61bbb844fa8987aadf1c5a088ac	 200 0ms GET /json
[38;5;6m INFO[0m [04:05:56] 3fbfc4ae09b941ed9d080ebd7489c2bc	 200 0ms GET /json
[38;5;6m INFO[0m [04:05:56] 68ff92ae80034c7786acd8164bc98708	 200 0ms GET /json
[38;5;6m INFO[0m [04:05:56] f2b572f37fa2444ba5ee8b8c6c9dd9ef	 200 0ms GET /json
[38;5;6m INFO[0m [04:05:56] 793dbcf1b6e54f2aab745613d3759b9c	 200 0ms GET /json
[38;5;6m INFO[0m [04:05:56] 8fb0d3e42beb4a6bb0898907e85d3d0a	 200 0ms GET /json
[38;5;6m INFO[0m [04:05:56] f93af7287403416ab1146e6ef465d62c	 200 0ms GET /json
[38;5;6m INFO[0m [04:05:56] 2a6beb78e7fa440a8cec0a459e6aece6	 200 0ms GET /json
[38;5;6m INFO[0m [04:05:56] 57ece07a4c814914ab170cefd2708c38	 200 0ms GET /json
[38;5;6m INFO[0m [04:05:56] f16e6acc72cf43d1afd6daa58c487ac6	 200 0ms GET /json
[38;5;6m INFO[0m [04:05:56] 968f5c0ca93a4100bcaf7d83199a9b2d	 200 0ms GET /json
[38;5;6m INFO[0m [04:05:56] d5db95a7c3274640ad541dca65313e17	 200 0ms GET /json
[38;5;6m INFO[0m [04:05:56] ad9dffe847b8411b861cb3999da03c2a	 200 0ms GET /json
[38;5;6m INFO[0m [04:05:56] 4839f0653e6140daa8f9b2026e1f115e	 200 0ms GET /json
[38;5;6m INFO[0m [04:05:56] a5e75a4f52e94f1fb774b826fcceb2d2	 200 0ms GET /json
[38;5;6m INFO[0m [04:05:56] 82d8fab9925b416483096ce652d46b97	 200 0ms GET /json
[38;5;6m INFO[0m [04:05:56] 0a30e69a1472429fa77d8fe41ed6e9ac	 200 0ms GET /json
[38;5;6m INFO[0m [04:05:56] 331bdcdd289148cc90fcc7c778e8b93d	 200 0ms GET /json
[38;5;6m INFO[0m [04:05:56] 4c38a215d873498098d94ccace52a189	 200 0ms GET /json
[38;5;6m INFO[0m [04:05:56] b223ac5d138344d5885a302ed34105e1	 200 0ms GET /json
[38;5;6m INFO[0m [04:05:56] cb3a8b1c563f4950a654d6f1538c193c	 200 0ms GET /json
[38;5;6m INFO[0m [04:05:56] 1ae273337e0c46d3b7897f48e3a588ad	 200 0ms GET /json
[38;5;6m INFO[0m [04:05:56] 852f30f6a86d4364afb3500d4408bac2	 200 0ms GET /json
[38;5;6m INFO[0m [04:05:56] 5d8424bfaf9b4804a65535a9855f9d96	 200 0ms GET /json
[38;5;6m INFO[0m [04:05:56] 03e4fb8d0e134deb9f102139bd1b7b18	 200 0ms GET /json
[38;5;6m INFO[0m [04:05:56] ef37d242536540e6b2d06d3109c9c9ee	 200 0ms GET /json
[38;5;6m INFO[0m [04:05:56] a97cc3bfc2c54164a74c91ff655d22eb	 200 0ms GET /json
[38;5;6m INFO[0m [04:05:56] 87a0c93bd9ba465fb7432d8a75579809	 200 0ms GET /json
[38;5;6m INFO[0m [04:05:56] 987647c966914f2b88e820678f295226	 200 0ms GET /json
[38;5;6m INFO[0m [04:05:56] c622020145c74bacb0ac30a65a879a5b	 200 0ms GET /json
[38;5;6m INFO[0m [04:05:56] acaec0a57c4345b88ac860198c3212e0	 200 0ms GET /json
[38;5;6m INFO[0m [04:05:56] f196d405a54045d79bbc46cb739667f4	 200 0ms GET /json
[38;5;6m INFO[0m [04:05:56] d3c9a142ff884b6d8316a0fffe29bc1c	 200 0ms GET /json
[38;5;6m INFO[0m [04:05:56] 62e79fd21f9b455ab3b7acdb44e8eb98	 200 0ms GET /json
[38;5;6m INFO[0m [04:05:56] 59bc74d44508428c83212554ee095ba6	 200 0ms GET /json
[38;5;6m INFO[0m [04:05:56] 53e1cd295cf44d4c851f1112f15f04f4	 200 0ms GET /json
[38;5;6m INFO[0m [04:05:56] d3ca05c7466e430299c1270901e596b8	 200 0ms GET /json
[38;5;6m INFO[0m [04:05:56] 7f33cffa24504d03a0d4fef6a3e2121a	 200 0ms GET /json
[38;5;6m INFO[0m [04:05:56] 80ebd231eca849c4819fd4bedd9ddba6	 200 0ms GET /json
[38;5;6m INFO[0m [04:05:56] 37f34250eb8943479143da73216bb980	 200 0ms GET /json
[38;5;6m INFO[0m [04:05:56] 68f365afb2d64d5d8d5186857f324c88	 200 0ms GET /json
[38;5;6m INFO[0m [04:05:56] 5d7ce193aaff4071969746458fe5a729	 200 0ms GET /json
[38;5;6m INFO[0m [04:05:56] 2698c6a252aa4ff3a643fc7de9e52f90	 200 0ms GET /json
[38;5;6m INFO[0m [04:05:56] 7666dfb70a4c43bc901e6b910352d9c9	 200 0ms GET /json
[38;5;6m INFO[0m [04:05:56] d5c5cb7456db4ac1b9ded8c97fe6c945	 200 0ms GET /json
[38;5;6m INFO[0m [04:05:56] 9a409edd25ed4555912e27b2d1e453ba	 200 0ms GET /json
[38;5;6m INFO[0m [04:05:56] a157d5d42ec844e9ac1de4f4bdefb4da	 200 0ms GET /json
[38;5;6m INFO[0m [04:05:56] 343d2f2c51874ce0a999286ec6a2d0b4	 200 0ms GET /json
[38;5;6m INFO[0m [04:05:56] 14a0213039fb4f02b7c6de34460617a1	 200 0ms GET /json
[38;5;6m INFO[0m [04:05:56] ec9d50dcd55d4a02b4743ad55b656125	 200 0ms GET /json
[38;5;6m INFO[0m [04:05:56] 92387b8945e04729a9b7a340f883ddfe	 200 0ms GET /json
[38;5;6m INFO[0m [04:05:56] 5a639cf0c9284557b4ff428be0aa67c6	 200 0ms GET /json
[38;5;6m INFO[0m [04:05:56] 388012ddc3374a64a1d4545faf8b4aa2	 200 0ms GET /json
[38;5;6m INFO[0m [04:05:56] 0fb127f52b5e431a804c0f3150d8a098	 200 0ms GET /json
[38;5;6m INFO[0m [04:05:56] 9b58796bac47462fa92c246e58715c79	 200 0ms GET /json
[38;5;6m INFO[0m [04:05:56] bab212e2490144f78f7ac0d70650a479	 200 0ms GET /json
[38;5;6m INFO[0m [04:05:56] 9f43d6eba9564543a2b5dabc449edb3d	 200 0ms GET /json
[38;5;6m INFO[0m [04:05:56] 493385eb77c74d5e88f5bb60ee911733	 200 0ms GET /json
[38;5;6m INFO[0m [04:05:56] 4c7641910aad494baf0360d5f08631e1	 200 0ms GET /json
[38;5;6m INFO[0m [04:05:56] 863c04a0917645408b58bb7248a12295	 200 0ms GET /json
[38;5;6m INFO[0m [04:05:56] 6f332ff573b941678047905fdfe295aa	 200 0ms GET /json
[38;5;6m INFO[0m [04:05:56] a0efee772ff144d8b5e8e8be4f1581cd	 200 0ms GET /json
[38;5;6m INFO[0m [04:05:56] d75d9c7c4ab2411f96c25dfe679e7e1d	 200 0ms GET /json
[38;5;6m INFO[0m [04:05:56] c972f68ba554402e8ac6c084dfe27be4	 200 0ms GET /json
[38;5;6m INFO[0m [04:05:56] dbd4d1e90b9f48e7bfb5f9b0168067ec	 200 0ms GET /json
[38;5;6m INFO[0m [04:05:56] e6cc889364c64857bfba4ca4cc1b0a73	 200 0ms GET /json
[38;5;6m INFO[0m [04:05:56] 14d66af713054f07b623ca81dcf35f67	 200 0ms GET /json
[38;5;6m INFO[0m [04:05:56] c5ad608957144a7784945389e66015cc	 200 0ms GET /json
[38;5;6m INFO[0m [04:05:56] 82831857cc9848e389effee26026b7cb	 200 0ms GET /json
[38;5;6m INFO[0m [04:05:56] 19d749b3e4e646cda7eb442caaebc041	 200 0ms GET /json
[38;5;6m INFO[0m [04:05:56] 108389299c2a4c37b174071d831551c2	 200 0ms GET /json
[38;5;6m INFO[0m [04:05:56] 3f684f66a6764994a46e3cf504317c95	 200 0ms GET /json
[38;5;6m INFO[0m [04:05:56] c3a54f5dcbcb4009b9e3424c3c37d31d	 200 0ms GET /json
[38;5;6m INFO[0m [04:05:56] e7c48502c12b4576a4d58c06ef2dc0ea	 200 0ms GET /json
[38;5;6m INFO[0m [04:05:56] ad0ab17c875a410781e4c09799efaa5f	 200 0ms GET /json
[38;5;6m INFO[0m [04:05:56] 0b1d2dfe35f540369c077a894b75d910	 200 0ms GET /json
[38;5;6m INFO[0m [04:05:56] 3df919eaac04430d83896a66317b558d	 200 0ms GET /json
[38;5;6m INFO[0m [04:05:56] 22f185adca994a0b90606fb916f7f91a	 200 0ms GET /json
[38;5;6m INFO[0m [04:05:56] 366d01977b5f4b408d9dc6d80ca2146c	 200 0ms GET /json
[38;5;6m INFO[0m [04:05:56] c1c1068c810c44b6996cbde8ee3957df	 200 0ms GET /json
[38;5;6m INFO[0m [04:05:56] 0aba1ad48f0340f4973d1d89e6756a31	 200 0ms GET /json
[38;5;6m INFO[0m [04:05:56] 9c468129b64447f2a0f8b87232ea67ae	 200 0ms GET /json
[38;5;6m INFO[0m [04:05:56] 59923d56b3d04d4c8dc0272bf2566f3e	 200 0ms GET /json
[38;5;6m INFO[0m [04:05:56] a71f660e87274576a8f5979d66be5b04	 200 0ms GET /json
[38;5;6m INFO[0m [04:05:56] fb0577c7920a4b4aa2c05223064263ad	 200 0ms GET /json
[38;5;6m INFO[0m [04:05:56] 8861cd35f6f2476f957c4d041ec3ca82	 200 0ms GET /json
[38;5;6m INFO[0m [04:05:56] d8ca4f8a0f2b41d19f0d9f50322fe001	 200 0ms GET /json
[38;5;6m INFO[0m [04:05:56] b1be132ef43d4e23bd6ffa48bb6544b1	 200 0ms GET /json
[38;5;6m INFO[0m [04:05:56] 67fe0de7cc1c457ab17d113255f352b1	 200 0ms GET /json
[38;5;6m INFO[0m [04:05:56] abb3678c3c1847a585fdb057f5a2b012	 200 0ms GET /json
[38;5;6m INFO[0m [04:05:56] 4c1406d9760e401a9747faaa88a7a9fd	 200 0ms GET /json
[38;5;6m INFO[0m [04:05:56] d60b8676bd3f4bef8f330542ba768a51	 200 0ms GET /json
[38;5;6m INFO[0m [04:05:56] d97730338f8e4e2bb2c505f120ba0ac9	 200 0ms GET /json
[38;5;6m INFO[0m [04:05:56] 27de521d8e634b9eac91c25e7b59e690	 200 0ms GET /json
[38;5;6m INFO[0m [04:05:56] 3713df9e2136431ca51fdf42c6a149de	 200 0ms GET /json
[38;5;6m INFO[0m [04:05:56] c2f166fe38b74526940d722b70bcfcc5	 200 0ms GET /json
[38;5;6m INFO[0m [04:05:56] cf0f95e375c44c078de4c225e0effe20	 200 0ms GET /json
[38;5;6m INFO[0m [04:05:56] 58616895720b4572926c2571a2c806e7	 200 0ms GET /json
[38;5;6m INFO[0m [04:05:56] 0fdafcfbbdb043378ec482a1820021dc	 200 0ms GET /json
[38;5;6m INFO[0m [04:05:56] 38245984f655438588cde998683a16cf	 200 0ms GET /json
[38;5;6m INFO[0m [04:05:56] 1abff5482df249fcb07f1e8418e5f6a6	 200 0ms GET /json
[38;5;6m INFO[0m [04:05:56] 293527b6945849a5a13b081193afe709	 200 0ms GET /json
[38;5;6m INFO[0m [04:05:56] 993c7eff7bb44c1ebdef3b91665732c7	 200 0ms GET /json
[38;5;6m INFO[0m [04:05:56] 02c00e921e9846a38f82188a4a2e79aa	 200 0ms GET /json
[38;5;6m INFO[0m [04:05:56] e4d5139ac5e14aae9ba946b02491d02e	 200 0ms GET /json
[38;5;6m INFO[0m [04:05:56] 9fd43880a54e4d36a339ba4123adcbbe	 200 0ms GET /json
[38;5;6m INFO[0m [04:05:56] bca3ad068dd14fe5989b2e552950e1f9	 200 0ms GET /json
[38;5;6m INFO[0m [04:05:56] 8365e1c7475e4ed1845dd31462392660	 200 0ms GET /json
[38;5;6m INFO[0m [04:05:56] 055a4fb21711413ca51272f2662f55bb	 200 0ms GET /json
[38;5;6m INFO[0m [04:05:56] 29020244f70e44749280bd0e3f8d3c08	 200 0ms GET /json
[38;5;6m INFO[0m [04:05:56] ba23bcb6d08046868b84c6db1622a384	 200 0ms GET /json
[38;5;6m INFO[0m [04:05:56] 54eadab426864547a2470abdae187852	 200 0ms GET /json
[38;5;6m INFO[0m [04:05:56] 80bfc07a33794d248c071d846c31c5ef	 200 0ms GET /json
[38;5;6m INFO[0m [04:05:56] 9b6170e79b644b84b38e6b57fa54e8a3	 200 0ms GET /json
[38;5;6m INFO[0m [04:05:56] ffffa00a2e564e3a8e79a4e912763094	 200 0ms GET /json
[38;5;6m INFO[0m [04:05:56] d40605f0acb24a56add2d3118899f5ab	 200 0ms GET /json
[38;5;6m INFO[0m [04:05:56] 8d11c6ddedaa449f814bf5ed52803390	 200 0ms GET /json
[38;5;6m INFO[0m [04:05:56] 1e44b011bb0747b1b2fd5ca1b88f7ca1	 200 0ms GET /json
[38;5;6m INFO[0m [04:05:56] 84424bea55074b6895dbe31d27b62454	 200 0ms GET /json
[38;5;6m INFO[0m [04:05:56] 9e538cbe278b4c89a27e59f9c55dc725	 200 0ms GET /json
[38;5;6m INFO[0m [04:05:56] c09a53f23c5a4b8d97809eb5b3bc7d76	 200 0ms GET /json
[38;5;6m INFO[0m [04:05:56] 73146a8c86114810b8009dac491dc7ce	 200 0ms GET /json
[38;5;6m INFO[0m [04:05:56] 255afe6b331c4acbad98de9ef8ef4be4	 200 0ms GET /json
[38;5;6m INFO[0m [04:05:56] c505b467f81945e4a7954dc09e654785	 200 0ms GET /json
[38;5;6m INFO[0m [04:05:56] ab177ed7932b4a1c9d38b161418c5399	 200 0ms GET /json
[38;5;6m INFO[0m [04:05:56] ea905aedfc3f4f1d969c86e9feddd09d	 200 0ms GET /json
[38;5;6m INFO[0m [04:05:56] d92fdd992da6430780edc584c0044263	 200 0ms GET /json
[38;5;6m INFO[0m [04:05:56] 8d23c07d3543486a8e24ff837e4926e0	 200 0ms GET /json
[38;5;6m INFO[0m [04:05:56] 219786e3a565478189b8e9b6bf9b1c1a	 200 0ms GET /json
[38;5;6m INFO[0m [04:05:56] 0286b39aa7564e43b79b3b5a6c59d00f	 200 0ms GET /json
[38;5;6m INFO[0m [04:05:56] 7eb2b937bdbf47da966959c666a4701d	 200 0ms GET /json
[38;5;6m INFO[0m [04:05:56] e66fdcdc89704d84b4fba599068e24f8	 200 0ms GET /json
[38;5;6m INFO[0m [04:05:56] 3b1386e3aa914015b41701a91d8dfc9e	 200 0ms GET /json
[38;5;6m INFO[0m [04:05:56] dc7beb93979147ca9ff36aed3a68dff4	 200 0ms GET /json
[38;5;6m INFO[0m [04:05:56] 875fdc5243df41a0b99303f1b7f4e4d8	 200 0ms GET /json
[38;5;6m INFO[0m [04:05:56] 0b21417050cd4d1eb1c408056593c646	 200 0ms GET /json
[38;5;6m INFO[0m [04:05:56] 32010c7e40a54cddb89af7a12ec0dd53	 200 0ms GET /json
[38;5;6m INFO[0m [04:05:56] e55ab11f837545f8962f6c8141815cdb	 200 0ms GET /json
[38;5;6m INFO[0m [04:05:56] bc19859dc1a24e0f8018a4eee5c64cb6	 200 0ms GET /json
[38;5;6m INFO[0m [04:05:56] b2e28c83c3d648429e7d31965ac7ed1a	 200 0ms GET /json
[38;5;6m INFO[0m [04:05:56] 787b83f936024e75be176f37c69b6e46	 200 0ms GET /json
[38;5;6m INFO[0m [04:05:56] 77d5675baa4147a8a9afa7e0393005a0	 200 0ms GET /json
[38;5;6m INFO[0m [04:05:56] b3bbd7f832fc458cac8bde3e0d6d42cc	 200 0ms GET /json
[38;5;6m INFO[0m [04:05:56] cf4e88ca8fa94006b79b249337d60177	 200 0ms GET /json
[38;5;6m INFO[0m [04:05:56] a4733e1662804e7ca0c62b7d979af8b8	 200 0ms GET /json
[38;5;6m INFO[0m [04:05:56] 1cdcd8d5018f4a2980143348bd425b42	 200 0ms GET /json
[38;5;6m INFO[0m [04:05:56] 18c5b101ad2543e39b59c99648dfea9c	 200 0ms GET /json
[38;5;6m INFO[0m [04:05:56] 3ab03a7ad47e4e65a987198bd67603c8	 200 0ms GET /json
[38;5;6m INFO[0m [04:05:56] e502613a221b4b859f01c5b82b6fafcd	 200 0ms GET /json
[38;5;6m INFO[0m [04:05:56] 889bb3d3acc64eed97c28a0cbfd906dd	 200 0ms GET /json
[38;5;6m INFO[0m [04:05:56] b745148775e2418d9fce38847d4b406e	 200 0ms GET /json
[38;5;6m INFO[0m [04:05:56] 64f3715b3ee94e0cbf93ba013facadf9	 200 0ms GET /json
[38;5;6m INFO[0m [04:05:56] 07eb33d495a24582bd83a90f25b39b05	 200 0ms GET /json
[38;5;6m INFO[0m [04:05:56] 2b6434e4393e45f9bdcf8678dbececb3	 200 0ms GET /json
[38;5;6m INFO[0m [04:05:56] b105dea7544f4979b0c954784a09831d	 200 0ms GET /json
[38;5;6m INFO[0m [04:05:56] 9d2d56c93706412785367b0bd806b4a7	 200 0ms GET /json
[38;5;6m INFO[0m [04:05:56] 0e2f1c010d84456ca56d2ddf44faf03f	 200 0ms GET /json
[38;5;6m INFO[0m [04:05:56] 8fb95f26805d44eea71703ed2a923b08	 200 0ms GET /json
[38;5;6m INFO[0m [04:05:56] ea5d91ed9b4c47309ca87e944d88a15e	 200 0ms GET /json
[38;5;6m INFO[0m [04:05:56] 6643a825aad346318ad3a7672a072040	 200 0ms GET /json
[38;5;6m INFO[0m [04:05:56] b98275c3ad7943c9966b3e5dcd505aa7	 200 0ms GET /json
[38;5;6m INFO[0m [04:05:56] 88333ee09b7e4f6fab9ead20a9bffa19	 200 0ms GET /json
[38;5;6m INFO[0m [04:05:56] 4905125fe2c0444f9f4aae592d679825	 200 0ms GET /json
[38;5;6m INFO[0m [04:05:56] e6e2f1e5386f487bac33dc2711f0513c	 200 0ms GET /json
[38;5;6m INFO[0m [04:05:56] 3ccf58df4d234822ba3f6074e0e5c874	 200 0ms GET /json
[38;5;6m INFO[0m [04:05:56] 1e78a02e652346bcbafc608498329a88	 200 0ms GET /json
[38;5;6m INFO[0m [04:05:56] d8d1f0987b4f421f88e9a7bfd1e43d93	 200 0ms GET /json
[38;5;6m INFO[0m [04:05:56] 3f85ebc158004adca30e85d0f5c85de9	 200 0ms GET /json
[38;5;6m INFO[0m [04:05:56] 08235c161c69470db422d8de9a549be9	 200 0ms GET /json
[38;5;6m INFO[0m [04:05:56] 4578df26c7c344849102df9886273a74	 200 0ms GET /json
[38;5;6m INFO[0m [04:05:56] 24bb751e632a48c29e67fb21e47c7c02	 200 0ms GET /json
[38;5;6m INFO[0m [04:05:56] 38edb6c3edb4422a820ab5218232631d	 200 0ms GET /json
[38;5;6m INFO[0m [04:05:56] a5584d86e0b14ea8a0d11ac5f4c449e7	 200 0ms GET /json
[38;5;6m INFO[0m [04:05:56] dfde5f0054af41e4a98c82223b71370d	 200 0ms GET /json
[38;5;6m INFO[0m [04:05:56] bcfafcd0f6d24259b276e78f4ccec161	 200 0ms GET /json
[38;5;6m INFO[0m [04:05:56] 6280cad451d246cca2da40b44c64a002	 200 0ms GET /json
[38;5;6m INFO[0m [04:05:56] d7ec6df5061d4cd1a178013553af5079	 200 0ms GET /json
[38;5;6m INFO[0m [04:05:56] 9994448c80e1497a987c803d8905cc57	 200 0ms GET /json
[38;5;6m INFO[0m [04:05:56] 0c30cd7143114a539f05342916847ef5	 200 0ms GET /json
[38;5;6m INFO[0m [04:05:56] 78a1fda2f7f4456b9aaedec7b3db9016	 200 0ms GET /json
[38;5;6m INFO[0m [04:05:56] 266118caba6f48a8ad81159b10732c19	 200 0ms GET /json
[38;5;6m INFO[0m [04:05:56] f6de07a7f22b4645beb05f142e05286b	 200 0ms GET /json
[38;5;6m INFO[0m [04:05:56] 37d364cacfc342439bb141d1de071471	 200 0ms GET /json
[38;5;6m INFO[0m [04:05:56] d6f08b1861f14055ad9dc0dd44ece578	 200 0ms GET /json
[38;5;6m INFO[0m [04:05:56] c1d7750e33d1456299c17f1529c3f2b7	 200 0ms GET /json
[38;5;6m INFO[0m [04:05:56] 940308b41fa6421c8a27fc27ac3bc550	 200 0ms GET /json
[38;5;6m INFO[0m [04:05:56] f5b3e41921084941b9fc4b30e595f82e	 200 0ms GET /json
[38;5;6m INFO[0m [04:05:56] b96b318b7aff4248ba28448ffe0388b9	 200 0ms GET /json
[38;5;6m INFO[0m [04:05:56] b0c022227d0c47a9a01aefcfcd90c6b5	 200 0ms GET /json
[38;5;6m INFO[0m [04:05:56] 92c07b0104f94d6cb4ef8c0321715231	 200 0ms GET /json
[38;5;6m INFO[0m [04:05:56] 52f79d084d5e44d58994740b307b592c	 200 0ms GET /json
[38;5;6m INFO[0m [04:05:56] e60eaf2047d547d3bb0b8b829338b500	 200 0ms GET /json
[38;5;6m INFO[0m [04:05:56] fe34142defb84c2e85698dd243267f4b	 200 0ms GET /json
[38;5;6m INFO[0m [04:05:56] 6923e0ab40084bd6ad05fe8f2b990f8b	 200 0ms GET /json
[38;5;6m INFO[0m [04:05:56] c934e6d7af564d3ea4963e5abc5648f5	 200 0ms GET /json
[38;5;6m INFO[0m [04:05:56] 0b076201bd11439584105059d595089d	 200 0ms GET /json
[38;5;6m INFO[0m [04:05:56] 588344e238ed42d389317d39f973e071	 200 0ms GET /json
[38;5;6m INFO[0m [04:05:56] c3a8e39ccc374a20a1c12f2ff698163a	 200 0ms GET /json
[38;5;6m INFO[0m [04:05:56] 470a4b20f277406ea746b8de5abfb4c5	 200 0ms GET /json
[38;5;6m INFO[0m [04:05:56] c85048d9f15e44a59dcfe317f1bfee21	 200 0ms GET /json
[38;5;6m INFO[0m [04:05:56] 98c492a44589459c881ef2e5a47eaece	 200 0ms GET /json
[38;5;6m INFO[0m [04:05:56] c2badb13ad2c4566abb9c11d9a74ee08	 200 0ms GET /json
[38;5;6m INFO[0m [04:05:56] 8440e77015c945c9bb72477d10b387c6	 200 0ms GET /json
[38;5;6m INFO[0m [04:05:56] 1973b274d1e148658728a8fcce254665	 200 0ms GET /json
[38;5;6m INFO[0m [04:05:56] 0b099c34db7c458eb0ce4f807c75ab05	 200 0ms GET /json
[38;5;6m INFO[0m [04:05:56] eca12e4ffb5a4caab79344c35b465518	 200 0ms GET /json
[38;5;6m INFO[0m [04:05:56] 678e38ec5125484197346cd817c8088c	 200 0ms GET /json
[38;5;6m INFO[0m [04:05:56] 048b4b9ce1ed4106a768008913c1388c	 200 0ms GET /json
[38;5;6m INFO[0m [04:05:56] 4d359ebd6ca84cdeb4eb135a59094a97	 200 0ms GET /json
[38;5;6m INFO[0m [04:05:56] 3afadedf983044ec94d165454c739918	 200 0ms GET /json
[38;5;6m INFO[0m [04:05:56] b39c294d1a8a404784cee11ae06d7426	 200 0ms GET /json
[38;5;6m INFO[0m [04:05:56] 252883748c3447b89e83999ea2656a4d	 200 0ms GET /json
[38;5;6m INFO[0m [04:05:56] 42115c7c2e00412893d62c89d6a82ed9	 200 0ms GET /json
[38;5;6m INFO[0m [04:05:56] 6bf86af1809d4dfbbc6f09c1d337b3c3	 200 0ms GET /json
[38;5;6m INFO[0m [04:05:56] 47c1027616ab4bd6ae055f84725ecc3a	 200 0ms GET /json
[38;5;6m INFO[0m [04:05:56] aed6ac5ba3a94c2ea1eb7d7641233b0f	 200 0ms GET /json
[38;5;6m INFO[0m [04:05:56] 5338db504a8a46e08ee3fec43ee8d742	 200 0ms GET /json
[38;5;6m INFO[0m [04:05:56] c9c2b541a2104bd6a2c5133c924c8959	 200 0ms GET /json
[38;5;6m INFO[0m [04:05:56] 985bcff59f274c75909a7d991ae8403f	 200 0ms GET /json
[38;5;6m INFO[0m [04:05:56] 99e7c4238eaa40af808bd04f365f92c3	 200 0ms GET /json
[38;5;6m INFO[0m [04:05:56] cce67fe6c2e245f4bc019f91ce6b8a99	 200 0ms GET /json
[38;5;6m INFO[0m [04:05:56] 6f8be5f1d5a84f89925b00dd2490bd30	 200 0ms GET /json
[38;5;6m INFO[0m [04:05:56] 7af8ee65ddd44c309d7bf66751d2b2e4	 200 0ms GET /json
[38;5;6m INFO[0m [04:05:56] 30460627619c46f1b44f3985699ba165	 200 0ms GET /json
[38;5;6m INFO[0m [04:05:56] c212f7d0ef4e482baeb6699e5a23f60d	 200 0ms GET /json
[38;5;6m INFO[0m [04:05:56] ff69a5661e8047e4b4b9f849bdda19dc	 200 0ms GET /json
[38;5;6m INFO[0m [04:05:56] 81c7630c3c8d4cc9a8a14257222f5b56	 200 0ms GET /json
[38;5;6m INFO[0m [04:05:56] cb75a42c33c448d6ab4e4470a3dd9d84	 200 0ms GET /json
[38;5;6m INFO[0m [04:05:56] d4384000f9bf44dcaab223762dacb121	 200 0ms GET /json
[38;5;6m INFO[0m [04:05:56] 65c58deffa2e4d35bbf7280778a268d9	 200 0ms GET /json
[38;5;6m INFO[0m [04:05:56] 7b4bd00bce4a4f77bed9da915b5f3401	 200 0ms GET /json
[38;5;6m INFO[0m [04:05:56] daf8a35a3ca64244a60260e7e26872ed	 200 0ms GET /json
[38;5;6m INFO[0m [04:05:56] 3de9e0bf3eef40f7bc52faf7cb936332	 200 0ms GET /json
[38;5;6m INFO[0m [04:05:56] 1fd1c7d2f7d946ffa162e02886ab1b6f	 200 0ms GET /json
[38;5;6m INFO[0m [04:05:56] 75400ee664ac401bae42a6a0f0bad721	 200 0ms GET /json
[38;5;6m INFO[0m [04:05:56] 101b0e4faa034621aac5f3289ced4c1a	 200 0ms GET /json
[38;5;6m INFO[0m [04:05:56] ef969e53d1de4cc28afe383d4e447151	 200 0ms GET /json
[38;5;6m INFO[0m [04:05:56] 1829f93578aa4a55a3b0fc9735a3c9f9	 200 0ms GET /json
[38;5;6m INFO[0m [04:05:56] 682f971f002b42638b5d55007f9ea519	 200 0ms GET /json
[38;5;6m INFO[0m [04:05:56] 19bf31355eb642d1a2c6d3aec573ec35	 200 0ms GET /json
[38;5;6m INFO[0m [04:05:56] 7503a57b241541a093acc473ef2068b8	 200 0ms GET /json
[38;5;6m INFO[0m [04:05:56] c00ecf2b06d24457ab69ee64987a4ab9	 200 0ms GET /json
[38;5;6m INFO[0m [04:05:56] 75eac46808814164b8433084f83030b2	 200 0ms GET /json
[38;5;6m INFO[0m [04:05:56] 1544a591f26f463ea1699afa24eb0da7	 200 0ms GET /json
[38;5;6m INFO[0m [04:05:56] 43b2242a43724a1fbd60107015b719d1	 200 0ms GET /json
[38;5;6m INFO[0m [04:05:56] 91d04c5a8bd442b89b6fb48d67f1bd4c	 200 0ms GET /json
[38;5;6m INFO[0m [04:05:56] 8672c2cb524c45d1af8033653239772e	 200 0ms GET /json
[38;5;6m INFO[0m [04:05:56] d4a379dc90aa4aab81e8b70cdd7fc712	 200 0ms GET /json
[38;5;6m INFO[0m [04:05:56] 18bee36df12e4c1697c5c29417a1bb7e	 200 0ms GET /json
[38;5;6m INFO[0m [04:05:56] c78c75e18848475eb83215bf77c9e40b	 200 0ms GET /json
[38;5;6m INFO[0m [04:05:56] b0ffd52fe7a64c9f8de8d89b10a9496d	 200 0ms GET /json
[38;5;6m INFO[0m [04:05:56] 0c488c92967a438a93758359e7e81efc	 200 0ms GET /json
[38;5;6m INFO[0m [04:05:56] 7be67cf892504753a7d60c08dbc98608	 200 0ms GET /json
[38;5;6m INFO[0m [04:05:56] 4ec6609f944343f6a2dd6546e46dd427	 200 0ms GET /json
[38;5;6m INFO[0m [04:05:56] 31d030ea1f86495f96eebb9fe4b1ef72	 200 0ms GET /json
[38;5;6m INFO[0m [04:05:56] 8fca9453040c4b16b352d1c43e9b398b	 200 0ms GET /json
[38;5;6m INFO[0m [04:05:56] 1d8701e11b5043b3a4eddd15d5f9629e	 200 0ms GET /json
[38;5;6m INFO[0m [04:05:56] ba97ce11c86446519dc45ad9326c5f90	 200 0ms GET /json
[38;5;6m INFO[0m [04:05:56] 4b0055e7361b4f84ace6caf4e6b095c5	 200 0ms GET /json
[38;5;6m INFO[0m [04:05:56] b6ef2d2679d94f6d98add02d67f90175	 200 0ms GET /json
[38;5;6m INFO[0m [04:05:56] 085cfc92ea6445f49bda515cc6ff2a95	 200 0ms GET /json
[38;5;6m INFO[0m [04:05:56] d1681925fc9c41b0a2bc531b44644f04	 200 0ms GET /json
[38;5;6m INFO[0m [04:05:56] af852111d37d4a0aa5ed74a05a202255	 200 0ms GET /json
[38;5;6m INFO[0m [04:05:56] 7ebdbd7e0039450e96a614bbcece3209	 200 0ms GET /json
[38;5;6m INFO[0m [04:05:58] 57846ae4a9f345af90c699fa441a8442	 200 0ms GET /json
[38;5;6m INFO[0m [04:05:58] bd9288d878a443ccbaa645866a42f8bc	 200 0ms GET /json
[38;5;6m INFO[0m [04:05:58] 230c669113ed4e1aae81fc109f7ca688	 200 0ms GET /json
[38;5;6m INFO[0m [04:05:58] ce133fc33ab74030954a78d8c2b658aa	 200 0ms GET /json
[38;5;6m INFO[0m [04:05:58] d6c511ce49ab4ad3a37c8663ffa2518f	 200 0ms GET /json
[38;5;6m INFO[0m [04:05:58] b9742026e31243dca3d69efea12a89fe	 200 0ms GET /json
[38;5;6m INFO[0m [04:05:58] f011dd1a9eb047dda8cf06df574998d9	 200 0ms GET /json
[38;5;6m INFO[0m [04:05:58] 8316eb930c3f4f5f8caa59c475b38cab	 200 0ms GET /json
[38;5;6m INFO[0m [04:05:58] 14e515967a9b4fc5b56dac60b5a304af	 200 0ms GET /json
[38;5;6m INFO[0m [04:05:58] bc8c1e5b741848f1820b1e7c60ef3bdc	 200 0ms GET /json
[38;5;6m INFO[0m [04:05:58] c3a987326885483b94d9cb38d7bc1dc7	 200 0ms GET /json
[38;5;6m INFO[0m [04:05:58] 082904d4b748440290836e32e427f9e9	 200 0ms GET /json
[38;5;6m INFO[0m [04:05:58] f02bcc5a8501447abccf24833e76361a	 200 0ms GET /json
[38;5;6m INFO[0m [04:05:58] 249866efa7a84583a58de1b9e035fbc4	 200 0ms GET /json
[38;5;6m INFO[0m [04:05:58] c9e2db203f484b8f8bda2f2d1272ec16	 200 0ms GET /json
[38;5;6m INFO[0m [04:05:58] af05ac7de5554da59100b914d9fafbb9	 200 0ms GET /json
[38;5;6m INFO[0m [04:05:58] 28527bc2ee374cfcaf8cc53264636ba5	 200 0ms GET /json
[38;5;6m INFO[0m [04:05:58] 8fa5142b0d5841a2875917c5bf608ca7	 200 0ms GET /json
[38;5;6m INFO[0m [04:05:58] 6046a83804544b0f85ea6eb6bc6e41b5	 200 0ms GET /json
[38;5;6m INFO[0m [04:05:58] 887ca993468046eeaa3869fea0404845	 200 0ms GET /json
[38;5;6m INFO[0m [04:05:58] 086b684e3cb14721bf84957917f52070	 200 0ms GET /json
[38;5;6m INFO[0m [04:05:58] 64f2a8e4fc074953b6155f027755d910	 200 0ms GET /json
[38;5;6m INFO[0m [04:05:58] d4542f6b9c9d4d3a8e327e74ee7dff7f	 200 0ms GET /json
[38;5;6m INFO[0m [04:05:58] 865019ad06b441c39f1d6d6ffe015ef6	 200 0ms GET /json
[38;5;6m INFO[0m [04:05:58] bc1c2a93116f49f1bdf29c0fcb84b568	 200 0ms GET /json
[38;5;6m INFO[0m [04:05:58] b1b122bb7ff449f59a067acd0585c558	 200 0ms GET /json
[38;5;6m INFO[0m [04:05:58] 54669e9ee17a4592922a7a60d99c4f95	 200 0ms GET /json
[38;5;6m INFO[0m [04:05:58] e8af0de455964f648d06a6334b883283	 200 0ms GET /json
[38;5;6m INFO[0m [04:05:58] ffacf627ee6543a6940d960bab51f400	 200 0ms GET /json
[38;5;6m INFO[0m [04:05:58] bc8f1716d21e4b5db6662bc9be70e68c	 200 0ms GET /json
[38;5;6m INFO[0m [04:05:58] 0ca934b583d54b51992ea160edebf5ac	 200 0ms GET /json
[38;5;6m INFO[0m [04:05:58] 760391c7bc0e4f61b0a0dafbaa1455a1	 200 0ms GET /json
[38;5;6m INFO[0m [04:05:58] 5f8214e1bf7b4b8995ce2e9734de3c07	 200 0ms GET /json
[38;5;6m INFO[0m [04:05:58] 09e582ef963a490cae00c2423cd4888e	 200 0ms GET /json
[38;5;6m INFO[0m [04:05:58] d6ce43c949cd4cfe98c64087f1017e7f	 200 0ms GET /json
[38;5;6m INFO[0m [04:05:58] e42f98fdcc1544ee8a8f1692d84e71c9	 200 0ms GET /json
[38;5;6m INFO[0m [04:05:58] 4498cd87cdbc4bfab7d909645c40db78	 200 0ms GET /json
[38;5;6m INFO[0m [04:05:58] 37996c47d1b149328610e39085d4df62	 200 0ms GET /json
[38;5;6m INFO[0m [04:05:58] b5db6d8378454291b8492b38053bee75	 200 0ms GET /json
[38;5;6m INFO[0m [04:05:58] e9896400b87c4dd0aa4ba7a2213d9ec6	 200 0ms GET /json
[38;5;6m INFO[0m [04:05:58] fad15d5d0a5e4a8a9e6b909704584ff7	 200 0ms GET /json
[38;5;6m INFO[0m [04:05:58] a7cc973c28f8438298fffaeb967b34d9	 200 0ms GET /json
[38;5;6m INFO[0m [04:05:58] 3166954e520e4df684fa87e063f9b75e	 200 0ms GET /json
[38;5;6m INFO[0m [04:05:58] 72078cc67aef4916bfe23526b7a44f25	 200 0ms GET /json
[38;5;6m INFO[0m [04:05:58] 0376904e932f473782481414e7948d9e	 200 0ms GET /json
[38;5;6m INFO[0m [04:05:58] cb83656982584f1d83261def801b7371	 200 0ms GET /json
[38;5;6m INFO[0m [04:05:58] 13b603afc4df4807b054ab496179d25c	 200 0ms GET /json
[38;5;6m INFO[0m [04:05:58] 2f3363d8b7bc436fbabdfbfd663e3831	 200 0ms GET /json
[38;5;6m INFO[0m [04:05:58] 904a51e7daa24c919d4a52332285e6ab	 200 0ms GET /json
[38;5;6m INFO[0m [04:05:58] e83d45ba24904537994181201ecf2983	 200 0ms GET /json
[38;5;6m INFO[0m [04:05:58] 05021d4033d649479e57c7765b8dc8fb	 200 0ms GET /json
[38;5;6m INFO[0m [04:05:58] 27ec929125dc40c98d091779c9e98cc2	 200 0ms GET /json
[38;5;6m INFO[0m [04:05:58] 0300b11961954951a4b9f50e8b98758b	 200 0ms GET /json
[38;5;6m INFO[0m [04:05:58] d718689437fd490d8ac510954f7c045c	 200 0ms GET /json
[38;5;6m INFO[0m [04:05:58] b3e8b049295a4cd4941f7cca872f2707	 200 0ms GET /json
[38;5;6m INFO[0m [04:05:58] dc4670b7502b48068cb09e2d3eed6c8f	 200 0ms GET /json
[38;5;6m INFO[0m [04:05:58] f4342c59e11e4b11b37aba10cd0fc08d	 200 0ms GET /json
[38;5;6m INFO[0m [04:05:58] 23f9b59a6dff4f25a7599eec5a99d55b	 200 0ms GET /json
[38;5;6m INFO[0m [04:05:58] 1c5692a72e3342a5be6dcb5ad0895633	 200 0ms GET /json
[38;5;6m INFO[0m [04:05:58] bd84f3e4dd334bdeb751a3ceef069c33	 200 0ms GET /json
[38;5;6m INFO[0m [04:05:58] 500ece5d4c2943a8a88438f7cbb50b9b	 200 0ms GET /json
[38;5;6m INFO[0m [04:05:58] 0b892033af544067b736b5991378036d	 200 0ms GET /json
[38;5;6m INFO[0m [04:05:58] d72a6bba71934ac7973b541277b6f7f7	 200 0ms GET /json
[38;5;6m INFO[0m [04:05:58] 16e20f7b03cf4b36a80e5d396c8d201a	 200 0ms GET /json
[38;5;6m INFO[0m [04:05:58] 308ffcfff6194104a7f84766aa29ef5b	 200 0ms GET /json
[38;5;6m INFO[0m [04:05:58] fa84bb9618b242bbb1293768f638a703	 200 0ms GET /json
[38;5;6m INFO[0m [04:05:58] cb44a66ecbad4523b97ce47d9cfdfc40	 200 0ms GET /json
[38;5;6m INFO[0m [04:05:58] a1d32151abb143369978a338862bab3d	 200 0ms GET /json
[38;5;6m INFO[0m [04:05:58] 778f605fa4814e38b996b7babce32ee1	 200 0ms GET /json
[38;5;6m INFO[0m [04:05:58] 33bd6c1e8c6e4dc4bd063920cb4e1bd0	 200 0ms GET /json
[38;5;6m INFO[0m [04:05:58] 2456d43238454e3696b0a673bed0ba43	 200 0ms GET /json
[38;5;6m INFO[0m [04:05:58] adb76945b0e74385a68f7d12b20aedcf	 200 0ms GET /json
[38;5;6m INFO[0m [04:05:58] adeaec1af5684b54b0d8635d111230d8	 200 0ms GET /json
[38;5;6m INFO[0m [04:05:58] b738893f19794d27b2e0bba3229c64d1	 200 0ms GET /json
[38;5;6m INFO[0m [04:05:58] b6a1a5f9a1ba4fc4b9d39f0dfaf92ca8	 200 0ms GET /json
[38;5;6m INFO[0m [04:05:58] c78d32de82fd43a3ba65e6891a6a5149	 200 0ms GET /json
[38;5;6m INFO[0m [04:05:58] 61f864c48a04405799487aa46ecb490f	 200 0ms GET /json
[38;5;6m INFO[0m [04:05:58] e4ca3f8bed7e46abbad4db8f28cd752d	 200 0ms GET /json
[38;5;6m INFO[0m [04:05:58] ca0b819e15cb42dab5ec246de4c4c390	 200 0ms GET /json
[38;5;6m INFO[0m [04:05:58] 9eec28976c974b1498248a7b8ffba964	 200 0ms GET /json
[38;5;6m INFO[0m [04:05:58] 17065797b7274b79bf9cf8e886edaa85	 200 0ms GET /json
[38;5;6m INFO[0m [04:05:58] 63c6db1571e24ff3a2037b83cd9972c8	 200 0ms GET /json
[38;5;6m INFO[0m [04:05:58] a5a9779e214440eaa7e381dd0ed2a7b3	 200 0ms GET /json
[38;5;6m INFO[0m [04:05:58] 9e7f0f779ac04ac1b3a88c8221104025	 200 0ms GET /json
[38;5;6m INFO[0m [04:05:58] b86db04b6cf646a9b7de7bc1af22eb1d	 200 0ms GET /json
[38;5;6m INFO[0m [04:05:58] e35d6f7ae14c458fa683511170dc41d9	 200 0ms GET /json
[38;5;6m INFO[0m [04:05:58] 5b33f71acdd045c9b703c185edac9eab	 200 0ms GET /json
[38;5;6m INFO[0m [04:05:58] e412a8cd2cc34fe19178209d04ee7381	 200 0ms GET /json
[38;5;6m INFO[0m [04:05:58] 4ae63216145142e4b7eac1a5e688e653	 200 0ms GET /json
[38;5;6m INFO[0m [04:05:58] f021edce1b824e9aae3994800e428c0d	 200 0ms GET /json
[38;5;6m INFO[0m [04:05:58] ba0a1a27136a4d09977a49368012ec1f	 200 0ms GET /json
[38;5;6m INFO[0m [04:05:58] 12ba080e432441dcbdfbc9380371603b	 200 0ms GET /json
[38;5;6m INFO[0m [04:05:58] a17ab99cba774c3d9a2caec359caba7a	 200 0ms GET /json
[38;5;6m INFO[0m [04:05:58] e27569b78f4b419d9a27ac502cd1df85	 200 0ms GET /json
[38;5;6m INFO[0m [04:05:58] aee1aea540fc4c6aa4f2c32a573ad392	 200 0ms GET /json
[38;5;6m INFO[0m [04:05:58] 9f939ed03ce14063b187a8dde53d1c8d	 200 0ms GET /json
[38;5;6m INFO[0m [04:05:58] dff7d456853743df9cc50fc15d925243	 200 0ms GET /json
[38;5;6m INFO[0m [04:05:58] 4e4c5fade2964466a407f88a3685f323	 200 0ms GET /json
[38;5;6m INFO[0m [04:05:58] 9a85c978bac2481f9cf70c47676828b3	 200 0ms GET /json
[38;5;6m INFO[0m [04:05:58] f3512b57e5e64badbfda5cbfcae088b7	 200 0ms GET /json
[38;5;6m INFO[0m [04:05:58] f1e5402d077e48c6a17e18cfe7b3d889	 200 0ms GET /json
[38;5;6m INFO[0m [04:05:58] 549c945802784a20a57b4f0f2f03b72f	 200 0ms GET /json
[38;5;6m INFO[0m [04:05:58] 03ee8e7707b5467084edb44e3192700c	 200 0ms GET /json
[38;5;6m INFO[0m [04:05:58] 2c54497fda8f456dadafbfa15f9a831c	 200 0ms GET /json
[38;5;6m INFO[0m [04:05:58] 21b466cc48cc47a78d0d38b7fe6dc5a2	 200 0ms GET /json
[38;5;6m INFO[0m [04:05:58] c0dea56916ac4da8a9ef3f714bed7e18	 200 0ms GET /json
[38;5;6m INFO[0m [04:05:58] c05daacf8ceb4c70b5484568eaeee5d8	 200 0ms GET /json
[38;5;6m INFO[0m [04:05:58] f708f444c4914ce3945808c9dfec5746	 200 0ms GET /json
[38;5;6m INFO[0m [04:05:58] 69f22a851f504e8aba33bbb7f3cfd3d1	 200 0ms GET /json
[38;5;6m INFO[0m [04:05:58] 66bd4a549f9342f687aa95ddfa05a23d	 200 0ms GET /json
[38;5;6m INFO[0m [04:05:58] 9c8f09ff2c104136a8b405e83fd65f45	 200 0ms GET /json
[38;5;6m INFO[0m [04:05:58] 5bc902c5f90947d484c76c843f75a915	 200 0ms GET /json
[38;5;6m INFO[0m [04:05:58] 2ad4d252881e43c3956afb212016a4dc	 200 0ms GET /json
[38;5;6m INFO[0m [04:05:58] 72be6f8335614cbba4fdf5bde8c256ec	 200 0ms GET /json
[38;5;6m INFO[0m [04:05:58] af21b36586c34ebfbf35dd5adacbad2f	 200 0ms GET /json
[38;5;6m INFO[0m [04:05:58] 8ddda3c3048041499893b27ef62a6e1d	 200 0ms GET /json
[38;5;6m INFO[0m [04:05:58] ffddd916fe7c4892a276f0486f6cc564	 200 0ms GET /json
[38;5;6m INFO[0m [04:05:58] e5a99c69a96d47deaab5763e3cbcc9a6	 200 0ms GET /json
[38;5;6m INFO[0m [04:05:58] 724a00de2a704dec84636fe1023a4de3	 200 0ms GET /json
[38;5;6m INFO[0m [04:05:58] 5cfa87219cab44fabdc4a14599e1dd67	 200 0ms GET /json
[38;5;6m INFO[0m [04:05:58] 6b49f4ff62a144a7bacaa9b5d2c4807d	 200 0ms GET /json
[38;5;6m INFO[0m [04:05:58] c76d6a400ea1422b9196edab0c5f2aaf	 200 0ms GET /json
[38;5;6m INFO[0m [04:05:58] 654d321d1deb49499026266660cefa40	 200 0ms GET /json
[38;5;6m INFO[0m [04:05:58] 8dfe795904ba42e686630d805e3bac87	 200 0ms GET /json
[38;5;6m INFO[0m [04:05:58] 0ed3c376c3474489a42941e3aea3b704	 200 0ms GET /json
[38;5;6m INFO[0m [04:05:58] cefb25b8919e41df85be31736b3819b7	 200 0ms GET /json
[38;5;6m INFO[0m [04:05:58] 8d14353bb08e4078acea39e0e58dc768	 200 0ms GET /json
[38;5;6m INFO[0m [04:05:58] a218de10a65947f492af2cdaa331a4b4	 200 0ms GET /json
[38;5;6m INFO[0m [04:05:58] f1c0eb67f45b4730a8b08692e6ad2237	 200 0ms GET /json
[38;5;6m INFO[0m [04:05:58] 37330f9884a44acaa4996c7c75f507d5	 200 0ms GET /json
[38;5;6m INFO[0m [04:05:58] 25ea2ded1c8949ef9732d8113e4dcc6a	 200 0ms GET /json
[38;5;6m INFO[0m [04:05:58] 99edd6e82a0843e7950e72e96947da58	 200 0ms GET /json
[38;5;6m INFO[0m [04:05:58] cf1f977b2d11483b910b906923eb27e9	 200 0ms GET /json
[38;5;6m INFO[0m [04:05:58] e2f9d848b50e47e6888c4e1654929aae	 200 0ms GET /json
[38;5;6m INFO[0m [04:05:58] df9d427388674f339fb9bd4dc88daa41	 200 0ms GET /json
[38;5;6m INFO[0m [04:05:58] 25f2289a458d42c48d45c4b67f117fa8	 200 0ms GET /json
[38;5;6m INFO[0m [04:05:58] e2492f53230a4063a050be67bb9f6395	 200 0ms GET /json
[38;5;6m INFO[0m [04:05:58] f48d8db38e174cf8b5f25c961b462eb5	 200 0ms GET /json
[38;5;6m INFO[0m [04:05:58] ef4a5b26a20e420fa853bcb6dd4b717d	 200 0ms GET /json
[38;5;6m INFO[0m [04:05:58] 71772db779cb4798b1686b815271a289	 200 0ms GET /json
[38;5;6m INFO[0m [04:05:58] 515272754027410aacd17392a8a34457	 200 0ms GET /json
[38;5;6m INFO[0m [04:05:58] 9ac4fec501eb4ed4b433738ec814d1f4	 200 0ms GET /json
[38;5;6m INFO[0m [04:05:58] 3bdc0dc39b31444cb23c9b52c692b74e	 200 0ms GET /json
[38;5;6m INFO[0m [04:05:58] 3021f1987f634e26b05cb44639a5319a	 200 0ms GET /json
[38;5;6m INFO[0m [04:05:58] 5d20d4c757de4dafac3644a8973dd425	 200 0ms GET /json
[38;5;6m INFO[0m [04:05:58] fcf83afbf5b945049f5539a16fcc55e4	 200 0ms GET /json
[38;5;6m INFO[0m [04:05:58] d00031781c8040c988cf84eb733d324c	 200 0ms GET /json
[38;5;6m INFO[0m [04:05:58] 0724462aa4294dbe952145165b259f13	 200 0ms GET /json
[38;5;6m INFO[0m [04:05:58] 62a43d0ba74c42469891360da355d048	 200 0ms GET /json
[38;5;6m INFO[0m [04:05:58] 0a447599afef4afc942862142757e81a	 200 0ms GET /json
[38;5;6m INFO[0m [04:05:58] 265c26207e16459bb6e59e6f80c492b5	 200 0ms GET /json
[38;5;6m INFO[0m [04:05:58] a4b9b56912e6401c8798a7d653ddfefa	 200 0ms GET /json
[38;5;6m INFO[0m [04:05:58] e86796a00324432e9f67727a1d8c08ce	 200 0ms GET /json
[38;5;6m INFO[0m [04:05:58] 8ca26499c3bb4f7a836a3b7fac9bf254	 200 0ms GET /json
[38;5;6m INFO[0m [04:05:58] 1f213a8835df46c6b0c4e5905166a9c3	 200 0ms GET /json
[38;5;6m INFO[0m [04:05:58] 1fa2f96fc31a4530ad8af959d2baba28	 200 0ms GET /json
[38;5;6m INFO[0m [04:05:58] 24005cd3edcb4277b0d38d4e39513b05	 200 0ms GET /json
[38;5;6m INFO[0m [04:05:58] 7e7a9965fedf42dc8302597ba1c7b89b	 200 0ms GET /json
[38;5;6m INFO[0m [04:05:58] 28c4f40af0e6490081aa9202a4fd881a	 200 0ms GET /json
[38;5;6m INFO[0m [04:05:58] b1aa815bdfcb4c3dba21d0602c83ef24	 200 0ms GET /json
[38;5;6m INFO[0m [04:05:58] 8fab998cac1d42c190764d45a2cedca2	 200 0ms GET /json
[38;5;6m INFO[0m [04:05:58] e0d6d34f9c0f45b2846fcaf5cb0056e9	 200 0ms GET /json
[38;5;6m INFO[0m [04:05:58] 1320318510f04bbba3e268852bc15945	 200 0ms GET /json
[38;5;6m INFO[0m [04:05:58] 245c62de73e84c5a9bb0f5df37b56c1b	 200 0ms GET /json
[38;5;6m INFO[0m [04:05:58] 9188d8d463174c12a025b1017056b483	 200 0ms GET /json
[38;5;6m INFO[0m [04:05:58] ca66dcaa3ec246948052a61a30ed7cd8	 200 0ms GET /json
[38;5;6m INFO[0m [04:05:58] 04fec50e0e634ad69db07844f26a900f	 200 0ms GET /json
[38;5;6m INFO[0m [04:05:58] 7a98168d7a75429a9178d6c0ddcf6b9a	 200 0ms GET /json
[38;5;6m INFO[0m [04:05:58] 3e4c13e070d84c0a98ae56c74669393b	 200 0ms GET /json
[38;5;6m INFO[0m [04:05:58] fdb7265eb0fc49fa9c4167ca000444c8	 200 0ms GET /json
[38;5;6m INFO[0m [04:05:58] 0a0a368fb71f423f89afdcf19156d3de	 200 0ms GET /json
[38;5;6m INFO[0m [04:05:58] 20cfffb9eae9422995f6320d2e898f86	 200 0ms GET /json
[38;5;6m INFO[0m [04:05:58] a2c0064ef6294c498b4f6346e728d986	 200 0ms GET /json
[38;5;6m INFO[0m [04:05:58] 23515ecf93dc47c4b1f13ab3393ef000	 200 0ms GET /json
[38;5;6m INFO[0m [04:05:58] ea0a739e3ba14b64bb43a433cd41e69c	 200 0ms GET /json
[38;5;6m INFO[0m [04:05:58] 097639b35a9448fdab0eaaf8cb633887	 200 0ms GET /json
[38;5;6m INFO[0m [04:05:58] c4c3efc210a3447a9dcc4c48d5dccb3f	 200 0ms GET /json
[38;5;6m INFO[0m [04:05:58] 3597a4dd5fd14668a5a339757aeebff2	 200 0ms GET /json
[38;5;6m INFO[0m [04:05:58] 1207b28b02a44f4d9c3cb5c689f122cc	 200 0ms GET /json
[38;5;6m INFO[0m [04:05:58] eaf06b42899f4bae94e43cc9710df892	 200 0ms GET /json
[38;5;6m INFO[0m [04:05:58] 9889b2fb62664d238883c51a683b2bf0	 200 0ms GET /json
[38;5;6m INFO[0m [04:05:58] 25c479cc96c449dc86ce1f6733b63361	 200 0ms GET /json
[38;5;6m INFO[0m [04:05:58] 95d11f199e884cb69e2a61fa34791f6e	 200 0ms GET /json
[38;5;6m INFO[0m [04:05:58] 2f3a16cbd7ca4f50b1140b3b797e7702	 200 0ms GET /json
[38;5;6m INFO[0m [04:05:58] 6617ad5526be4494b9c64b0ff4c8e100	 200 0ms GET /json
[38;5;6m INFO[0m [04:05:58] 44198463c8d14ae3bc1e1d4e041481cd	 200 0ms GET /json
[38;5;6m INFO[0m [04:05:58] fb2d01543d9443b9bb547e5e0f12d8d2	 200 0ms GET /json
[38;5;6m INFO[0m [04:05:58] 34e596deeffc4e3991c47dd2ce90cb07	 200 0ms GET /json
[38;5;6m INFO[0m [04:05:58] 274585f955534842a56d71c0a1a72601	 200 0ms GET /json
[38;5;6m INFO[0m [04:05:58] 775509397ef84fbeb9469645551a77bf	 200 0ms GET /json
[38;5;6m INFO[0m [04:05:58] 7cac940e10ec4f9b9a1a3958235c8e65	 200 0ms GET /json
[38;5;6m INFO[0m [04:05:58] 6da35e6e4a354c29b02eb3e3a1dcc3d4	 200 0ms GET /json
[38;5;6m INFO[0m [04:05:58] 5292e0a42df64511abf892cfe23684dd	 200 0ms GET /json
[38;5;6m INFO[0m [04:05:58] e3651240a1cd4c2c9bab8b021b8c0807	 200 0ms GET /json
[38;5;6m INFO[0m [04:05:58] 2121373246414be6b665dac3f41cdaf0	 200 0ms GET /json
[38;5;6m INFO[0m [04:05:58] 211ca292d71441dab9a83e6935c0d511	 200 0ms GET /json
[38;5;6m INFO[0m [04:05:58] ac25d706eb704c7a94ba83cfef2a64da	 200 0ms GET /json
[38;5;6m INFO[0m [04:05:58] cda907b3f3c04f9893225d61383101fe	 200 0ms GET /json
[38;5;6m INFO[0m [04:05:58] cf4b3de1aa5e453492a10653012d2da4	 200 0ms GET /json
[38;5;6m INFO[0m [04:05:58] 1269c326be984e8c810c59c9bc069a1e	 200 0ms GET /json
[38;5;6m INFO[0m [04:05:58] 29ac5011d662433493a2d542c0882c1c	 200 0ms GET /json
[38;5;6m INFO[0m [04:05:58] 279c2d48e6524717a0e98c26b62377da	 200 0ms GET /json
[38;5;6m INFO[0m [04:05:58] a7827bce5efa495984f2678c46d94d51	 200 0ms GET /json
[38;5;6m INFO[0m [04:05:58] 667259079c984dda87a980058b083510	 200 0ms GET /json
[38;5;6m INFO[0m [04:05:58] b395f399b05a4d7b803540cff41f81a2	 200 0ms GET /json
[38;5;6m INFO[0m [04:05:58] efd5c71fcc2b49df8c77bfde8d349c09	 200 0ms GET /json
[38;5;6m INFO[0m [04:05:58] c6ac10cfffa74d4ab255d5dcc1b3ed5e	 200 0ms GET /json
[38;5;6m INFO[0m [04:05:58] ed148dd5db4a4751b33ca1d79b0bba5f	 200 0ms GET /json
[38;5;6m INFO[0m [04:05:58] 4c0d6a501c774375b91d17d5d549e45c	 200 0ms GET /json
[38;5;6m INFO[0m [04:05:58] 4248ecc6099847f9bb8dbc5c3c78e5c3	 200 0ms GET /json
[38;5;6m INFO[0m [04:05:58] 83463a2daf0f43149384b6e9db14bca0	 200 0ms GET /json
[38;5;6m INFO[0m [04:05:58] 1f23f836f5e94fec8f6f0416cb2e7b1b	 200 0ms GET /json
[38;5;6m INFO[0m [04:05:58] ccd33e3f1e4844c3aa60a223894d1b9f	 200 0ms GET /json
[38;5;6m INFO[0m [04:05:58] a1499d0a434e4c6eb87c83b27df50f97	 200 0ms GET /json
[38;5;6m INFO[0m [04:05:58] 11a1dc91d479409a938b2d93cf4547a9	 200 0ms GET /json
[38;5;6m INFO[0m [04:05:58] e5b1b83abe7f4b058351f058016766fa	 200 0ms GET /json
[38;5;6m INFO[0m [04:05:58] 9a7a9d5f94cf447b902fd8e3c59e54a5	 200 0ms GET /json
[38;5;6m INFO[0m [04:05:58] 221cff811268440ea0f07cc780219b41	 200 0ms GET /json
[38;5;6m INFO[0m [04:05:58] fd68d8ba24f44521ac78f2152d8b00c7	 200 0ms GET /json
[38;5;6m INFO[0m [04:05:58] c86ae831d0204c2abc2f3d9b7340c9eb	 200 0ms GET /json
[38;5;6m INFO[0m [04:05:58] 083a6d3c046d4873a08ccf488f0cec76	 200 0ms GET /json
[38;5;6m INFO[0m [04:05:58] bdd22ee983904d0883fffbb573926396	 200 0ms GET /json
[38;5;6m INFO[0m [04:05:58] faa83d1f3a8a4dd2954172010b79f4de	 200 0ms GET /json
[38;5;6m INFO[0m [04:05:58] f8c5cb5d532640e9b166056ed5297bfc	 200 0ms GET /json
[38;5;6m INFO[0m [04:05:58] 38b5806698604109bd3ef7781de7f212	 200 0ms GET /json
[38;5;6m INFO[0m [04:05:58] 245e65fffaa04d5fb304cfa7127a4c0f	 200 0ms GET /json
[38;5;6m INFO[0m [04:05:58] a7305e3d199740d8a2703094433aed0b	 200 0ms GET /json
[38;5;6m INFO[0m [04:05:58] b3a9c73b95654ce485f0ecbfe62e206b	 200 0ms GET /json
[38;5;6m INFO[0m [04:05:58] d19aec18c0964668822fa2c1676eaa22	 200 0ms GET /json
[38;5;6m INFO[0m [04:05:58] f4b20f0b159948b5acb9f10f76755810	 200 0ms GET /json
[38;5;6m INFO[0m [04:05:58] 10222d441f2c4b7a81f7e9b211f26750	 200 0ms GET /json
[38;5;6m INFO[0m [04:05:58] e0fe9e12a7b2434b8352c2ab3405cfd8	 200 0ms GET /json
[38;5;6m INFO[0m [04:05:58] 28012f136ece47538583f397036d6e51	 200 0ms GET /json
[38;5;6m INFO[0m [04:05:58] 3b21e66ab4aa403cbae89cb27f1985a3	 200 0ms GET /json
[38;5;6m INFO[0m [04:05:58] ff0c693bbe594937bd68d53a5db0da5f	 200 0ms GET /json
[38;5;6m INFO[0m [04:05:58] 8ed430b6a7f641c1b1b212686b38c60c	 200 0ms GET /json
[38;5;6m INFO[0m [04:05:58] 1cfbab165ba14732a4036397b7eb8d1f	 200 0ms GET /json
[38;5;6m INFO[0m [04:05:58] 7314f6ffa9024cfd9462a7a46a3afcc7	 200 0ms GET /json
[38;5;6m INFO[0m [04:05:58] 40818aeb32074ff0bc7c2ccf30f20cac	 200 0ms GET /json
[38;5;6m INFO[0m [04:05:58] a3b795320af1432488e69f69980dda06	 200 0ms GET /json
[38;5;6m INFO[0m [04:05:58] 74cc0dd1d5fc4c60a7c099cd0822bda1	 200 0ms GET /json
[38;5;6m INFO[0m [04:05:58] 887a192d01fb45c9aed3253ab8b2fe1b	 200 0ms GET /json
[38;5;6m INFO[0m [04:05:58] 90eab8405baa45a494b774d5b26a6ff2	 200 0ms GET /json
[38;5;6m INFO[0m [04:05:58] 399bbffde3d94ad49265098ff8f5505c	 200 0ms GET /json
[38;5;6m INFO[0m [04:05:58] f163ba0beeaa4d8f84afe3d9335f6563	 200 0ms GET /json
[38;5;6m INFO[0m [04:05:58] d4ccbeb46a4145e5b90025db651ed29b	 200 0ms GET /json
[38;5;6m INFO[0m [04:05:58] 06fe7c1df5234e379878f44bf7983d7a	 200 0ms GET /json
[38;5;6m INFO[0m [04:05:58] a70e84ef54fc42cc87513ccecd935ad8	 200 0ms GET /json
[38;5;6m INFO[0m [04:05:58] 6aaa9826a12e4879a6dffd9eadd0c7d9	 200 0ms GET /json
[38;5;6m INFO[0m [04:05:58] 7ebcc47a02924f2db6a9b79d587d85cb	 200 0ms GET /json
[38;5;6m INFO[0m [04:05:58] 186c0a2e87444c9590e6f32a601f8a68	 200 0ms GET /json
[38;5;6m INFO[0m [04:05:58] 943dffa0d8c24b598c279564de6262b7	 200 0ms GET /json
[38;5;6m INFO[0m [04:05:58] b5de41b25ed34807a9e6f07a4b69eae2	 200 0ms GET /json
[38;5;6m INFO[0m [04:05:58] 98d7e8ee09c04f09b5a97438c224a800	 200 0ms GET /json
[38;5;6m INFO[0m [04:05:58] 975111f970394dacb0e9b4c9e7a200f8	 200 0ms GET /json
[38;5;6m INFO[0m [04:05:58] 5cf13c3723994346b2d86788ade63917	 200 0ms GET /json
[38;5;6m INFO[0m [04:05:58] 49e655ea0d6445bfa03381e3dcb1e724	 200 0ms GET /json
[38;5;6m INFO[0m [04:05:58] 6001efb6ae0049fa8c53433f083867d3	 200 0ms GET /json
[38;5;6m INFO[0m [04:05:58] 092c5a6f9e6d40ac87167a8f3ee9fcd8	 200 0ms GET /json
[38;5;6m INFO[0m [04:05:58] dae56f6a0196490992e9e43943398ed7	 200 0ms GET /json
[38;5;6m INFO[0m [04:05:58] c0071498f7f545869d85194a4a5cf2d9	 200 0ms GET /json
[38;5;6m INFO[0m [04:05:58] 34a38b8a7292405280843217a9def014	 200 0ms GET /json
[38;5;6m INFO[0m [04:05:58] 315e5f0c0a754a14b6aa56be8bbaaf26	 200 0ms GET /json
[38;5;6m INFO[0m [04:05:58] 9b8d3ddf5fbd4b5ab9f8cf50088de7cb	 200 0ms GET /json
[38;5;6m INFO[0m [04:05:58] ada4db3c642a48c2829f87e72112145b	 200 0ms GET /json
[38;5;6m INFO[0m [04:05:58] 55e9f360e1694c0f809e838832efe599	 200 0ms GET /json
[38;5;6m INFO[0m [04:05:58] 61e3e355c185402ca46c425e4e6b4270	 200 0ms GET /json
[38;5;6m INFO[0m [04:05:58] bf09d5451ffe47f0b747fc27126d7b5b	 200 0ms GET /json
[38;5;6m INFO[0m [04:05:58] d28c24100c3c4c37bd13a2e5cbb76035	 200 0ms GET /json
[38;5;6m INFO[0m [04:05:58] 313488eb727943af8825f4dff557f26a	 200 0ms GET /json
[38;5;6m INFO[0m [04:05:58] 3f6d0888ef6041f597511481bcfb9487	 200 0ms GET /json
[38;5;6m INFO[0m [04:05:58] 665b5b9b8f9f4f41993169cf88fc5f74	 200 0ms GET /json
[38;5;6m INFO[0m [04:05:58] 9a10ea4eb0814d879e648ea701116094	 200 0ms GET /json
[38;5;6m INFO[0m [04:05:58] 4e525958ec584037bde86230b67b1475	 200 0ms GET /json
[38;5;6m INFO[0m [04:05:58] dfa3bb35b3fa4babaed9795eaaf77909	 200 0ms GET /json
[38;5;6m INFO[0m [04:05:58] e3e9d0bc3d694b7bb72477d2dbe7c2c8	 200 0ms GET /json
[38;5;6m INFO[0m [04:05:58] 5dced27c0aae4a92b5daf56b7c316e9b	 200 0ms GET /json
[38;5;6m INFO[0m [04:05:58] c7a3020199814562a2d314d7a651f2ca	 200 0ms GET /json
[38;5;6m INFO[0m [04:05:58] 9d92aee9ff024ffda67dee6be24c9155	 200 0ms GET /json
[38;5;6m INFO[0m [04:05:58] cc4581dd43094e8a8884930fe0a6bfef	 200 0ms GET /json
[38;5;6m INFO[0m [04:05:58] a0171319edf24a5c8776c305b942e530	 200 0ms GET /json
[38;5;6m INFO[0m [04:05:58] e8040470b40348c7963d175a314cb250	 200 0ms GET /json
[38;5;6m INFO[0m [04:05:58] b83fd316c0134689b75afe1b81ee88c2	 200 0ms GET /json
[38;5;6m INFO[0m [04:05:58] 934a8b18bf05455cbcab6cb3ed87f08d	 200 0ms GET /json
[38;5;6m INFO[0m [04:05:58] ccf935aa23944fc892fb785c2aac981d	 200 0ms GET /json
[38;5;6m INFO[0m [04:05:58] c120788a8b624a6790cc8ad2d74ba5da	 200 0ms GET /json
[38;5;6m INFO[0m [04:05:58] cb87a3da99f44e829089cb146e06f3e1	 200 0ms GET /json
[38;5;6m INFO[0m [04:05:58] f316719e81f341398067f42d56a38993	 200 0ms GET /json
[38;5;6m INFO[0m [04:05:58] 20f531601cd543d0ba48937aeb024b4d	 200 0ms GET /json
[38;5;6m INFO[0m [04:05:58] 41e93c653d7c43908394f8bbd3d4c07c	 200 0ms GET /json
[38;5;6m INFO[0m [04:05:58] 390e583aaaed42b0b9ed2672dc46d1f2	 200 0ms GET /json
[38;5;6m INFO[0m [04:05:58] 054af9981d8742d2b6dc85848be48fbe	 200 0ms GET /json
[38;5;6m INFO[0m [04:05:58] 016c11190c47464cb89fc3af04604901	 200 0ms GET /json
[38;5;6m INFO[0m [04:05:58] ed5a8e3e2f9b43ffbe01131b322b3dae	 200 0ms GET /json
[38;5;6m INFO[0m [04:05:58] 28bcc848237945ff92ae1f196b9554e2	 200 0ms GET /json
[38;5;6m INFO[0m [04:05:58] c7a83ac1034741eaab0c9aa7d3f5659e	 200 0ms GET /json
[38;5;6m INFO[0m [04:05:58] 003fdcec92a44d02934122d671811a55	 200 0ms GET /json
[38;5;6m INFO[0m [04:05:58] 6dcc41f8d0794424914bd3ae6a7546c1	 200 0ms GET /json
[38;5;6m INFO[0m [04:05:58] ec4635d49d624df4900b93e5298ffe55	 200 0ms GET /json
[38;5;6m INFO[0m [04:05:58] 1a3551b0145e4505a33101c4e5f39a8e	 200 0ms GET /json
[38;5;6m INFO[0m [04:06:00] 4cdb63a8cf5e456cbb3460809228b626	 200 0ms GET /json
[38;5;6m INFO[0m [04:06:00] b09ef48c1ac349b19b66e0d6cce34786	 200 0ms GET /json
[38;5;6m INFO[0m [04:06:00] 809ad19808cd4e6ea65f5a6dca256b0f	 200 0ms GET /json
[38;5;6m INFO[0m [04:06:00] ca4518826d2f437a8290c360ebc65a31	 200 0ms GET /json
[38;5;6m INFO[0m [04:06:00] 0859e114eadb4c568d829b74f085ea8d	 200 0ms GET /json
[38;5;6m INFO[0m [04:06:00] 85efc261dcc24ac09d3795733dfadb24	 200 0ms GET /json
[38;5;6m INFO[0m [04:06:00] 42202ba031d4413aa2199f38d945759b	 200 0ms GET /json
[38;5;6m INFO[0m [04:06:00] 33061e809a09440f8c8a40833356e6a3	 200 0ms GET /json
[38;5;6m INFO[0m [04:06:00] 69aedfb0ccfc4abb9e0f7d4b74ab4df8	 200 0ms GET /json
[38;5;6m INFO[0m [04:06:00] 48246a90b8cc4abb8b8cba7967c4c347	 200 0ms GET /json
[38;5;6m INFO[0m [04:06:00] c533a728767748b9b0a9a833f12d17c1	 200 0ms GET /json
[38;5;6m INFO[0m [04:06:00] 66dde3023eeb43a3affb36a942c8cd6c	 200 0ms GET /json
[38;5;6m INFO[0m [04:06:00] 084ea544c40e40fd813b40cf3dbf57e8	 200 0ms GET /json
[38;5;6m INFO[0m [04:06:00] c47f3a42494943368fab91ecaf5ae2b5	 200 0ms GET /json
[38;5;6m INFO[0m [04:06:00] 9dbfdd74ea3945c8ab3ce00d570c5ad5	 200 0ms GET /json
[38;5;6m INFO[0m [04:06:00] 5e3f0161da7d493f94ae140821a5ba82	 200 0ms GET /json
[38;5;6m INFO[0m [04:06:00] 633ecbecd1b947a4bf6af3fb4426ec75	 200 0ms GET /json
[38;5;6m INFO[0m [04:06:00] 27061c3b8acb48a8a300d70820a47196	 200 0ms GET /json
[38;5;6m INFO[0m [04:06:00] 4d271945789344bf86aa7b781c95a9c7	 200 0ms GET /json
[38;5;6m INFO[0m [04:06:00] e1afab3440ce49ab8d155700225f748c	 200 0ms GET /json
[38;5;6m INFO[0m [04:06:00] 93f0ffd06a88498c8a3a53c35faf08f8	 200 0ms GET /json
[38;5;6m INFO[0m [04:06:00] dc05bbc933eb4a5c97875fc1bc45c1b0	 200 0ms GET /json
[38;5;6m INFO[0m [04:06:00] d99e4d01363b4d10a3b866bc76eb5d77	 200 0ms GET /json
[38;5;6m INFO[0m [04:06:00] 2646e10150fd4492b06cdedafbe2a100	 200 0ms GET /json
[38;5;6m INFO[0m [04:06:00] 42b017b45b114836b325c8cc6b5404ff	 200 0ms GET /json
[38;5;6m INFO[0m [04:06:00] 7a132286cf16415bb689f35f978df537	 200 0ms GET /json
[38;5;6m INFO[0m [04:06:00] 67074d2977224e988e8bafac4dafbcdd	 200 0ms GET /json
[38;5;6m INFO[0m [04:06:00] 2fea6c25667248ed97dddc0e4ae1a453	 200 0ms GET /json
[38;5;6m INFO[0m [04:06:00] a717fdf3788f40a1a7339eccbdc79e62	 200 0ms GET /json
[38;5;6m INFO[0m [04:06:00] e751f78b9ab541ba976c62b9a5a71e2b	 200 0ms GET /json
[38;5;6m INFO[0m [04:06:00] a441e92fa0124c59be0995f2c8c639d0	 200 0ms GET /json
[38;5;6m INFO[0m [04:06:00] 70088e7ed5964e0cb6e4cce294895942	 200 0ms GET /json
[38;5;6m INFO[0m [04:06:00] d41ff6d2de164c8588df03506c57e81c	 200 0ms GET /json
[38;5;6m INFO[0m [04:06:00] 8cc00243c2b244cba3b059013a11e751	 200 0ms GET /json
[38;5;6m INFO[0m [04:06:00] d409852c45cd4fcda9449fe6ec6ac7b8	 200 0ms GET /json
[38;5;6m INFO[0m [04:06:00] d03cc8d4614c4fcbb783eaaf8f09e92b	 200 0ms GET /json
[38;5;6m INFO[0m [04:06:00] e63f3c71f95d4f3192ad85545c765039	 200 0ms GET /json
[38;5;6m INFO[0m [04:06:00] 45f5385b3ad44faab65ce7cac819b9e4	 200 0ms GET /json
[38;5;6m INFO[0m [04:06:00] ee204dca066c4bb8aa141c639ab69c04	 200 0ms GET /json
[38;5;6m INFO[0m [04:06:00] 3aa23ee35b3441418feefbc71bb6b96d	 200 0ms GET /json
[38;5;6m INFO[0m [04:06:00] c177bf78b9ef4499ad9e7b2b337520e1	 200 0ms GET /json
[38;5;6m INFO[0m [04:06:00] eac63b6451544b8e86949c688d7706e6	 200 0ms GET /json
[38;5;6m INFO[0m [04:06:00] 5f036ad4cd71458f8f1182e5f799b11e	 200 0ms GET /json
[38;5;6m INFO[0m [04:06:00] 016eb00d847e4e52845b04fa9f215f41	 200 0ms GET /json
[38;5;6m INFO[0m [04:06:00] fead058550684dfe9431aef4e3d0ba75	 200 0ms GET /json
[38;5;6m INFO[0m [04:06:00] 756238b6027f4ab580986a99fb218b53	 200 0ms GET /json
[38;5;6m INFO[0m [04:06:00] 2f025cb5b473442abbc2ac88cb83966a	 200 0ms GET /json
[38;5;6m INFO[0m [04:06:00] aa8e7a5ddc6945a48fcdeaf956bfa7bb	 200 0ms GET /json
[38;5;6m INFO[0m [04:06:00] 9f8af26df0e740b1b460ad6d0962a8d6	 200 0ms GET /json
[38;5;6m INFO[0m [04:06:00] c893b7ab6856475a8a6bb4018ca61479	 200 0ms GET /json
[38;5;6m INFO[0m [04:06:00] 864d6966ed0d4efda3abb426c846c0d7	 200 0ms GET /json
[38;5;6m INFO[0m [04:06:00] 12b859547dce461288c3f42bb1a9b5f2	 200 0ms GET /json
[38;5;6m INFO[0m [04:06:00] ad1b02bc06164737acc8e7d7c57d8061	 200 0ms GET /json
[38;5;6m INFO[0m [04:06:00] 7e598fed1cb74c499f56a3b8577b462d	 200 0ms GET /json
[38;5;6m INFO[0m [04:06:00] d5564bde7d3b4ed4b7b16ea53a31ab8b	 200 0ms GET /json
[38;5;6m INFO[0m [04:06:00] 43b8108629ac464da8cad3b0836fa467	 200 0ms GET /json
[38;5;6m INFO[0m [04:06:00] 962cb757d58e4d119b822c3105a059fd	 200 0ms GET /json
[38;5;6m INFO[0m [04:06:00] 7152f2fcff5a4c4aa3ce9052816af119	 200 0ms GET /json
[38;5;6m INFO[0m [04:06:00] 21207450194541a492625cc156389df0	 200 0ms GET /json
[38;5;6m INFO[0m [04:06:00] b3d226955763442093fd83f22e9c1e3d	 200 0ms GET /json
[38;5;6m INFO[0m [04:06:00] 0b9137b046f64cec9845fb3d12862db9	 200 0ms GET /json
[38;5;6m INFO[0m [04:06:00] f831d0e97c604499847c351b61c6bc00	 200 0ms GET /json
[38;5;6m INFO[0m [04:06:00] 5c3f33f2832a4c59bab4c252bfe6f06c	 200 0ms GET /json
[38;5;6m INFO[0m [04:06:00] 7987e48341da4aa6b8f332e54ed0709c	 200 0ms GET /json
[38;5;6m INFO[0m [04:06:00] f2459b1f6bf8473ca8ad2eee0c0187ac	 200 0ms GET /json
[38;5;6m INFO[0m [04:06:00] 8f29337c97b14267be6a067588c8a063	 200 0ms GET /json
[38;5;6m INFO[0m [04:06:00] 8e532c72e52040309916d26b3c33605b	 200 0ms GET /json
[38;5;6m INFO[0m [04:06:00] ed4b4830909242ad92e7991ce3b832af	 200 0ms GET /json
[38;5;6m INFO[0m [04:06:00] 798d0782237b4b2f9077937712cfa222	 200 0ms GET /json
[38;5;6m INFO[0m [04:06:00] a5dbe7177a264d1bb2c297e8d76e28fc	 200 0ms GET /json
[38;5;6m INFO[0m [04:06:00] 4cfa92275c6940fab399602af48bfaec	 200 0ms GET /json
[38;5;6m INFO[0m [04:06:00] 69cb8c177b78498e9fef060c29ab7e09	 200 0ms GET /json
[38;5;6m INFO[0m [04:06:00] 15faa5161f8645dca0680ce66fd54f48	 200 0ms GET /json
[38;5;6m INFO[0m [04:06:00] 8d0bb3e05d49475099aa72964f7138ec	 200 0ms GET /json
[38;5;6m INFO[0m [04:06:00] 98e67e02f90e43f2bf8555226a873d37	 200 0ms GET /json
[38;5;6m INFO[0m [04:06:00] 2b9716f98bab4f96ba6334759295aa4b	 200 0ms GET /json
[38;5;6m INFO[0m [04:06:00] 7d7df5520f54444a89f5ebca0c5a7c75	 200 0ms GET /json
[38;5;6m INFO[0m [04:06:00] 9682a945a82b435eb78445283475667d	 200 0ms GET /json
[38;5;6m INFO[0m [04:06:00] 6a6f95277ca849d0868ade604918e5c9	 200 0ms GET /json
[38;5;6m INFO[0m [04:06:00] 8df7d85f90ca4b3993f2e11750b6a312	 200 0ms GET /json
[38;5;6m INFO[0m [04:06:00] 5d826ac630b846bba82a35b7b19168ec	 200 0ms GET /json
[38;5;6m INFO[0m [04:06:00] 9d7ae64d97184afc99ccbceaf5ae439b	 200 0ms GET /json
[38;5;6m INFO[0m [04:06:00] 2d3be15fe9fb4aa8ae21fabf1d978ee4	 200 0ms GET /json
[38;5;6m INFO[0m [04:06:00] 4752018537ec486fb0aed1ea3cc60428	 200 0ms GET /json
[38;5;6m INFO[0m [04:06:00] 7e1a10d8f7c048c2a120dee0d555fad2	 200 0ms GET /json
[38;5;6m INFO[0m [04:06:00] 9fe20d84b70846fa93e6024acbed76e8	 200 0ms GET /json
[38;5;6m INFO[0m [04:06:00] 9a747b0ac4184caba24f81518ff41a3a	 200 0ms GET /json
[38;5;6m INFO[0m [04:06:00] 7b961aac0d3c43e9803922656da04b6c	 200 0ms GET /json
[38;5;6m INFO[0m [04:06:00] 01f9e4aa67cf43edbc564613abbbfb20	 200 0ms GET /json
[38;5;6m INFO[0m [04:06:00] 061cf681db144ed9aedc9bf72c5bfd59	 200 0ms GET /json
[38;5;6m INFO[0m [04:06:00] 1271944031d54783b07963a5000dc4eb	 200 0ms GET /json
[38;5;6m INFO[0m [04:06:00] 5f1538639d484a648790b1099d23ed3c	 200 0ms GET /json
[38;5;6m INFO[0m [04:06:00] 8d2358ad0be44f4a8e92778e8ed50789	 200 0ms GET /json
[38;5;6m INFO[0m [04:06:00] f2ff4b23083542b19752e1160e06ec5f	 200 0ms GET /json
[38;5;6m INFO[0m [04:06:00] 776160157cc14591a00c17aac6618912	 200 0ms GET /json
[38;5;6m INFO[0m [04:06:00] e159e42df37a44ec84aa65b5676a8aed	 200 0ms GET /json
[38;5;6m INFO[0m [04:06:00] 16ca4da9b0a146d1b49ad7c54dbb7754	 200 0ms GET /json
[38;5;6m INFO[0m [04:06:00] 848d0ae3d9c840c8af54b283b7f8a0ea	 200 0ms GET /json
[38;5;6m INFO[0m [04:06:00] 0c8ea9e8b7f4476f9b9cb8e7cd27eeaa	 200 0ms GET /json
[38;5;6m INFO[0m [04:06:00] 6f1c6d08b01640cf8a9f21790a2855d1	 200 0ms GET /json
[38;5;6m INFO[0m [04:06:00] 6a06b1e883ea4656ba8ba3bb4d5d57d2	 200 0ms GET /json
[38;5;6m INFO[0m [04:06:00] caab837c8f894acf92c5ccf25765b52a	 200 0ms GET /json
[38;5;6m INFO[0m [04:06:00] b65fe7f3e97e44c6875607283ca8abd6	 200 0ms GET /json
[38;5;6m INFO[0m [04:06:00] 47ce73ffe87b42b7bfbb52ef4ce8d742	 200 0ms GET /json
[38;5;6m INFO[0m [04:06:00] da0bb6f28e7a4752aaa754d842a865f9	 200 0ms GET /json
[38;5;6m INFO[0m [04:06:00] 38ce2443b0424259a281709be835dff1	 200 0ms GET /json
[38;5;6m INFO[0m [04:06:00] a0c4d1c6a2144a1282b8efe56f7742d9	 200 0ms GET /json
[38;5;6m INFO[0m [04:06:00] f3707c503ff6411a8839b35386604543	 200 0ms GET /json
[38;5;6m INFO[0m [04:06:00] 2808dc0cc1724739a07e1c5ea525ddab	 200 0ms GET /json
[38;5;6m INFO[0m [04:06:00] 07803fc447bb4477bbf957fa95679219	 200 0ms GET /json
[38;5;6m INFO[0m [04:06:00] 3dc66524af0f429789ce40625531981f	 200 0ms GET /json
[38;5;6m INFO[0m [04:06:00] bdcfac633dbf41d5b0d69ec4e078aa78	 200 0ms GET /json
[38;5;6m INFO[0m [04:06:00] f1586852adc24c13b0e39e9a6e1e074f	 200 0ms GET /json
[38;5;6m INFO[0m [04:06:00] 37da54b8743b4553a9dd6c88b94183b0	 200 0ms GET /json
[38;5;6m INFO[0m [04:06:00] 565b21185fd94c4c98db2a622c9f2353	 200 0ms GET /json
[38;5;6m INFO[0m [04:06:00] 94c4888d1b854c3bab49ee9b2461b950	 200 0ms GET /json
[38;5;6m INFO[0m [04:06:00] 6feca25665fb4f0fa27758b9d3235d6f	 200 0ms GET /json
[38;5;6m INFO[0m [04:06:00] 6f329e72ced84782a653c6e4c3f4560d	 200 0ms GET /json
[38;5;6m INFO[0m [04:06:00] 9f23abcc309d4ddd943c98ae1d9eab2c	 200 0ms GET /json
[38;5;6m INFO[0m [04:06:00] 3d4781b5686c4b88abf32951abb0a30b	 200 0ms GET /json
[38;5;6m INFO[0m [04:06:00] 9dc5af016196436e967c13465c5faa1e	 200 0ms GET /json
[38;5;6m INFO[0m [04:06:00] 197ed1d6c5614a36a42068c6ace5e83c	 200 0ms GET /json
[38;5;6m INFO[0m [04:06:00] 2616a044c67e484a98b4d98cc361bbee	 200 0ms GET /json
[38;5;6m INFO[0m [04:06:00] 3912b0e7bd444b15b8a316ba8ce17cc9	 200 0ms GET /json
[38;5;6m INFO[0m [04:06:00] c49f5a8b898c4d65ac1b58d132369613	 200 0ms GET /json
[38;5;6m INFO[0m [04:06:00] 31b3a842bea34ed09ecfc9c7b1a1a98a	 200 0ms GET /json
[38;5;6m INFO[0m [04:06:00] 1c7ba0d01a63454498adf5aee4492064	 200 0ms GET /json
[38;5;6m INFO[0m [04:06:00] 100a573d5266464fbdb4c2bd199339f9	 200 0ms GET /json
[38;5;6m INFO[0m [04:06:00] 49df619eea194bdcb6e0ba6af1916c07	 200 0ms GET /json
[38;5;6m INFO[0m [04:06:00] 03cdfbb3d00e40f9841c41d7cfc4b751	 200 0ms GET /json
[38;5;6m INFO[0m [04:06:00] d44d1e45057e4705949443fe8682af55	 200 0ms GET /json
[38;5;6m INFO[0m [04:06:00] 0b01df084e4e42a99f99e6f62bee30bb	 200 0ms GET /json
[38;5;6m INFO[0m [04:06:00] 35f4a83958064f7983d3c75c99124710	 200 0ms GET /json
[38;5;6m INFO[0m [04:06:00] d3775cd0659a4aab8d8882807e740f84	 200 0ms GET /json
[38;5;6m INFO[0m [04:06:00] 6c58a179ee6147419622530994e06db4	 200 0ms GET /json
[38;5;6m INFO[0m [04:06:00] 4afe053de6f54168bd85532941cc941a	 200 0ms GET /json
[38;5;6m INFO[0m [04:06:00] 9c4ec65e4baa40f29eb51eaa0d4ab1ac	 200 0ms GET /json
[38;5;6m INFO[0m [04:06:00] 64a94490926a4e05a02d3a241c147c10	 200 0ms GET /json
[38;5;6m INFO[0m [04:06:00] 303002b4e4524889880577922f7682ce	 200 0ms GET /json
[38;5;6m INFO[0m [04:06:00] 0516614f15c9465ea14b3730d0076048	 200 0ms GET /json
[38;5;6m INFO[0m [04:06:00] b6870571ccf24278b8ec87d181560e78	 200 0ms GET /json
[38;5;6m INFO[0m [04:06:00] 3a4f5b2ef2f949a292aa9ccbb557d22c	 200 0ms GET /json
[38;5;6m INFO[0m [04:06:00] ace4397287a44603a0fa74bec5ee6d2b	 200 0ms GET /json
[38;5;6m INFO[0m [04:06:00] b0c9d7324abc4bffaead011e93d96b89	 200 0ms GET /json
[38;5;6m INFO[0m [04:06:00] 25f3f709caaf42438a1b87781757b446	 200 0ms GET /json
[38;5;6m INFO[0m [04:06:00] 6ac72c43f57d432681bacb2a9f9fd56c	 200 0ms GET /json
[38;5;6m INFO[0m [04:06:00] 0e4cca548cd94b52a78a77041fc0e7ab	 200 0ms GET /json
[38;5;6m INFO[0m [04:06:00] 2fd390c5239d44f396c9f3ad2b882cfb	 200 0ms GET /json
[38;5;6m INFO[0m [04:06:00] 04baa865b304423c9b7c0762986d3e9c	 200 0ms GET /json
[38;5;6m INFO[0m [04:06:00] d89a37eaeaea48f4aa512bb85f56bdbe	 200 0ms GET /json
[38;5;6m INFO[0m [04:06:00] f196ae2211b64be6924160f92965aa1a	 200 0ms GET /json
[38;5;6m INFO[0m [04:06:00] 6a85be7f48ae44f6a5c853ffd58ab6cf	 200 0ms GET /json
[38;5;6m INFO[0m [04:06:00] a18c782e239d472b94ce5749c48861f5	 200 0ms GET /json
[38;5;6m INFO[0m [04:06:00] d74a4c01314d4f69bdc3511d38cf19a7	 200 0ms GET /json
[38;5;6m INFO[0m [04:06:00] 7daaa0ab71ce437cbcc8b96c4015be16	 200 0ms GET /json
[38;5;6m INFO[0m [04:06:00] 6e12c4a4a01a4f27b6da732c273cb483	 200 0ms GET /json
[38;5;6m INFO[0m [04:06:00] b3b502fe26f7401eb12c183253ee7a6f	 200 0ms GET /json
[38;5;6m INFO[0m [04:06:00] 143818705445447ab5e003ee830681d4	 200 0ms GET /json
[38;5;6m INFO[0m [04:06:00] d4ff93d5cb0e43be805b4980b2e4d6d5	 200 0ms GET /json
[38;5;6m INFO[0m [04:06:00] 8cfe8295e2354add8c5f10433ee2e367	 200 0ms GET /json
[38;5;6m INFO[0m [04:06:00] 2eab35b5af8e44c9a7298d8a5169c108	 200 0ms GET /json
[38;5;6m INFO[0m [04:06:00] 2040840aa65a4f80bd516910082f93b7	 200 0ms GET /json
[38;5;6m INFO[0m [04:06:00] 47636bafca704b16968669064ba8f722	 200 0ms GET /json
[38;5;6m INFO[0m [04:06:00] 37b273a15ea2436799af6f803647a4b6	 200 0ms GET /json
[38;5;6m INFO[0m [04:06:00] 1ea88bdd5a7046779a2ac7494d158d66	 200 0ms GET /json
[38;5;6m INFO[0m [04:06:00] f6691070c0ba4377ad5196e58275a89b	 200 0ms GET /json
[38;5;6m INFO[0m [04:06:00] ca4a3b2de256499b886eff3be063f712	 200 0ms GET /json
[38;5;6m INFO[0m [04:06:00] 6ab65049b0c54adabb79b81dc0342f69	 200 0ms GET /json
[38;5;6m INFO[0m [04:06:00] 0ef4a073763647ce939c7fd4570caf24	 200 0ms GET /json
[38;5;6m INFO[0m [04:06:00] 950944d889564dc3bb9c3cb62d021259	 200 0ms GET /json
[38;5;6m INFO[0m [04:06:00] 7cc48d76b77e4574a4fffcea1090c515	 200 0ms GET /json
[38;5;6m INFO[0m [04:06:00] 947ba356af4e4253a6ee97a6db501949	 200 0ms GET /json
[38;5;6m INFO[0m [04:06:00] 5a6f2d50e00446268aac8d6b1303b480	 200 0ms GET /json
[38;5;6m INFO[0m [04:06:00] c72992b0b1104c8ead602ed7aad08b6d	 200 0ms GET /json
[38;5;6m INFO[0m [04:06:00] 953ad436556c433ea43ca12bf46c1714	 200 0ms GET /json
[38;5;6m INFO[0m [04:06:00] 71c78e0f5c434d52a216e62fd337b43b	 200 0ms GET /json
[38;5;6m INFO[0m [04:06:00] de9bb986b06c41f1a9dd773fcefda723	 200 0ms GET /json
[38;5;6m INFO[0m [04:06:00] 425a274c7975435ba676de6b34a86ca6	 200 0ms GET /json
[38;5;6m INFO[0m [04:06:00] 3896812ea4de4561abb0569401f7941f	 200 0ms GET /json
[38;5;6m INFO[0m [04:06:00] 27c9b0cc9ec84002869ae9c25e415851	 200 0ms GET /json
[38;5;6m INFO[0m [04:06:00] 3c2839a23af94a85945f9a2b81c7ac4e	 200 0ms GET /json
[38;5;6m INFO[0m [04:06:00] 7a7531ae785d4f758ab602896d900fd6	 200 0ms GET /json
[38;5;6m INFO[0m [04:06:00] b7020c67b52c413981b1cf649464589b	 200 0ms GET /json
[38;5;6m INFO[0m [04:06:00] 1728173dc3d444e6b5aabfeb0d335bd5	 200 0ms GET /json
[38;5;6m INFO[0m [04:06:00] 7d152cc973c948e5bb4643b6cf767222	 200 0ms GET /json
[38;5;6m INFO[0m [04:06:00] 76eb2dadc11046ffad21d2f590d7ce1d	 200 0ms GET /json
[38;5;6m INFO[0m [04:06:00] 3af3dc2727514b8fa712439521cdb4ea	 200 0ms GET /json
[38;5;6m INFO[0m [04:06:00] 2638a06917294bc7a342194cea7f52c7	 200 0ms GET /json
[38;5;6m INFO[0m [04:06:00] 8ab72f2cb36b4eb88c13bdc85e5288b9	 200 0ms GET /json
[38;5;6m INFO[0m [04:06:00] ea3e3a13fa1e4c67b9066837addd2994	 200 0ms GET /json
[38;5;6m INFO[0m [04:06:00] d437be7008a846d698ba7294158e78d9	 200 0ms GET /json
[38;5;6m INFO[0m [04:06:00] f3440a8e346b4c0086a1ac552c6d8f5c	 200 0ms GET /json
[38;5;6m INFO[0m [04:06:00] 56a9ca9b9aff4413b2ae929e7612673d	 200 0ms GET /json
[38;5;6m INFO[0m [04:06:00] a261c71c30b8446f83840d8273a366a2	 200 0ms GET /json
[38;5;6m INFO[0m [04:06:00] 494a2f0c693c470a853700a977c7476c	 200 0ms GET /json
[38;5;6m INFO[0m [04:06:00] 2fbafda51e374de182e936f997dbd81f	 200 0ms GET /json
[38;5;6m INFO[0m [04:06:00] 7671d45c6d464b8a90d618a3697f7c47	 200 0ms GET /json
[38;5;6m INFO[0m [04:06:00] acecb0caffeb4dde9a1796824813bb36	 200 0ms GET /json
[38;5;6m INFO[0m [04:06:00] a9c2ff83dfac4afab3d486716e238dfc	 200 0ms GET /json
[38;5;6m INFO[0m [04:06:00] 3c47a6d40e2047678974f8abd1450911	 200 0ms GET /json
[38;5;6m INFO[0m [04:06:00] e28b7651d6ac4ad29f3158cb80e33c5f	 200 0ms GET /json
[38;5;6m INFO[0m [04:06:00] 85cf1e4c7fae4d49aadad2ad1a905c8d	 200 0ms GET /json
[38;5;6m INFO[0m [04:06:00] 9ecbda34b57b4e7eba6ac1f1c4349d2e	 200 0ms GET /json
[38;5;6m INFO[0m [04:06:00] a3877b659ee646debdc61a3b92d1ee24	 200 0ms GET /json
[38;5;6m INFO[0m [04:06:00] 4e155d63148440eb80c44e62f113e99f	 200 0ms GET /json
[38;5;6m INFO[0m [04:06:00] f03ecb9ccfe94663b17aa8306d669770	 200 0ms GET /json
[38;5;6m INFO[0m [04:06:00] 3677402db3004a839a162a5afd2fbd9d	 200 0ms GET /json
[38;5;6m INFO[0m [04:06:00] bea6e39f5b0d424a8326dffb1de08576	 200 0ms GET /json
[38;5;6m INFO[0m [04:06:00] 98c10ff36c0d4ad0b4190ca4cea878c7	 200 0ms GET /json
[38;5;6m INFO[0m [04:06:00] e9f84a05434e4a5da1e1c03d1710c735	 200 0ms GET /json
[38;5;6m INFO[0m [04:06:00] 9925a99581e1414f8734e7cf6b874aea	 200 0ms GET /json
[38;5;6m INFO[0m [04:06:00] 34ecbbc1fe2f4b33a16aeed19ea441b5	 200 0ms GET /json
[38;5;6m INFO[0m [04:06:00] 705e0e9403ec4461be471774f6868704	 200 0ms GET /json
[38;5;6m INFO[0m [04:06:00] 61e2a18a6ad64b0591a861ed4771f659	 200 0ms GET /json
[38;5;6m INFO[0m [04:06:00] 8032c4c997bc4517af40dc92cc1544e0	 200 0ms GET /json
[38;5;6m INFO[0m [04:06:00] 3bd522fbab2d40ebba2f2c42c82fe8e3	 200 0ms GET /json
[38;5;6m INFO[0m [04:06:00] a3da62ece2944c71a62d2aaf5d75fdad	 200 0ms GET /json
[38;5;6m INFO[0m [04:06:00] c6ac70ef3aeb4f34b22f18257242d851	 200 0ms GET /json
[38;5;6m INFO[0m [04:06:00] 121648498c414df2b9b7fffd38b0a9b3	 200 0ms GET /json
[38;5;6m INFO[0m [04:06:00] bfe0abe5b89e496aaf10da4e4ea7db0b	 200 0ms GET /json
[38;5;6m INFO[0m [04:06:00] 809ae530533c4227b56796ae8226db60	 200 0ms GET /json
[38;5;6m INFO[0m [04:06:00] ed715d15fb924dc0a32ce2aa935b7821	 200 0ms GET /json
[38;5;6m INFO[0m [04:06:00] d258054dc690467bbea1434a21ca22d6	 200 0ms GET /json
[38;5;6m INFO[0m [04:06:00] 9ed5e1b850db42ae9bbff77298485428	 200 0ms GET /json
[38;5;6m INFO[0m [04:06:00] 9ff10098fea7496581693ed0075cad9c	 200 0ms GET /json
[38;5;6m INFO[0m [04:06:00] 4915da17248142a992dac5f089b7c348	 200 0ms GET /json
[38;5;6m INFO[0m [04:06:00] a6efe0f8f9294abab2e0669c7da72927	 200 0ms GET /json
[38;5;6m INFO[0m [04:06:00] b8a86428d23d4b0694981a381ec38599	 200 0ms GET /json
[38;5;6m INFO[0m [04:06:00] ff2c311932644ea790d881ae3cdd64ba	 200 0ms GET /json
[38;5;6m INFO[0m [04:06:00] 5e57b06aca714a5786a42c456e0d5d14	 200 0ms GET /json
[38;5;6m INFO[0m [04:06:00] 4c2b740114d042569842d1ee4fa5d4d1	 200 0ms GET /json
[38;5;6m INFO[0m [04:06:00] 386c83d0fedc479cbe73c3649d631774	 200 0ms GET /json
[38;5;6m INFO[0m [04:06:00] f0414a4890c64afba40e35e2610314b9	 200 0ms GET /json
[38;5;6m INFO[0m [04:06:00] a7be90afe883476bb1f622add9d569b9	 200 0ms GET /json
[38;5;6m INFO[0m [04:06:00] b13f9ac39ead42a58df8e05db527db77	 200 0ms GET /json
[38;5;6m INFO[0m [04:06:00] d67800e7b26348b6924f475becd28193	 200 0ms GET /json
[38;5;6m INFO[0m [04:06:00] 1274e356d9ed474e964d46fb1a8c92a4	 200 0ms GET /json
[38;5;6m INFO[0m [04:06:00] 1581223c5435412480e7eb465d948e9b	 200 0ms GET /json
[38;5;6m INFO[0m [04:06:00] 0768c59d4991472691fdf35a483391d9	 200 0ms GET /json
[38;5;6m INFO[0m [04:06:00] 420ac45c117e4a9b991ccf595edbe3cb	 200 0ms GET /json
[38;5;6m INFO[0m [04:06:00] 37ad5c220f9c4c28a85346de7d556c50	 200 0ms GET /json
[38;5;6m INFO[0m [04:06:00] d6349e2aaa6449f58f8a586d63f0981f	 200 0ms GET /json
[38;5;6m INFO[0m [04:06:00] d892fe39f9b84a669e960701a01e1839	 200 0ms GET /json
[38;5;6m INFO[0m [04:06:00] 27edf330b4e2444f9dc12725e081a516	 200 0ms GET /json
[38;5;6m INFO[0m [04:06:00] 298396f1f68b4147a2b6981b69776c72	 200 0ms GET /json
[38;5;6m INFO[0m [04:06:00] f4bb4004ff774c798f3d6f9ed205cc74	 200 0ms GET /json
[38;5;6m INFO[0m [04:06:00] e3a8761824924547b1d271117e0fee38	 200 0ms GET /json
[38;5;6m INFO[0m [04:06:00] 8b4620bd5e684970bd3bb7568e6c5459	 200 0ms GET /json
[38;5;6m INFO[0m [04:06:00] c023f0d2a5ea458fae0ddb07869b24d1	 200 0ms GET /json
[38;5;6m INFO[0m [04:06:00] 2ebadb260f324f9283beca67c2e487bd	 200 0ms GET /json
[38;5;6m INFO[0m [04:06:00] 2a1f09b7bf184b209df5955dfd2a88a1	 200 0ms GET /json
[38;5;6m INFO[0m [04:06:00] 2c61b9c260244e43b2e04c225b032a6b	 200 0ms GET /json
[38;5;6m INFO[0m [04:06:00] 84f2a3b017fb45f0be80b3a893f9616d	 200 0ms GET /json
[38;5;6m INFO[0m [04:06:00] e551c42add4b4412b84dc71b209c7d63	 200 0ms GET /json
[38;5;6m INFO[0m [04:06:00] 7c9c959419b5410bbb4d0dc4e0f5b022	 200 0ms GET /json
[38;5;6m INFO[0m [04:06:00] 9e20f877a717416aa27cc7113f078ac0	 200 0ms GET /json
[38;5;6m INFO[0m [04:06:00] 2da607c1a9474aa69f3f22377e495145	 200 0ms GET /json
[38;5;6m INFO[0m [04:06:00] 09660928802246b498cbe31556e1d3ae	 200 0ms GET /json
[38;5;6m INFO[0m [04:06:00] e267da1dd6364669be0261e4eae076af	 200 0ms GET /json
[38;5;6m INFO[0m [04:06:00] ec585fda62c6490d914545c015d47c33	 200 0ms GET /json
[38;5;6m INFO[0m [04:06:00] b530330ecbd94b85972178d19ab3614b	 200 0ms GET /json
[38;5;6m INFO[0m [04:06:00] 39de58e9b9af425a802f5f1305c32eb2	 200 0ms GET /json
[38;5;6m INFO[0m [04:06:00] 508bf38b8a4949b7a5e0a184ff292370	 200 0ms GET /json
[38;5;6m INFO[0m [04:06:00] c29d0866528a4ae78c87ef801ce95477	 200 0ms GET /json
[38;5;6m INFO[0m [04:06:00] fe41ce95b51a41c8a7b8dfc2f56d854e	 200 0ms GET /json
[38;5;6m INFO[0m [04:06:00] dd195d977a594ea6a59ec0c3a5246fa4	 200 0ms GET /json
[38;5;6m INFO[0m [04:06:00] ed471e4cf95c4222a4d6964d23a3f507	 200 0ms GET /json
[38;5;6m INFO[0m [04:06:00] 9b8860e871d240f3a70760abb10fdf57	 200 0ms GET /json
[38;5;6m INFO[0m [04:06:00] 70eca295393947d490d94b2d75c5e6a1	 200 0ms GET /json
[38;5;6m INFO[0m [04:06:00] 27cd7430b71545ff8bae2caed12e62be	 200 0ms GET /json
[38;5;6m INFO[0m [04:06:00] 36e0ac7260f7452db60b25738f43ff01	 200 0ms GET /json
[38;5;6m INFO[0m [04:06:00] 8b105a35c172403bbc4311006cf86148	 200 0ms GET /json
[38;5;6m INFO[0m [04:06:00] 9c36ee5136c6464894e741cc2aa88b90	 200 0ms GET /json
[38;5;6m INFO[0m [04:06:00] d5da092ee86e4e08a35b58af39bb2744	 200 0ms GET /json
[38;5;6m INFO[0m [04:06:00] ca422a6901cb44f9b1e02db54d44ba04	 200 0ms GET /json
[38;5;6m INFO[0m [04:06:00] 35b1a3f6306b43559cf2e93e10b4c58a	 200 0ms GET /json
[38;5;6m INFO[0m [04:06:00] 0855992024f149f4b7be0a00e7688605	 200 0ms GET /json
[38;5;6m INFO[0m [04:06:00] 722769b0ef294a85bb1d0e1ed9ac4b48	 200 0ms GET /json
[38;5;6m INFO[0m [04:06:00] 42751fdd1eda42a490098ddb7ab22c42	 200 0ms GET /json
[38;5;6m INFO[0m [04:06:00] aae9c59e10a04ac687606e83a6e644ba	 200 0ms GET /json
[38;5;6m INFO[0m [04:06:00] f5c6505036264157906e85c368665a1c	 200 0ms GET /json
[38;5;6m INFO[0m [04:06:00] a92731fd092f4e5fac41f0b4ab71e75c	 200 0ms GET /json
[38;5;6m INFO[0m [04:06:00] e178ca1275db4661bbd49c469cf5171d	 200 0ms GET /json
[38;5;6m INFO[0m [04:06:00] c7b2ef66c4ac479d9240537066400316	 200 0ms GET /json
[38;5;6m INFO[0m [04:06:00] 4e7e9191765c4f288ec4c22126eeaa51	 200 0ms GET /json
[38;5;6m INFO[0m [04:06:00] 73880700239b463982acb4e823ca7d97	 200 0ms GET /json
[38;5;6m INFO[0m [04:06:00] 6d6428009f164b7da9f94cf773119873	 200 0ms GET /json
[38;5;6m INFO[0m [04:06:00] 9b77fb4eaa3f4eec8bb7af73d6723e5c	 200 0ms GET /json
[38;5;6m INFO[0m [04:06:00] e88be8f2042446b29a57fee64a3f7f61	 200 0ms GET /json
[38;5;6m INFO[0m [04:06:00] 76ab7782c0e441bc80922affba87b173	 200 0ms GET /json
[38;5;6m INFO[0m [04:06:00] f2ae0bc954d6494e96dda69115f9ccfc	 200 0ms GET /json
[38;5;6m INFO[0m [04:06:00] 4cab80c85fc749f5902528e017e6fe97	 200 0ms GET /json
[38;5;6m INFO[0m [04:06:00] 5f176fdf26304efbb9859a95284d568d	 200 0ms GET /json
[38;5;6m INFO[0m [04:06:00] 9b87dff11a7d4edf975ba2c2cc21f1f3	 200 0ms GET /json
[38;5;6m INFO[0m [04:06:00] 83bbd820a92743be90764584324ec119	 200 0ms GET /json
[38;5;6m INFO[0m [04:06:00] 8ade4e66e2534fac9c36b68a4e47969c	 200 0ms GET /json
[38;5;6m INFO[0m [04:06:00] b2315c6eeafe457cb81006ab53f7e541	 200 0ms GET /json
[38;5;6m INFO[0m [04:06:00] 3569e2b745b94cf0b31cab1fde85cae6	 200 0ms GET /json
[38;5;6m INFO[0m [04:06:00] 3d9ef07fcd174af7b600d6db6ca5779e	 200 0ms GET /json
[38;5;6m INFO[0m [04:06:00] 497dd6340d964f8babc7bd39e54dfd19	 200 0ms GET /json
[38;5;6m INFO[0m [04:06:02] b2a62497b6ce46ebb2d6e444da41a98b	 200 0ms GET /json
[38;5;6m INFO[0m [04:06:02] 1025430474114b8495762373131c6d58	 200 0ms GET /json
[38;5;6m INFO[0m [04:06:02] 4379a9f9af734e7e987df74205c79b58	 200 0ms GET /json
[38;5;6m INFO[0m [04:06:02] e56ef560e93f4079a1d51242ec2d444f	 200 0ms GET /json
[38;5;6m INFO[0m [04:06:02] 2a439b0a3e364dcab34e286d79ba292d	 200 0ms GET /json
[38;5;6m INFO[0m [04:06:02] 527d03b616f34fafb5f30457f3720b10	 200 0ms GET /json
[38;5;6m INFO[0m [04:06:02] 3a8e418b8e5a4b38971272d0965553b4	 200 0ms GET /json
[38;5;6m INFO[0m [04:06:02] 97d7b8f167f644a191a0c2294c376c72	 200 0ms GET /json
[38;5;6m INFO[0m [04:06:02] abdc96a5b74841f9ac5433155d9fd879	 200 0ms GET /json
[38;5;6m INFO[0m [04:06:02] 5963fa5748df4b5789a1df2463e940ad	 200 0ms GET /json
[38;5;6m INFO[0m [04:06:02] 47506bd04d054f528f7d7f6da141350c	 200 0ms GET /json
[38;5;6m INFO[0m [04:06:02] 0057138ea4924c8ab00c640165c13955	 200 0ms GET /json
[38;5;6m INFO[0m [04:06:02] 20a99fbc51a241c0ae8d7e7fe72ae175	 200 0ms GET /json
[38;5;6m INFO[0m [04:06:02] 1bd0411e03bf4982ba7caa035bf8e983	 200 0ms GET /json
[38;5;6m INFO[0m [04:06:02] 12c7c7bff8504eff981550e33998bd20	 200 0ms GET /json
[38;5;6m INFO[0m [04:06:02] ec8db52ea4f141bd81e4acb7507dcc10	 200 0ms GET /json
[38;5;6m INFO[0m [04:06:02] 09ca63f24f1848d7b256abbd9d7d27ef	 200 0ms GET /json
[38;5;6m INFO[0m [04:06:02] 73bf43843bec40c8868f06dd120b6e5d	 200 0ms GET /json
[38;5;6m INFO[0m [04:06:02] f2ad385eba224a41b1f67bdfc7caae61	 200 0ms GET /json
[38;5;6m INFO[0m [04:06:02] 90207c1f34414e53ac286f34ba5d6441	 200 0ms GET /json
[38;5;6m INFO[0m [04:06:02] 618bb090485149d78d5a4a852e27893b	 200 0ms GET /json
[38;5;6m INFO[0m [04:06:02] 048e619fd90b474eb71b852a6d34d753	 200 0ms GET /json
[38;5;6m INFO[0m [04:06:02] af73855dd7ee40ed828bf7c3fba827e1	 200 0ms GET /json
[38;5;6m INFO[0m [04:06:02] b98e86397e3940b794756d8a24c5beb5	 200 0ms GET /json
[38;5;6m INFO[0m [04:06:02] 27669befbb2c43b891716dde89f5525a	 200 0ms GET /json
[38;5;6m INFO[0m [04:06:02] 4d1c2b9ccc664b05a94edafa97fa5185	 200 0ms GET /json
[38;5;6m INFO[0m [04:06:02] 2a1e8f63b15c45858e43136349423aa7	 200 0ms GET /json
[38;5;6m INFO[0m [04:06:02] 3ff5cfa304f64cdfbf52f2937d657b9c	 200 0ms GET /json
[38;5;6m INFO[0m [04:06:02] b1a5a95005624f919e507278b185c20c	 200 0ms GET /json
[38;5;6m INFO[0m [04:06:02] a1ac7597c0dd4aa59dd3c2ad4b055f8c	 200 0ms GET /json
[38;5;6m INFO[0m [04:06:02] fa73dfb749884ad99563791b06c9814e	 200 0ms GET /json
[38;5;6m INFO[0m [04:06:02] 09bed4a91f8b44d782dd6f13cca30c29	 200 0ms GET /json
[38;5;6m INFO[0m [04:06:02] 0b01b05141914bedbe9ec410ab9319ff	 200 0ms GET /json
[38;5;6m INFO[0m [04:06:02] f6520216a6a94647826eaa14015db11f	 200 0ms GET /json
[38;5;6m INFO[0m [04:06:02] 43e2d3c50b724b81b1e4cd23c2f7d7e7	 200 0ms GET /json
[38;5;6m INFO[0m [04:06:02] 0455c6878b764d5486fd063b9f2ceaa5	 200 0ms GET /json
[38;5;6m INFO[0m [04:06:02] 3e7aa781fc8a44f485121e4dd9117839	 200 0ms GET /json
[38;5;6m INFO[0m [04:06:02] bd008bc7e25d4a4883bc11d1753bcd8e	 200 0ms GET /json
[38;5;6m INFO[0m [04:06:02] 35d34599561c424890d28eddbd59a235	 200 0ms GET /json
[38;5;6m INFO[0m [04:06:02] 69459740218c45bea880bcc674ecf223	 200 0ms GET /json
[38;5;6m INFO[0m [04:06:02] 021c285ed2d4416480ba0d41344d725e	 200 0ms GET /json
[38;5;6m INFO[0m [04:06:02] d46a5cf1fd7c4517bd9bcafe63dbe22e	 200 0ms GET /json
[38;5;6m INFO[0m [04:06:02] d076b8332a3b4477ad0b048c5b1e5fed	 200 0ms GET /json
[38;5;6m INFO[0m [04:06:02] 17372139e805486eaaf1d7d52f706b1d	 200 0ms GET /json
[38;5;6m INFO[0m [04:06:02] 41b977e5b5c444568e8eca4c261a80d3	 200 0ms GET /json
[38;5;6m INFO[0m [04:06:02] 09e785db82b5404bbc2119375e050436	 200 0ms GET /json
[38;5;6m INFO[0m [04:06:02] 783006bcb6df428095e4d6689162bfe2	 200 0ms GET /json
[38;5;6m INFO[0m [04:06:02] 1cdd2e87cb6e43a8a2fe730fe1232a2d	 200 0ms GET /json
[38;5;6m INFO[0m [04:06:02] 2bf856b3e3b84db5930c90c92c4e6857	 200 0ms GET /json
[38;5;6m INFO[0m [04:06:02] b63a8b9a16104dfba51ba09db51f84c8	 200 0ms GET /json
[38;5;6m INFO[0m [04:06:02] 6bd76940f389470e875fe8b9e380985b	 200 0ms GET /json
[38;5;6m INFO[0m [04:06:02] 96dff9b92c01406499b884ffdb3bb6c8	 200 0ms GET /json
[38;5;6m INFO[0m [04:06:02] 17471736c6a24d93a491c4f61ccee796	 200 0ms GET /json
[38;5;6m INFO[0m [04:06:02] 589d610400f74bdf80baf93d8ca09740	 200 0ms GET /json
[38;5;6m INFO[0m [04:06:02] b474cd70ff874ead91edd66836ac35f9	 200 0ms GET /json
[38;5;6m INFO[0m [04:06:02] e0f368d62b6c48ffb0c3787481508950	 200 0ms GET /json
[38;5;6m INFO[0m [04:06:02] dcf0587ae5484d78a54ab67a9931ff0e	 200 0ms GET /json
[38;5;6m INFO[0m [04:06:02] 1d8662e4c18046609fa9635dfe7f85b6	 200 0ms GET /json
[38;5;6m INFO[0m [04:06:02] 2975ceea5ea8452b911e969ebcccb0b6	 200 0ms GET /json
[38;5;6m INFO[0m [04:06:02] 5d8fe5ba0ca24a2f8be65d4b54e443ef	 200 0ms GET /json
[38;5;6m INFO[0m [04:06:02] ac08b0ccde394851b5d59249e3cf0105	 200 0ms GET /json
[38;5;6m INFO[0m [04:06:02] 9f714d033d054d4faefb6b4d20058fda	 200 0ms GET /json
[38;5;6m INFO[0m [04:06:02] a1fd40ffa50f42158387567161a4d8e3	 200 0ms GET /json
[38;5;6m INFO[0m [04:06:02] de2810bfabdc4224a77f55d4cb52135b	 200 0ms GET /json
[38;5;6m INFO[0m [04:06:02] 98e1419c9ac44cdca6d29a80fa047233	 200 0ms GET /json
[38;5;6m INFO[0m [04:06:02] ba38e216ddce4b2bb86883d098cd521e	 200 0ms GET /json
[38;5;6m INFO[0m [04:06:02] 644a12bc29484e0fa8497873fa8bd769	 200 0ms GET /json
[38;5;6m INFO[0m [04:06:02] ba469d23d4ce4b29900c6049265ba08e	 200 0ms GET /json
[38;5;6m INFO[0m [04:06:02] 5040d099d4fd4b8195c8542515cb0657	 200 0ms GET /json
[38;5;6m INFO[0m [04:06:02] e528b9e3ccee4386989554791745662d	 200 0ms GET /json
[38;5;6m INFO[0m [04:06:02] 4946e57be91343a8963fb14a9e94fe90	 200 0ms GET /json
[38;5;6m INFO[0m [04:06:02] 1e6843fd00a649f69103bd61077b4f8d	 200 0ms GET /json
[38;5;6m INFO[0m [04:06:02] 6786a5656be94e1aa0c691fb199248e9	 200 0ms GET /json
[38;5;6m INFO[0m [04:06:02] 5dc6a0cf37c0415bba20ace5ba48adfb	 200 0ms GET /json
[38;5;6m INFO[0m [04:06:02] 56a2e49d4e8e4a54a6dd3f488e0ca423	 200 0ms GET /json
[38;5;6m INFO[0m [04:06:02] 50e01730c32641a88c278f2546a68c9c	 200 0ms GET /json
[38;5;6m INFO[0m [04:06:02] 65427edf3a694fb1b8feddb4f95529b2	 200 0ms GET /json
[38;5;6m INFO[0m [04:06:02] 6df8ec1102ce40f3bda0d842411497ac	 200 0ms GET /json
[38;5;6m INFO[0m [04:06:02] 6ee9d489fcac4d59bd7ed5e089036468	 200 0ms GET /json
[38;5;6m INFO[0m [04:06:02] cb8d7fbc7e754497bab32f7b65ffa6bb	 200 0ms GET /json
[38;5;6m INFO[0m [04:06:02] a29d5c876e1e4b8abd515c2841decf87	 200 0ms GET /json
[38;5;6m INFO[0m [04:06:02] 561d752749524f05a02d76ae938a891d	 200 0ms GET /json
[38;5;6m INFO[0m [04:06:02] 8a8476aec455436f8ce9382c01a36b65	 200 0ms GET /json
[38;5;6m INFO[0m [04:06:02] 2ea25ab266b343938538eeab0333cb5e	 200 0ms GET /json
[38;5;6m INFO[0m [04:06:02] 29243411bf1e41bca720073eee19e91c	 200 0ms GET /json
[38;5;6m INFO[0m [04:06:02] 84dd5d430d0844b5b238aa5a3c8a3881	 200 0ms GET /json
[38;5;6m INFO[0m [04:06:02] 51e77bf75f01450990415883c9cb411d	 200 0ms GET /json
[38;5;6m INFO[0m [04:06:02] 2cc5b9ecdc9a4474b60c50001b4ea582	 200 0ms GET /json
[38;5;6m INFO[0m [04:06:02] fccac9e1e9d548fa87a295176bccbbf9	 200 0ms GET /json
[38;5;6m INFO[0m [04:06:02] aa20c2e835c04ae5b1197aa14a731d1b	 200 0ms GET /json
[38;5;6m INFO[0m [04:06:02] 915a2c5378fa402ea1b498144b260bc4	 200 0ms GET /json
[38;5;6m INFO[0m [04:06:02] b80ca5a451d545b1819c0a707ddd3622	 200 0ms GET /json
[38;5;6m INFO[0m [04:06:02] b03099d3ad214cada53dc9f061808b3a	 200 0ms GET /json
[38;5;6m INFO[0m [04:06:02] c2b2d612c56e4e99b99b1543643bfe6e	 200 0ms GET /json
[38;5;6m INFO[0m [04:06:02] ce84dc0e80de4f949e81970bbc494f27	 200 0ms GET /json
[38;5;6m INFO[0m [04:06:02] 5653aea7155c4af29d10665b7fc7e588	 200 0ms GET /json
[38;5;6m INFO[0m [04:06:02] 35a1aacfaec0488db90559b0c060efe8	 200 0ms GET /json
[38;5;6m INFO[0m [04:06:02] 9ccffac38da94a599fc0759e5f79bb96	 200 0ms GET /json
[38;5;6m INFO[0m [04:06:02] 90f826c908a64e44ac57236ea376efc1	 200 0ms GET /json
[38;5;6m INFO[0m [04:06:02] f7c00f9e3b2f4a9b9fc5f778e42f40e4	 200 0ms GET /json
[38;5;6m INFO[0m [04:06:02] 5628afab442b40b5a55a08a9ae45c812	 200 0ms GET /json
[38;5;6m INFO[0m [04:06:02] 027ac42f690c4f6796561ca8cc4406d4	 200 0ms GET /json
[38;5;6m INFO[0m [04:06:02] 003f1e706d7345a9967a9b45f4883c00	 200 0ms GET /json
[38;5;6m INFO[0m [04:06:02] f735af2f44264c8f9dabc3029c0bd217	 200 0ms GET /json
[38;5;6m INFO[0m [04:06:02] 945761fc43de4baa88b140ce2a4beb0c	 200 0ms GET /json
[38;5;6m INFO[0m [04:06:02] 25d2a00cfdfa4e55a5b57ff9d17a2357	 200 0ms GET /json
[38;5;6m INFO[0m [04:06:02] a9ea1965c97d422ba78cc635d36309ab	 200 0ms GET /json
[38;5;6m INFO[0m [04:06:02] da79bb17d22a445b8173795c96aeb1c3	 200 0ms GET /json
[38;5;6m INFO[0m [04:06:02] a4e061393a884eeaa30a3f738d682c19	 200 0ms GET /json
[38;5;6m INFO[0m [04:06:02] 7edaa5e220de417584d431d75ab4e678	 200 0ms GET /json
[38;5;6m INFO[0m [04:06:02] d154e95792f34bf0acc005d39c7a0536	 200 0ms GET /json
[38;5;6m INFO[0m [04:06:02] 529d35dea7074e69bda2335ac0840b75	 200 0ms GET /json
[38;5;6m INFO[0m [04:06:02] 7c098da25e7a4153ab76acb87d8cbade	 200 0ms GET /json
[38;5;6m INFO[0m [04:06:02] 108f7774171c4395b5579fba3f28ba7d	 200 0ms GET /json
[38;5;6m INFO[0m [04:06:02] 13822d23b1a847d68b86cd0a99250d55	 200 0ms GET /json
[38;5;6m INFO[0m [04:06:02] d2aece1fe4aa400485c3624514a3aca7	 200 0ms GET /json
[38;5;6m INFO[0m [04:06:02] 38507c483dea4f3596f359029a47b6eb	 200 0ms GET /json
[38;5;6m INFO[0m [04:06:02] 352ca5d7dcc748f5b19923677299c49b	 200 0ms GET /json
[38;5;6m INFO[0m [04:06:02] b234052042554a149870bc50dc9f85d9	 200 0ms GET /json
[38;5;6m INFO[0m [04:06:02] 5c73c7989ab24c0b9c0ff5de53f35292	 200 0ms GET /json
[38;5;6m INFO[0m [04:06:02] cba891ca3293452e918f6b0539f50df0	 200 0ms GET /json
[38;5;6m INFO[0m [04:06:02] ed3ea10f203942f8abae6583ece59f43	 200 0ms GET /json
[38;5;6m INFO[0m [04:06:02] 9f11cef404d24757a363896444c0609c	 200 0ms GET /json
[38;5;6m INFO[0m [04:06:02] dd3b4ab307ab4106b1a520227160826d	 200 0ms GET /json
[38;5;6m INFO[0m [04:06:02] 8c0c63533d7544338e1779bb6eb6715d	 200 0ms GET /json
[38;5;6m INFO[0m [04:06:02] 842b410964514b3cb97e716d0006c5d5	 200 0ms GET /json
[38;5;6m INFO[0m [04:06:02] 2a54569f5b10457185dddc08db2c4265	 200 0ms GET /json
[38;5;6m INFO[0m [04:06:02] 4c9125678fab4be8831deb59bd5a2b05	 200 0ms GET /json
[38;5;6m INFO[0m [04:06:02] 2c1e06fa8ef34fc1a03e8ff0f14b8e77	 200 0ms GET /json
[38;5;6m INFO[0m [04:06:02] d773505416c64f679e94f4d31b22a14b	 200 0ms GET /json
[38;5;6m INFO[0m [04:06:02] 7f5c8cb56b4f45309ef47e226a0deb99	 200 0ms GET /json
[38;5;6m INFO[0m [04:06:02] b8d2933d5bb2472fb657b8f0d74d1922	 200 0ms GET /json
[38;5;6m INFO[0m [04:06:02] 95f02ac2e9034c689f3d2cc9f7a6a036	 200 0ms GET /json
[38;5;6m INFO[0m [04:06:02] 73d7e9445d704f169eeb914d7a665bc0	 200 0ms GET /json
[38;5;6m INFO[0m [04:06:02] c13078f99cbe4ee7887e7f4ca08b4901	 200 0ms GET /json
[38;5;6m INFO[0m [04:06:02] 44ffd3d768e54fb7929980f782652685	 200 0ms GET /json
[38;5;6m INFO[0m [04:06:02] 0317c49110504a52abc45ece4b255b6f	 200 0ms GET /json
[38;5;6m INFO[0m [04:06:02] 37141c2aab734476a5411b7d018f4ceb	 200 0ms GET /json
[38;5;6m INFO[0m [04:06:02] d74e50bdd566473ba5e7a873df5e609f	 200 0ms GET /json
[38;5;6m INFO[0m [04:06:02] eb52fe2b93f944a2b9332fa0319c5ab3	 200 0ms GET /json
[38;5;6m INFO[0m [04:06:02] a933ef60d6aa4872b7bb45d8dccda78c	 200 0ms GET /json
[38;5;6m INFO[0m [04:06:02] 96c907b04dbf45499170ee0c8351233d	 200 0ms GET /json
[38;5;6m INFO[0m [04:06:02] 155f023e608d4f3c9668935256071d3b	 200 0ms GET /json
[38;5;6m INFO[0m [04:06:02] c81c8f55dbfa4e00b05f92c2cb3247fe	 200 0ms GET /json
[38;5;6m INFO[0m [04:06:02] 59786168c5e1497da5d6037b0a0635d0	 200 0ms GET /json
[38;5;6m INFO[0m [04:06:02] d318660d6b064f9f9ff732508fa669e3	 200 0ms GET /json
[38;5;6m INFO[0m [04:06:02] dbab7ed32fcf433286452dab9bcacb0e	 200 0ms GET /json
[38;5;6m INFO[0m [04:06:02] 1fcde9a79ac943c88c08dccd9ff028e8	 200 0ms GET /json
[38;5;6m INFO[0m [04:06:02] a363303d0bd54d5b9df5722ac32296f5	 200 0ms GET /json
[38;5;6m INFO[0m [04:06:02] 011398232cea493c97eb3691b72c2961	 200 0ms GET /json
[38;5;6m INFO[0m [04:06:02] a306f98cefff44bfb18566fc57aed6af	 200 0ms GET /json
[38;5;6m INFO[0m [04:06:02] 63e90ba411ad404f8ca21044f4fa8c32	 200 0ms GET /json
[38;5;6m INFO[0m [04:06:02] 587b34a92ae74b88be101e02590d628c	 200 0ms GET /json
[38;5;6m INFO[0m [04:06:02] 7922216332e34a5da5347a4eaef55354	 200 0ms GET /json
[38;5;6m INFO[0m [04:06:02] 6e2f6e11b787409b8ee97b1dd539f659	 200 0ms GET /json
[38;5;6m INFO[0m [04:06:02] 5009120aabe147228e55945400e9a0fd	 200 0ms GET /json
[38;5;6m INFO[0m [04:06:02] 0782b6e1e8a5466ebfef92fd12ed65b4	 200 0ms GET /json
[38;5;6m INFO[0m [04:06:02] e7b5e2ab20f34d6ebaa49efc9b69648e	 200 0ms GET /json
[38;5;6m INFO[0m [04:06:02] 72ccd33f83e940699129a659b2adfca6	 200 0ms GET /json
[38;5;6m INFO[0m [04:06:02] 6b82d9a2ce2d474c89bfec432fbae83c	 200 0ms GET /json
[38;5;6m INFO[0m [04:06:02] a86b6634d2e84a8b87dd42fa041d43a8	 200 0ms GET /json
[38;5;6m INFO[0m [04:06:02] 6f25ee76d78741d5a8c5f638d66afdda	 200 0ms GET /json
[38;5;6m INFO[0m [04:06:02] 43d8cf652fe84185afdfcbf85afc53d4	 200 0ms GET /json
[38;5;6m INFO[0m [04:06:02] 1ceb436083b6456f8d71967d9ee1ce37	 200 0ms GET /json
[38;5;6m INFO[0m [04:06:02] 02a91005873d4d6a9e9681a8f0d50497	 200 0ms GET /json
[38;5;6m INFO[0m [04:06:02] 32d2856a946f40ae81dd2fc1f2465146	 200 0ms GET /json
[38;5;6m INFO[0m [04:06:02] bb618cdbb47f4b96a63b425cae082046	 200 0ms GET /json
[38;5;6m INFO[0m [04:06:02] 8fba7ef817884528936d1e8eaf4849bb	 200 0ms GET /json
[38;5;6m INFO[0m [04:06:02] 1786dc5aa6734984a45ff80a075fd41b	 200 0ms GET /json
[38;5;6m INFO[0m [04:06:02] 615838d1f5d049a78f4c6dc4c0ec689f	 200 0ms GET /json
[38;5;6m INFO[0m [04:06:02] c34b88ff70a04705a159463930f9295e	 200 0ms GET /json
[38;5;6m INFO[0m [04:06:02] 8242511fe1394b80b614c85c76860410	 200 0ms GET /json
[38;5;6m INFO[0m [04:06:02] cb37ec92bb1945f49e31959049290d1a	 200 0ms GET /json
[38;5;6m INFO[0m [04:06:02] 358e0a83b39f47b48e5b90ef720c1588	 200 0ms GET /json
[38;5;6m INFO[0m [04:06:02] 87779d9c116740f8bfd5bfe805bc168d	 200 0ms GET /json
[38;5;6m INFO[0m [04:06:02] 89af7ac1f4224072b23169987f69c7f2	 200 0ms GET /json
[38;5;6m INFO[0m [04:06:02] cd7e4e70d0394084bf52cf1605b4d911	 200 0ms GET /json
[38;5;6m INFO[0m [04:06:02] 8432ba7229a4408eaca14aa005488d26	 200 0ms GET /json
[38;5;6m INFO[0m [04:06:02] b3753a1cf710448ea55af750fbd6bace	 200 0ms GET /json
[38;5;6m INFO[0m [04:06:02] 25c1a170f310454f80d5230bc3bdbf25	 200 0ms GET /json
[38;5;6m INFO[0m [04:06:02] acd52aa090674ae38830d2764d4efc5d	 200 0ms GET /json
[38;5;6m INFO[0m [04:06:02] 9703a432667946a0a15bbf13e7a74ac8	 200 0ms GET /json
[38;5;6m INFO[0m [04:06:02] 4ee1d653307c484990bc2e94bd5ad19c	 200 0ms GET /json
[38;5;6m INFO[0m [04:06:02] 27c422a568ba477ca7815a8ad9b36304	 200 0ms GET /json
[38;5;6m INFO[0m [04:06:02] edbcefd384d24ce3987790b3ec1cfa09	 200 0ms GET /json
[38;5;6m INFO[0m [04:06:02] 7ec42cd35a3d4d1894eafd0046e4e6e2	 200 0ms GET /json
[38;5;6m INFO[0m [04:06:02] 602a22e44daf400599715472204179f6	 200 0ms GET /json
[38;5;6m INFO[0m [04:06:02] eb2d95f7c9624cd49b201ea35275412f	 200 0ms GET /json
[38;5;6m INFO[0m [04:06:02] ff7ac08f5dc2406aa242e8f47b45af45	 200 0ms GET /json
[38;5;6m INFO[0m [04:06:02] 12586daba64e459488ab43badc2406b4	 200 0ms GET /json
[38;5;6m INFO[0m [04:06:02] a7c86c9445264ec2ae60fd150e477fbc	 200 0ms GET /json
[38;5;6m INFO[0m [04:06:02] 62b9445d060545f3bf71a6de4c002152	 200 0ms GET /json
[38;5;6m INFO[0m [04:06:02] d1bfaf2a55914227bba109b9f1f0d42e	 200 0ms GET /json
[38;5;6m INFO[0m [04:06:02] 964e36648987461298bf3f3b9f968658	 200 0ms GET /json
[38;5;6m INFO[0m [04:06:02] 4c843bd4b2c94e8f9932a4fc8cee62c7	 200 0ms GET /json
[38;5;6m INFO[0m [04:06:02] 5c677bcd5256434dbb162476ec90aa88	 200 0ms GET /json
[38;5;6m INFO[0m [04:06:02] 8ee6e68ec7eb4475909e70826c5e5ef8	 200 0ms GET /json
[38;5;6m INFO[0m [04:06:02] d00af67b4490433cac612b113cdf31d0	 200 0ms GET /json
[38;5;6m INFO[0m [04:06:02] 0ff7593ac93c45d281def1bb54d865ea	 200 0ms GET /json
[38;5;6m INFO[0m [04:06:02] cabd8ffe036e4174a949fdf01fd8988d	 200 0ms GET /json
[38;5;6m INFO[0m [04:06:02] de8c74092bff45dca557f3311805c2bb	 200 0ms GET /json
[38;5;6m INFO[0m [04:06:02] 259e5efe372743b88828c81a83d884a4	 200 0ms GET /json
[38;5;6m INFO[0m [04:06:02] 82fc3f2e55a440db953f403d08417af7	 200 0ms GET /json
[38;5;6m INFO[0m [04:06:02] a4510e87cbfd4145b1f2dda0ba86b0be	 200 0ms GET /json
[38;5;6m INFO[0m [04:06:02] 55499bec057540fbb5d561b9808bfe09	 200 0ms GET /json
[38;5;6m INFO[0m [04:06:02] 9ca2e87a58594b5fa62f710409fb9822	 200 0ms GET /json
[38;5;6m INFO[0m [04:06:02] fa7cf2768ff648c5a7e0faf7bdea6508	 200 0ms GET /json
[38;5;6m INFO[0m [04:06:02] c399544dfc9c46a39a3d3e14243c89e2	 200 0ms GET /json
[38;5;6m INFO[0m [04:06:02] 2abcff64210a4c06922cfe50d4522bab	 200 0ms GET /json
[38;5;6m INFO[0m [04:06:02] 71c95de0170a4dbd831020f3bca411d1	 200 0ms GET /json
[38;5;6m INFO[0m [04:06:02] 52b4644fe9fb46929e4d81ff4f8383c7	 200 0ms GET /json
[38;5;6m INFO[0m [04:06:02] 8f4bca91821a4f5cbf8d1a86c2796c36	 200 0ms GET /json
[38;5;6m INFO[0m [04:06:02] 3de970494b174e09ad8ef46e560d9209	 200 0ms GET /json
[38;5;6m INFO[0m [04:06:02] 21ca9b606cf945e794506a3cd6b1d4be	 200 0ms GET /json
[38;5;6m INFO[0m [04:06:02] 149d701cefde49feab08ef321cf8e646	 200 0ms GET /json
[38;5;6m INFO[0m [04:06:02] 88d388c3c2d045f7869b993518b5c339	 200 0ms GET /json
[38;5;6m INFO[0m [04:06:02] ca178a6c9e0346509dd7bddd9bad3512	 200 0ms GET /json
[38;5;6m INFO[0m [04:06:02] 3a1a63e41c854d59953317d6fd4502af	 200 0ms GET /json
[38;5;6m INFO[0m [04:06:02] 660114f6a0dd4bbca3e015ba89af1a54	 200 0ms GET /json
[38;5;6m INFO[0m [04:06:02] f6c8a0a6ed6240fcb55f5684589f6050	 200 0ms GET /json
[38;5;6m INFO[0m [04:06:02] 07f21866f66c45319a0f4c5b1476cf97	 200 0ms GET /json
[38;5;6m INFO[0m [04:06:02] 8e2962eed10c4f8abddf11d9d3e29ae6	 200 0ms GET /json
[38;5;6m INFO[0m [04:06:02] 1213d543b4464e9ebda8a17e1c61f750	 200 0ms GET /json
[38;5;6m INFO[0m [04:06:02] 05a0a73ebe354997a5543b1888e97823	 200 0ms GET /json
[38;5;6m INFO[0m [04:06:02] 500f15458b2f430384f2d4749e20e4c7	 200 0ms GET /json
[38;5;6m INFO[0m [04:06:02] f2d71d59b8914e38a024769928ebccf7	 200 0ms GET /json
[38;5;6m INFO[0m [04:06:02] 0bed77a91f3442b993b9b307516c747e	 200 0ms GET /json
[38;5;6m INFO[0m [04:06:02] ba4591d20faf49a19d05a113fcc2698a	 200 0ms GET /json
[38;5;6m INFO[0m [04:06:02] 08e6bc9438024c928b8aa63d18d59afb	 200 0ms GET /json
[38;5;6m INFO[0m [04:06:02] de9e09e7346b42e0b4f45e5df298db42	 200 0ms GET /json
[38;5;6m INFO[0m [04:06:02] ae42148644764701819e0c75f92ea802	 200 0ms GET /json
[38;5;6m INFO[0m [04:06:02] afdc04f6784441b6979d6ba8bc86930b	 200 0ms GET /json
[38;5;6m INFO[0m [04:06:02] 8c8ca37fded3429884fc5793b2fa95a3	 200 0ms GET /json
[38;5;6m INFO[0m [04:06:02] c9f2cb88f21d428c86644d0936dae410	 200 0ms GET /json
[38;5;6m INFO[0m [04:06:02] f17d63f7f5164b7cb5ca714ef2e38160	 200 0ms GET /json
[38;5;6m INFO[0m [04:06:02] f072225bdc5f4b1ebef47f16df69c8a3	 200 0ms GET /json
[38;5;6m INFO[0m [04:06:02] 4f01d9ed206342ee8eadbc2bf460ddf3	 200 0ms GET /json
[38;5;6m INFO[0m [04:06:02] 146b11a77c8d4aeca78c0dc21be2014d	 200 0ms GET /json
[38;5;6m INFO[0m [04:06:02] 511e994687084e2599a9e89f18c9287e	 200 0ms GET /json
[38;5;6m INFO[0m [04:06:02] 99eae42bf14141efb5adab9fe63980a5	 200 0ms GET /json
[38;5;6m INFO[0m [04:06:02] e3de5347a9b24da4bb52bfaf1e1df2f4	 200 0ms GET /json
[38;5;6m INFO[0m [04:06:02] 3e9361dc795a47a482d6ea55bf99ec26	 200 0ms GET /json
[38;5;6m INFO[0m [04:06:02] 40e87b024975440597a0ac99907785f1	 200 0ms GET /json
[38;5;6m INFO[0m [04:06:02] 083e5b2db728492eb5434f8e06d1b429	 200 0ms GET /json
[38;5;6m INFO[0m [04:06:02] 843017d0fd0945c29f1c7667fb3fb34c	 200 0ms GET /json
[38;5;6m INFO[0m [04:06:02] 12c0f9b5152a4a418a0166bafb222ebf	 200 0ms GET /json
[38;5;6m INFO[0m [04:06:02] fbc1988325b34f979e17133c6bdc98f7	 200 0ms GET /json
[38;5;6m INFO[0m [04:06:02] 94fb3968ef534c87b1f925a083ac4cd1	 200 0ms GET /json
[38;5;6m INFO[0m [04:06:02] be346bfebd80490c8ee64ce51e41c5de	 200 0ms GET /json
[38;5;6m INFO[0m [04:06:02] a857ba4fc2a34c69a5c07b18bd75818a	 200 0ms GET /json
[38;5;6m INFO[0m [04:06:02] 7c40ea7a198446c0b885cc4d6bd5cf0e	 200 0ms GET /json
[38;5;6m INFO[0m [04:06:02] d9403ab912aa4b92b7e0ff6f9a7f1734	 200 0ms GET /json
[38;5;6m INFO[0m [04:06:02] f828268878ee4978b3b0bae333eb7ebc	 200 0ms GET /json
[38;5;6m INFO[0m [04:06:02] c73b1ec03e364de3bbf93058f9b4b19a	 200 0ms GET /json
[38;5;6m INFO[0m [04:06:02] 3b51bee6e71c4e3ea98a87770572081c	 200 0ms GET /json
[38;5;6m INFO[0m [04:06:02] 4206eb08990f43db93b07edddaa9a674	 200 0ms GET /json
[38;5;6m INFO[0m [04:06:02] 353ed8c0302f4ed7999af25821033262	 200 0ms GET /json
[38;5;6m INFO[0m [04:06:02] d2b308dfabb449689f87f8d8eb04abcf	 200 0ms GET /json
[38;5;6m INFO[0m [04:06:02] f7f35380f23e45a5bd42db9cbd8fbde8	 200 0ms GET /json
[38;5;6m INFO[0m [04:06:02] e6f6e47905764b5ba92a8c8c16cda3c7	 200 0ms GET /json
[38;5;6m INFO[0m [04:06:02] 7af575aca4864c62b58173835c1c3f28	 200 0ms GET /json
[38;5;6m INFO[0m [04:06:02] c8b68aa0edcf47af92305eaddb5ea90c	 200 0ms GET /json
[38;5;6m INFO[0m [04:06:02] 8afe53e72782421caf1f86f2241448bb	 200 0ms GET /json
[38;5;6m INFO[0m [04:06:02] 9d3d1bd14c7145ff91ab8753078e06f0	 200 0ms GET /json
[38;5;6m INFO[0m [04:06:02] a393d07c624648828aa8b7e58c084efe	 200 0ms GET /json
[38;5;6m INFO[0m [04:06:02] 34768123cf6f4da19ea940b89c85d6ca	 200 0ms GET /json
[38;5;6m INFO[0m [04:06:02] 9f9eea6b9eb44b6abf76678001283d00	 200 0ms GET /json
[38;5;6m INFO[0m [04:06:02] c08332ad837c48aca8c6343ab6d0b00f	 200 0ms GET /json
[38;5;6m INFO[0m [04:06:02] e3bf38aa969042dfb84ef47df348dea0	 200 0ms GET /json
[38;5;6m INFO[0m [04:06:02] 83fd2433cabc490f965f1be5def9bf02	 200 0ms GET /json
[38;5;6m INFO[0m [04:06:02] f4a454860bcd4b84bcc6405d268670d7	 200 0ms GET /json
[38;5;6m INFO[0m [04:06:02] 2e11581459734de4aec71757784d6b84	 200 0ms GET /json
[38;5;6m INFO[0m [04:06:02] 57b969e3e5104a4e85d4fbbed5b026fa	 200 0ms GET /json
[38;5;6m INFO[0m [04:06:02] b38569acdbcf4d89b8b115c0ce7361f6	 200 0ms GET /json
[38;5;6m INFO[0m [04:06:02] e76f34357d22407a9274f528227487e0	 200 0ms GET /json
[38;5;6m INFO[0m [04:06:02] 41fc068d8be74b6080a0a6bc641c4a86	 200 0ms GET /json
[38;5;6m INFO[0m [04:06:02] 079da73ee9ab439e91f9da05e61d0de2	 200 0ms GET /json
[38;5;6m INFO[0m [04:06:02] 311e3ba4606c428cb5128388297cbdd4	 200 0ms GET /json
[38;5;6m INFO[0m [04:06:02] 8493e3eccf2c4a13813d325343d64a3f	 200 0ms GET /json
[38;5;6m INFO[0m [04:06:02] 9025d8adf4f7452eb9fe6aa99af05339	 200 0ms GET /json
[38;5;6m INFO[0m [04:06:02] 93a942db70e64a548ac07ec2f6328edf	 200 0ms GET /json
[38;5;6m INFO[0m [04:06:02] d8d28d34ed1f45ab91bacaef17e842cb	 200 0ms GET /json
[38;5;6m INFO[0m [04:06:02] 8affcdb6e1a74e9a8d26c13e2b3bbb95	 200 0ms GET /json
[38;5;6m INFO[0m [04:06:02] acbd156b3427430eb4aeed75a8bdcefd	 200 0ms GET /json
[38;5;6m INFO[0m [04:06:02] 3b3dd87fbe404b458a243e7c0209815b	 200 0ms GET /json
[38;5;6m INFO[0m [04:06:02] 9d28ec68188e4579b99eda56f3154be2	 200 0ms GET /json
[38;5;6m INFO[0m [04:06:02] 285aea445caf4b10acbb41352a4151c1	 200 0ms GET /json
[38;5;6m INFO[0m [04:06:02] 56a6b53dd5f146cea1c2334ee037e604	 200 0ms GET /json
[38;5;6m INFO[0m [04:06:02] 1da0d8cbd4db4f6c918ae7d208621785	 200 0ms GET /json
[38;5;6m INFO[0m [04:06:02] f0edcae27dec4dbf8edaf2354a5cb655	 200 0ms GET /json
[38;5;6m INFO[0m [04:06:02] 298bc53fd3ec4589b39cd9df0214f620	 200 0ms GET /json
[38;5;6m INFO[0m [04:06:02] 46717e226a8a46298384041d17876056	 200 0ms GET /json
[38;5;6m INFO[0m [04:06:02] 96922213099e4eaa960ea70e4648527a	 200 0ms GET /json
[38;5;6m INFO[0m [04:06:02] 8dc761c0d4fb4fc2aea2ae4245a6617c	 200 0ms GET /json
[38;5;6m INFO[0m [04:06:02] c05bcc757cc2499d87e6679f88fc743b	 200 0ms GET /json
[38;5;6m INFO[0m [04:06:02] 1db0713a5ded445791106b32678b362a	 200 0ms GET /json
[38;5;6m INFO[0m [04:06:02] 675e184e09b54a8d83bf53c4eeabc25f	 200 0ms GET /json
[38;5;6m INFO[0m [04:06:02] 4c496db0304341788c9883aac27f161f	 200 0ms GET /json
[38;5;6m INFO[0m [04:06:02] 3d45645b89ee4b7180c2e26208d396fd	 200 0ms GET /json
[38;5;6m INFO[0m [04:06:02] 01f7d06b7b6049f48d79f3b786f6f1d6	 200 0ms GET /json
[38;5;6m INFO[0m [04:06:04] e18b2467e90b4cebb4d45e96d7250ac5	 200 0ms GET /json
[38;5;6m INFO[0m [04:06:04] 15d4b848203047c0ae9623a7b8eacdd7	 200 0ms GET /json
[38;5;6m INFO[0m [04:06:04] f59e8d32cd50468b8dd0fd23ca163092	 200 0ms GET /json
[38;5;6m INFO[0m [04:06:04] 4c3e174630834fcabdaede690300c0b8	 200 0ms GET /json
[38;5;6m INFO[0m [04:06:04] bb747980a60e4590a3aa17024d28d920	 200 0ms GET /json
[38;5;6m INFO[0m [04:06:04] 8338ea32d928469fa68b0a2c5d355fe4	 200 0ms GET /json
[38;5;6m INFO[0m [04:06:04] 4e7d48c6d05b462694d164e757442ed9	 200 0ms GET /json
[38;5;6m INFO[0m [04:06:04] 340f9fe671ad40338604f9ffba2d26d1	 200 0ms GET /json
[38;5;6m INFO[0m [04:06:04] 7c279b2c9a6b488a8bdd8dc561e88aab	 200 0ms GET /json
[38;5;6m INFO[0m [04:06:04] 6e0081171f59424c9a246929c9c8b533	 200 0ms GET /json
[38;5;6m INFO[0m [04:06:04] c7b2d19cf6c4487083e916ffd4bed688	 200 0ms GET /json
[38;5;6m INFO[0m [04:06:04] c19843380bce48c6ac5b48d521e909a5	 200 0ms GET /json
[38;5;6m INFO[0m [04:06:04] c304d917d91b4a4ab51776478851a37c	 200 0ms GET /json
[38;5;6m INFO[0m [04:06:04] d864b80db7a4417d8ad921a1a7bb5578	 200 0ms GET /json
[38;5;6m INFO[0m [04:06:04] f657f85474cc445e8f07238aa917d657	 200 0ms GET /json
[38;5;6m INFO[0m [04:06:04] 5c096d811427413491cf9c84b2e21485	 200 0ms GET /json
[38;5;6m INFO[0m [04:06:04] eab5fe82e65b448b80b32bf713c858ea	 200 0ms GET /json
[38;5;6m INFO[0m [04:06:04] 25d29fac4f414194b893da5314e9aea1	 200 0ms GET /json
[38;5;6m INFO[0m [04:06:04] eef25463c2f84729a0e9e59a9dded7d7	 200 0ms GET /json
[38;5;6m INFO[0m [04:06:04] 63c9daa4703f4948a434a89e4317ae07	 200 0ms GET /json
[38;5;6m INFO[0m [04:06:04] a68436b61b494bd788ffbb59da6c6ee4	 200 0ms GET /json
[38;5;6m INFO[0m [04:06:04] 3074292b302c4c2c8c81ac7b8448181b	 200 0ms GET /json
[38;5;6m INFO[0m [04:06:04] 0b038813ec364242af7c4fb8f234f00d	 200 0ms GET /json
[38;5;6m INFO[0m [04:06:04] 341cec069f71498a87ffb87a9e86c383	 200 0ms GET /json
[38;5;6m INFO[0m [04:06:04] ca49599d0ce84a88aa97b29783bf2df9	 200 0ms GET /json
[38;5;6m INFO[0m [04:06:04] 733010d185b6406097867b0d688f952c	 200 0ms GET /json
[38;5;6m INFO[0m [04:06:04] cbfa9004aef14dca9a9a3bf55ffef11c	 200 0ms GET /json
[38;5;6m INFO[0m [04:06:04] 8d681a9f62ea4283ac29f5f8fb45f79f	 200 0ms GET /json
[38;5;6m INFO[0m [04:06:04] f372039b11b44c0f89a084aa0462650b	 200 0ms GET /json
[38;5;6m INFO[0m [04:06:04] 630df0787ae340fa9a0992b9eb3a3ed1	 200 0ms GET /json
[38;5;6m INFO[0m [04:06:04] be4e045755164914968eb2dc77f1a29d	 200 0ms GET /json
[38;5;6m INFO[0m [04:06:04] 2c75d825e103472aa80661a78d890bd1	 200 0ms GET /json
[38;5;6m INFO[0m [04:06:04] 8ccd58d2b8fd49d6a47c2ed6ec3bee5c	 200 0ms GET /json
[38;5;6m INFO[0m [04:06:04] 4a0037f87ff74512822707c0c86891d2	 200 0ms GET /json
[38;5;6m INFO[0m [04:06:04] 75ab43e94a5b4371aeeea952c7b21f78	 200 0ms GET /json
[38;5;6m INFO[0m [04:06:04] f1ad5154934944c1ba476435165137c6	 200 0ms GET /json
[38;5;6m INFO[0m [04:06:04] 02d4ca1a48a14ff79ebb53dca0a8e229	 200 0ms GET /json
[38;5;6m INFO[0m [04:06:04] bfccc3134b3241cfa538e28ac9c622b7	 200 0ms GET /json
[38;5;6m INFO[0m [04:06:04] 942b81196cbc4ac19b1db04c735cd07e	 200 0ms GET /json
[38;5;6m INFO[0m [04:06:04] 25b42e40fdd84f82b7ffdcd3cabd97c0	 200 0ms GET /json
[38;5;6m INFO[0m [04:06:04] f9d113aa5e154b0795feb966ec6fed39	 200 0ms GET /json
[38;5;6m INFO[0m [04:06:04] 4d33d3f472c54b34afbf0fe0db98205e	 200 0ms GET /json
[38;5;6m INFO[0m [04:06:04] 6711ba7556f24a8ba814f8d95fcd1309	 200 0ms GET /json
[38;5;6m INFO[0m [04:06:04] f64ebdabb2a148a39c9c7c0761705727	 200 0ms GET /json
[38;5;6m INFO[0m [04:06:04] 76de399ff4b44a3c99933cfadc3d3864	 200 0ms GET /json
[38;5;6m INFO[0m [04:06:04] fb80ffd9b0574befb1dd0f1f7daaa1fd	 200 0ms GET /json
[38;5;6m INFO[0m [04:06:04] 2a7d413b74364f6fa549d42fe5a356af	 200 0ms GET /json
[38;5;6m INFO[0m [04:06:04] 9de177da000343c2b69bff4e6a9400cd	 200 0ms GET /json
[38;5;6m INFO[0m [04:06:04] 4d81905076884d98b8c3372ff3b98645	 200 0ms GET /json
[38;5;6m INFO[0m [04:06:04] 5369620d80c842fd91c54692c0cd258d	 200 0ms GET /json
[38;5;6m INFO[0m [04:06:04] 6b8f1944ad034cf2aad4d2cb0a464d42	 200 0ms GET /json
[38;5;6m INFO[0m [04:06:04] 87febde66bd942229e88a4736a0776b2	 200 0ms GET /json
[38;5;6m INFO[0m [04:06:04] afd5c216176d46559ae5e72672665b8c	 200 0ms GET /json
[38;5;6m INFO[0m [04:06:04] b0e6ad8fdc3e488b972099709aad94f8	 200 0ms GET /json
[38;5;6m INFO[0m [04:06:04] bfe69f6b4bdb416e81bf1203be006fa2	 200 0ms GET /json
[38;5;6m INFO[0m [04:06:04] feae8b012bd246a59d5c4828ef41e84f	 200 0ms GET /json
[38;5;6m INFO[0m [04:06:04] 4493c840c99e4e45ba1d0d7533345bff	 200 0ms GET /json
[38;5;6m INFO[0m [04:06:04] e1477889123f454cbece23906a38388d	 200 0ms GET /json
[38;5;6m INFO[0m [04:06:04] e52450828bb84d989a5de19c6d08fc07	 200 0ms GET /json
[38;5;6m INFO[0m [04:06:04] 5ff83c2eda154ec595592f52c023d486	 200 0ms GET /json
[38;5;6m INFO[0m [04:06:04] 95b36585f1fa469c992c6c063c93d50a	 200 0ms GET /json
[38;5;6m INFO[0m [04:06:04] 9ad9f5049c8549b3aad254a0d8fcb5ca	 200 0ms GET /json
[38;5;6m INFO[0m [04:06:04] bb32a41d001749688eb323bf696ddfb8	 200 0ms GET /json
[38;5;6m INFO[0m [04:06:04] c4f05d00b640454fa476b59cb3218712	 200 0ms GET /json
[38;5;6m INFO[0m [04:06:04] 60ce8dcc11bc4d84830668e01cf65b36	 200 0ms GET /json
[38;5;6m INFO[0m [04:06:04] e12cf81393bc418ca025b28231fa74fe	 200 0ms GET /json
[38;5;6m INFO[0m [04:06:04] 4eed53e7111948dfa6c6d9929dd831cc	 200 0ms GET /json
[38;5;6m INFO[0m [04:06:04] ff459dec17e943a1a43ddc34c7aa8a19	 200 0ms GET /json
[38;5;6m INFO[0m [04:06:04] 39f6ec3eba6043978e28d097757e12be	 200 0ms GET /json
[38;5;6m INFO[0m [04:06:04] f2b93816565246b9acf2bc523326bb92	 200 0ms GET /json
[38;5;6m INFO[0m [04:06:04] 82aed03af557491590dd129780a94cb1	 200 0ms GET /json
[38;5;6m INFO[0m [04:06:04] 6c474bf078a245538cc854b689b3f1c5	 200 0ms GET /json
[38;5;6m INFO[0m [04:06:04] b99665aa2b0f4ce185f323b686902e3d	 200 0ms GET /json
[38;5;6m INFO[0m [04:06:04] 3d86d1c7e3f742d08b604c1f9365598a	 200 0ms GET /json
[38;5;6m INFO[0m [04:06:04] f82f714f4ebd4df18191df2cee8063e7	 200 0ms GET /json
[38;5;6m INFO[0m [04:06:04] b7f9f0c492c04e1387e5aee9ff8baf62	 200 0ms GET /json
[38;5;6m INFO[0m [04:06:04] bf288006d66b4ff894bee9f320fc0fff	 200 0ms GET /json
[38;5;6m INFO[0m [04:06:04] c024b59bf0e7489aae236585d0bb3dc7	 200 0ms GET /json
[38;5;6m INFO[0m [04:06:04] c2d3bcbd77694dd5ac7706cf12bf1ec9	 200 0ms GET /json
[38;5;6m INFO[0m [04:06:04] 081c72fa2b704ef2af65c762818714e0	 200 0ms GET /json
[38;5;6m INFO[0m [04:06:04] cd6da600576d4de991e765f9325b926e	 200 0ms GET /json
[38;5;6m INFO[0m [04:06:04] 0a0cd8af1f4e42259410b76bfdb9888e	 200 0ms GET /json
[38;5;6m INFO[0m [04:06:04] b4be40f4d25e40c08d2bf32bb3da9d0f	 200 0ms GET /json
[38;5;6m INFO[0m [04:06:04] 21383ab665fe44c4902979c3db22f3fa	 200 0ms GET /json
[38;5;6m INFO[0m [04:06:04] dee67086262343509f8935fb71e353b6	 200 0ms GET /json
[38;5;6m INFO[0m [04:06:04] 1d33fa0ee2b04a41b336e1c11b50753b	 200 0ms GET /json
[38;5;6m INFO[0m [04:06:04] 1b9e2cd4c4804cc9bf6609dfc6eae39a	 200 0ms GET /json
[38;5;6m INFO[0m [04:06:04] cdebd54ceaad4dadb3041f461d8563be	 200 0ms GET /json
[38;5;6m INFO[0m [04:06:04] e55a7a48303a47dd956fba74bb9068a4	 200 0ms GET /json
[38;5;6m INFO[0m [04:06:04] 545423418fe64a30847e66754e6124f6	 200 0ms GET /json
[38;5;6m INFO[0m [04:06:04] 2293a1c666df46f99599d5ca37cecebd	 200 0ms GET /json
[38;5;6m INFO[0m [04:06:04] 514f43777a644b2485716ce944c7d85e	 200 0ms GET /json
[38;5;6m INFO[0m [04:06:04] f527f22660844e779630da83c8b91d0d	 200 0ms GET /json
[38;5;6m INFO[0m [04:06:04] d776eb44b4a84228a95ea94641f19272	 200 0ms GET /json
[38;5;6m INFO[0m [04:06:04] 1c1401afe13c46d7b16acbbb3201d36f	 200 0ms GET /json
[38;5;6m INFO[0m [04:06:04] ce293b60589243ecaddb94416a49cfad	 200 0ms GET /json
[38;5;6m INFO[0m [04:06:04] 5fd08ee079d748f9af697973d977a1be	 200 0ms GET /json
[38;5;6m INFO[0m [04:06:04] 9d8a4f543d3a464782f71ee1c6a2d4ce	 200 0ms GET /json
[38;5;6m INFO[0m [04:06:04] 2c9c014e8dc94f77ac5cb31644e646eb	 200 0ms GET /json
[38;5;6m INFO[0m [04:06:04] a2b0c56edb914ad2b0142be96de90266	 200 0ms GET /json
[38;5;6m INFO[0m [04:06:06] b25dee5fb8444fd5b8918402862ddbfb	 200 0ms GET /json
[38;5;6m INFO[0m [04:06:06] b32613b9fdf448c98a0b65d576aeb0e5	 200 0ms GET /json
[38;5;6m INFO[0m [04:06:06] cbabdc8eee704c03a118a84414ba2707	 200 0ms GET /json
[38;5;6m INFO[0m [04:06:06] 4590a42392b2442c90ab05e73d3956e3	 200 0ms GET /json
[38;5;6m INFO[0m [04:06:06] eb00d78fd4c84722ae8d93bf97eb3fbe	 200 0ms GET /json
[38;5;6m INFO[0m [04:06:06] 6f6f8d29ab224ee899367d0999706401	 200 0ms GET /json
[38;5;6m INFO[0m [04:06:06] 8814dc431a9e4060a523cec239951065	 200 0ms GET /json
[38;5;6m INFO[0m [04:06:06] 438185be5f4f48499e9d03f68ea9b990	 200 0ms GET /json
[38;5;6m INFO[0m [04:06:06] fab7dc0e7e6c4ce5bfe4a1df2b1feae6	 200 0ms GET /json
[38;5;6m INFO[0m [04:06:06] b7165d676b654543817eaba8ca37636f	 200 0ms GET /json
[38;5;6m INFO[0m [04:06:06] d0b42a5e6b204ca099293f4d41dd41a4	 200 0ms GET /json
[38;5;6m INFO[0m [04:06:06] ed765cb81b42404e9994c17de36d38de	 200 0ms GET /json
[38;5;6m INFO[0m [04:06:06] 37645f3212484223a42618e9b3b9fa06	 200 0ms GET /json
[38;5;6m INFO[0m [04:06:06] ce7eaf7279be427e9272940b91e6ec69	 200 0ms GET /json
[38;5;6m INFO[0m [04:06:06] 2ac9961f59d64f8883e23a593c11b032	 200 0ms GET /json
[38;5;6m INFO[0m [04:06:06] 6eb443c57ba145049a91a7be8ed86b71	 200 0ms GET /json
[38;5;6m INFO[0m [04:06:06] d0692f07fe7b4824b7fa87d5b56b7c7e	 200 0ms GET /json
[38;5;6m INFO[0m [04:06:06] 9b049b081c9e402587ba1c4d978d7445	 200 0ms GET /json
[38;5;6m INFO[0m [04:06:06] bb8cc90ba05e482c81db53f68c6c69db	 200 0ms GET /json
[38;5;6m INFO[0m [04:06:06] 75727bf6befc4767aa57bb5abe1b2a90	 200 0ms GET /json
[38;5;6m INFO[0m [04:06:06] 2b8132ce19d94bccb99e5b336eb18431	 200 0ms GET /json
[38;5;6m INFO[0m [04:06:06] cae5ae1846a64327bf669b13ab3c9880	 200 0ms GET /json
[38;5;6m INFO[0m [04:06:06] 29d06df458ba4d5cbae005b96314b353	 200 0ms GET /json
[38;5;6m INFO[0m [04:06:06] ad485aa368ed4862a2f8eb33db713c39	 200 0ms GET /json
[38;5;6m INFO[0m [04:06:06] f4fe591962cd4dd49abae9335a2ba46b	 200 0ms GET /json
[38;5;6m INFO[0m [04:06:06] b255634008694202a5cd64a1d78ae382	 200 0ms GET /json
[38;5;6m INFO[0m [04:06:06] 9aedb15470d24da9817da6c437ca8197	 200 0ms GET /json
[38;5;6m INFO[0m [04:06:06] 52707b0685df4bd29a64f3fe3d2b7459	 200 0ms GET /json
[38;5;6m INFO[0m [04:06:06] 3a56baffd6e144da90634a09c0f271bb	 200 0ms GET /json
[38;5;6m INFO[0m [04:06:06] b8c1dbd2fd934756a063371003d70b2e	 200 0ms GET /json
[38;5;6m INFO[0m [04:06:06] 27fb14677f2440d2a280744c279c052c	 200 0ms GET /json
[38;5;6m INFO[0m [04:06:06] 9a25a41a6c9b4b81b5e70b55e40cb42c	 200 0ms GET /json
[38;5;6m INFO[0m [04:06:06] 317fd41c42964204ad4d925164100edd	 200 0ms GET /json
[38;5;6m INFO[0m [04:06:06] 2c1f97955437459582020552906cf8ff	 200 0ms GET /json
[38;5;6m INFO[0m [04:06:06] 363f4aeece4f4d0ebd7a1dc53dad946e	 200 0ms GET /json
[38;5;6m INFO[0m [04:06:06] cf1feeab2bb64f65b4cfc5922c11e528	 200 0ms GET /json
[38;5;6m INFO[0m [04:06:06] 972d3b840a4d4a60beefa8482326bd71	 200 0ms GET /json
[38;5;6m INFO[0m [04:06:06] f8d8aabc4cfd474cbd944dc65deda8ab	 200 0ms GET /json
[38;5;6m INFO[0m [04:06:06] d4a9513a83e345879fa383f5e25d9fbc	 200 0ms GET /json
[38;5;6m INFO[0m [04:06:06] 5e9a4787234144d0a2bc31dcc59ea6b1	 200 0ms GET /json
[38;5;6m INFO[0m [04:06:06] cd5936ae5a3c418ea41e4ff41ba7762c	 200 0ms GET /json
[38;5;6m INFO[0m [04:06:06] a1b34e9a3313432a86e4251ea46b3024	 200 0ms GET /json
[38;5;6m INFO[0m [04:06:06] 639519f241f34263875869034641c9b2	 200 0ms GET /json
[38;5;6m INFO[0m [04:06:06] 10d85c555a5c43dc9335c251be68a76b	 200 0ms GET /json
[38;5;6m INFO[0m [04:06:06] ed42998f78de41f7a963963ad6feac16	 200 0ms GET /json
[38;5;6m INFO[0m [04:06:06] efe1b53de2ed4eae8d6ad0aff7608b11	 200 0ms GET /json
[38;5;6m INFO[0m [04:06:06] d80c4cd259ce4e38a01662d60bb4562b	 200 0ms GET /json
[38;5;6m INFO[0m [04:06:06] 3c60b958d8524af7a1ebf96a2de4ec53	 200 0ms GET /json
[38;5;6m INFO[0m [04:06:06] 953ebf2c9ba746dfb1cc08494b91c99d	 200 0ms GET /json
[38;5;6m INFO[0m [04:06:06] cb0822291cc54a199945a796219e41b2	 200 0ms GET /json
[38;5;6m INFO[0m [04:06:06] 820c4eb7df3e44b8891727a11fee30f8	 200 0ms GET /json
[38;5;6m INFO[0m [04:06:06] 1d720d88e3cf4614a268ead6423e011a	 200 0ms GET /json
[38;5;6m INFO[0m [04:06:06] 21cb306f687e4b22be72f2080dbf5a78	 200 0ms GET /json
[38;5;6m INFO[0m [04:06:06] 900d12a960c0453e9602ad953de9c192	 200 0ms GET /json
[38;5;6m INFO[0m [04:06:06] 9d95e143be8343458d757e117f330ca4	 200 0ms GET /json
[38;5;6m INFO[0m [04:06:06] ed27232c5f6c49ffaa805c438621ccca	 200 0ms GET /json
[38;5;6m INFO[0m [04:06:06] e54f8d73d2f34dc18749ec5d8cb33c69	 200 0ms GET /json
[38;5;6m INFO[0m [04:06:06] 1d86020ca6f240668aba93ed5a9c6886	 200 0ms GET /json
[38;5;6m INFO[0m [04:06:06] 55083273402e44ecb505db8fca971492	 200 0ms GET /json
[38;5;6m INFO[0m [04:06:06] edecf12c47dd4389b3d7b883affcd453	 200 0ms GET /json
[38;5;6m INFO[0m [04:06:06] 9b90190464524bea9df746396104b9c3	 200 0ms GET /json
[38;5;6m INFO[0m [04:06:06] 9420deba403044b18ce8ea2d1300988b	 200 0ms GET /json
[38;5;6m INFO[0m [04:06:06] 6d285e09e7c54b15ab92f99284952676	 200 0ms GET /json
[38;5;6m INFO[0m [04:06:06] 8ee194a658394445809af43711e0ec59	 200 0ms GET /json
[38;5;6m INFO[0m [04:06:06] 848112b269a7462cbb1a3aee907c335a	 200 0ms GET /json
[38;5;6m INFO[0m [04:06:06] 85e110cb52fd4e5b91f79c982d8bae1e	 200 0ms GET /json
[38;5;6m INFO[0m [04:06:06] b28a14e3596f4e98b402007c04787f52	 200 0ms GET /json
[38;5;6m INFO[0m [04:06:06] 935765b1648a47e39cb744ef63eb933e	 200 0ms GET /json
[38;5;6m INFO[0m [04:06:06] 9a4e52012c4149f598c83259c9c81a80	 200 0ms GET /json
[38;5;6m INFO[0m [04:06:06] 495ccc873a2148c9a019a5547c9937e8	 200 0ms GET /json
[38;5;6m INFO[0m [04:06:06] d66d66bb3ffc4d17ac3596a08be32786	 200 0ms GET /json
[38;5;6m INFO[0m [04:06:06] 7bcbcaf235d54b43a2c32be8864d4a33	 200 0ms GET /json
[38;5;6m INFO[0m [04:06:06] 69ab563956274081b22de77ebaab8cb7	 200 0ms GET /json
[38;5;6m INFO[0m [04:06:06] e4bec465d3284b86817bd29f5d459012	 200 0ms GET /json
[38;5;6m INFO[0m [04:06:06] 9f76968fc13d41b7959235c33e2ed2fc	 200 0ms GET /json
[38;5;6m INFO[0m [04:06:06] 8e35bb153ccf43f38f044d4d19005077	 200 0ms GET /json
[38;5;6m INFO[0m [04:06:06] 6c7273249ff74cb08c670895cae15b2c	 200 0ms GET /json
[38;5;6m INFO[0m [04:06:06] 4f9d2f85c8db4094bb105468192309fc	 200 0ms GET /json
[38;5;6m INFO[0m [04:06:06] c55cc7cc39324a8fa7a6592988556b44	 200 0ms GET /json
[38;5;6m INFO[0m [04:06:06] 4593d85ecbf34ecc92ef3eb63f6d20be	 200 0ms GET /json
[38;5;6m INFO[0m [04:06:06] 73fdaca9ee5b4881b50ac8fb428e6383	 200 0ms GET /json
[38;5;6m INFO[0m [04:06:06] 0582ae1aec644dd78091d3162c5fdb6f	 200 0ms GET /json
[38;5;6m INFO[0m [04:06:06] 13037bb3182c48afb3f0ae3543e371d3	 200 0ms GET /json
[38;5;6m INFO[0m [04:06:06] b5cfbdd9e60c465bab14a3f7d18da63d	 200 0ms GET /json
[38;5;6m INFO[0m [04:06:06] e86c61005dc54ad0bfa512f7301f6a73	 200 0ms GET /json
[38;5;6m INFO[0m [04:06:06] bad342d0240a4946b289171ad31abe5b	 200 0ms GET /json
[38;5;6m INFO[0m [04:06:06] e479327eee7649bcb252e01a15985227	 200 0ms GET /json
[38;5;6m INFO[0m [04:06:06] 4499412f99e344ebaa4370e2dda3f42c	 200 0ms GET /json
[38;5;6m INFO[0m [04:06:06] 7d46849cfcab4bd3a842b75c98f97fe6	 200 0ms GET /json
[38;5;6m INFO[0m [04:06:06] 3d1c360374ab41b384656ab33a2ee620	 200 0ms GET /json
[38;5;6m INFO[0m [04:06:06] 994b2f6ab3b04389b9ec2f66f7c4c81c	 200 0ms GET /json
[38;5;6m INFO[0m [04:06:06] 82f78e16cc58479aa0bc2d29764a6c5c	 200 0ms GET /json
[38;5;6m INFO[0m [04:06:06] 6d3517b765784fada38b3ea581a63d0b	 200 0ms GET /json
[38;5;6m INFO[0m [04:06:06] a214949c00c043bd8c11f2ec94a2343a	 200 0ms GET /json
[38;5;6m INFO[0m [04:06:06] c20458eb6774466ca89ec922209b9989	 200 0ms GET /json
[38;5;6m INFO[0m [04:06:06] 17277366825e4b4b9a5e5f59ec57c47e	 200 0ms GET /json
[38;5;6m INFO[0m [04:06:06] 65b6aa84cc8247ba905ba3327d73e7ec	 200 0ms GET /json
[38;5;6m INFO[0m [04:06:06] 2d3d9038e4e64590b3f27a2183af182d	 200 0ms GET /json
[38;5;6m INFO[0m [04:06:06] 14bd2d2fb40543db84577182818e9e03	 200 0ms GET /json
[38;5;6m INFO[0m [04:06:06] d874c91929e24a06933057b3360be1ca	 200 0ms GET /json
[38;5;6m INFO[0m [04:06:08] 26b6e8691dbe4c5d87d7c962b7bd2cd4	 200 0ms GET /json
[38;5;6m INFO[0m [04:06:08] cee18752f18945f884f40023a4a8d8de	 200 0ms GET /json
[38;5;6m INFO[0m [04:06:08] 1051c1d168654181b068eb7679a2cb18	 200 0ms GET /json
[38;5;6m INFO[0m [04:06:08] 9dfe1d51f3604cbd9b02e571bd9cf237	 200 0ms GET /json
[38;5;6m INFO[0m [04:06:08] 95f20b2fb14048f28fc0a91d337ed9dc	 200 0ms GET /json
[38;5;6m INFO[0m [04:06:08] 1e8aa6f8d4f941979a92e6eb64eae98b	 200 0ms GET /json
[38;5;6m INFO[0m [04:06:08] aea9763fe6b64ffe9aa92b8261a3e513	 200 0ms GET /json
[38;5;6m INFO[0m [04:06:08] 6a3855a3807143979beb4262108d7e84	 200 0ms GET /json
[38;5;6m INFO[0m [04:06:08] ae0eb708637d409984c39ede31fa86a8	 200 0ms GET /json
[38;5;6m INFO[0m [04:06:08] 202d6cd736b8413680a343611181a31a	 200 0ms GET /json
[38;5;6m INFO[0m [04:06:08] 9955ceebb3cf4f0eb03ad00e5e74b082	 200 0ms GET /json
[38;5;6m INFO[0m [04:06:08] d51c474044014e6b90db2c3a95c6f0a2	 200 0ms GET /json
[38;5;6m INFO[0m [04:06:08] 79bd3b72ced84fafa5fbaa5b2908c11c	 200 0ms GET /json
[38;5;6m INFO[0m [04:06:08] c5af1c1442b64f429677712e7334b12c	 200 0ms GET /json
[38;5;6m INFO[0m [04:06:08] f6089d486ba64ccfa06c8211394d1cd3	 200 0ms GET /json
[38;5;6m INFO[0m [04:06:08] cf4a8c198dc74eb6968cf2397682fc2b	 200 0ms GET /json
[38;5;6m INFO[0m [04:06:08] 1106ca00c5bb4df488eebe69a11d0cbe	 200 0ms GET /json
[38;5;6m INFO[0m [04:06:08] 618f04a83a034d92bb766062e040e015	 200 0ms GET /json
[38;5;6m INFO[0m [04:06:08] ef1d194ef98d4a2881f94bfe995f88ab	 200 0ms GET /json
[38;5;6m INFO[0m [04:06:08] 6c9e0117f07448b4a27f9ab5bbed00f2	 200 0ms GET /json
[38;5;6m INFO[0m [04:06:08] 34ae3439b62c4137be0ad9836e2afb0f	 200 0ms GET /json
[38;5;6m INFO[0m [04:06:08] 9a7abc2dd28c4d2dbd2af1c48ae5e70d	 200 0ms GET /json
[38;5;6m INFO[0m [04:06:08] 14b63329f1fb49febdb6c7877d904e7c	 200 0ms GET /json
[38;5;6m INFO[0m [04:06:08] 3f64b930af1048b7b9f1dce08b534156	 200 0ms GET /json
[38;5;6m INFO[0m [04:06:08] 48cca77d85974322a6ed61461fa7b75a	 200 0ms GET /json
[38;5;6m INFO[0m [04:06:08] 38a5770afd464cffb20a97d02858f378	 200 0ms GET /json
[38;5;6m INFO[0m [04:06:08] 46fa89825c6f4493947ffd193df07a7b	 200 0ms GET /json
[38;5;6m INFO[0m [04:06:08] ae6dcd85410f4ad5b737e7d93430b99c	 200 0ms GET /json
[38;5;6m INFO[0m [04:06:08] 7e84d59e91e84d39ae2254c3935c25a8	 200 0ms GET /json
[38;5;6m INFO[0m [04:06:08] d182290f490946e5be9bd83205d7bde6	 200 0ms GET /json
[38;5;6m INFO[0m [04:06:08] f7730fff5eea44ed8d126ae1f46cab85	 200 0ms GET /json
[38;5;6m INFO[0m [04:06:08] e4f6ba4a7b124f53bc92ad37e218cab3	 200 0ms GET /json
[38;5;6m INFO[0m [04:06:08] 63870872db7b461eaa31b202046e85a8	 200 0ms GET /json
[38;5;6m INFO[0m [04:06:08] e357649b272d46dfbf38af4395154557	 200 0ms GET /json
[38;5;6m INFO[0m [04:06:08] 876dd1397fe741e89c2da4ea8ba4432f	 200 0ms GET /json
[38;5;6m INFO[0m [04:06:08] 719e0d143e264efcb7996e13500ed29c	 200 0ms GET /json
[38;5;6m INFO[0m [04:06:08] cc8272c8b29c480990f6bb24a2958b19	 200 0ms GET /json
[38;5;6m INFO[0m [04:06:08] 9574a6ece3994fae8089eec48ab49177	 200 0ms GET /json
[38;5;6m INFO[0m [04:06:08] 13cf067d2ffa4583bec44b8e0cf667cd	 200 0ms GET /json
[38;5;6m INFO[0m [04:06:08] b3ad4b3e09e44ad897b5fff13e166cfc	 200 0ms GET /json
[38;5;6m INFO[0m [04:06:08] 0b4980a86d5848d49b75c3b94ef2db17	 200 0ms GET /json
[38;5;6m INFO[0m [04:06:08] 75aa8e6dd0424ae8b280b03ebb798866	 200 0ms GET /json
[38;5;6m INFO[0m [04:06:08] 1ccc29805de745c9aacada7af19205a0	 200 0ms GET /json
[38;5;6m INFO[0m [04:06:08] 919d232ff7bd455d998a613a4238f672	 200 0ms GET /json
[38;5;6m INFO[0m [04:06:08] 74332e83df604ccaac60e60f2cd3fcc6	 200 0ms GET /json
[38;5;6m INFO[0m [04:06:08] 470388617a224cf19609ab238dbfd39b	 200 0ms GET /json
[38;5;6m INFO[0m [04:06:08] 5b6e6a7c0b59414ea6bae6681b972f8c	 200 0ms GET /json
[38;5;6m INFO[0m [04:06:08] 4cf6e94bd0074803a22f43ad18a953fe	 200 0ms GET /json
[38;5;6m INFO[0m [04:06:08] e57f497a1b014789bee446c5a51f1896	 200 0ms GET /json
[38;5;6m INFO[0m [04:06:08] 439f6a9886aa47beba71c3e1942c03f7	 200 0ms GET /json
[38;5;6m INFO[0m [04:06:08] fcbad793d9ec432cb23101a0a0ed04d9	 200 0ms GET /json
[38;5;6m INFO[0m [04:06:08] 5708dbef5b55424daef694d81fe650b1	 200 0ms GET /json
[38;5;6m INFO[0m [04:06:08] 793e010eaaf840ccbf99884449475475	 200 0ms GET /json
[38;5;6m INFO[0m [04:06:08] c30268aa5f464e9baea1c63cfac03f57	 200 0ms GET /json
[38;5;6m INFO[0m [04:06:08] ed3295006fc641eb9d79607e566b72fb	 200 0ms GET /json
[38;5;6m INFO[0m [04:06:08] 4ac77686dd8f49ce9afe35d7f6a4ecad	 200 0ms GET /json
[38;5;6m INFO[0m [04:06:08] 3523d1fc2d8a438c94b782922350a5b1	 200 0ms GET /json
[38;5;6m INFO[0m [04:06:08] 6669ff4994b2419796ff48c8a0c0e44b	 200 0ms GET /json
[38;5;6m INFO[0m [04:06:08] 86465ffea2e446e3abfbad9195b3552f	 200 0ms GET /json
[38;5;6m INFO[0m [04:06:08] 330b57e71e764c6193e18f6b8a00305e	 200 0ms GET /json
[38;5;6m INFO[0m [04:06:08] 277bbf8b75074131a1fd2f1587892df2	 200 0ms GET /json
[38;5;6m INFO[0m [04:06:08] c2d527a256e84026ab5483d5d6b4649c	 200 0ms GET /json
[38;5;6m INFO[0m [04:06:08] 58492d97a4ce427db540de1dda404256	 200 0ms GET /json
[38;5;6m INFO[0m [04:06:08] 036fa1b2e8814d629800eb1fd7266a9a	 200 0ms GET /json
[38;5;6m INFO[0m [04:06:08] 476b53abec054ff88f692aadc43c87ed	 200 0ms GET /json
[38;5;6m INFO[0m [04:06:08] 53f23ef898fe45259e52f2c4aebc802a	 200 0ms GET /json
[38;5;6m INFO[0m [04:06:08] 3627609d3e93448a9e8016819d21bd78	 200 0ms GET /json
[38;5;6m INFO[0m [04:06:08] 9f99e66c10c44c6ea3116c122fb05774	 200 0ms GET /json
[38;5;6m INFO[0m [04:06:08] cf32a4b5b95849b1bd42b672160645ac	 200 0ms GET /json
[38;5;6m INFO[0m [04:06:08] 2e6ee25ecb6a4e90952bf6dba3f2969b	 200 0ms GET /json
[38;5;6m INFO[0m [04:06:08] 9fd98f8dafb44c4ea1be8ee1e1c8e715	 200 0ms GET /json
[38;5;6m INFO[0m [04:06:08] ddc435ddb254459b8f9b2a2a6fe624aa	 200 0ms GET /json
[38;5;6m INFO[0m [04:06:08] 16c5778d84e2409f82133e7c614076b2	 200 0ms GET /json
[38;5;6m INFO[0m [04:06:08] cc9e9685dc1a4f2592a4b49d6cf2dfd8	 200 0ms GET /json
[38;5;6m INFO[0m [04:06:08] b67caa22893542198873b489b8448783	 200 0ms GET /json
[38;5;6m INFO[0m [04:06:08] 54d737daab904f65a72824d3e9489b62	 200 0ms GET /json
[38;5;6m INFO[0m [04:06:08] c9db03af3a3846919b8aacd9c64c1c3e	 200 0ms GET /json
[38;5;6m INFO[0m [04:06:08] fbaf959602524224907a295080c4585c	 200 0ms GET /json
[38;5;6m INFO[0m [04:06:08] b9db4c86f1454e5eb072c070e067693f	 200 0ms GET /json
[38;5;6m INFO[0m [04:06:08] ce9f48c6f61c4c898f71c83f88ce43ab	 200 0ms GET /json
[38;5;6m INFO[0m [04:06:08] 5e0ad5d3f0e44481916789f10dfb58ad	 200 0ms GET /json
[38;5;6m INFO[0m [04:06:08] fdff8cce83a941baa66ec2481f13659e	 200 0ms GET /json
[38;5;6m INFO[0m [04:06:08] e45fed7070d94598b055c6365ad6146e	 200 0ms GET /json
[38;5;6m INFO[0m [04:06:08] 8c2e1f753b854e6996d6d0d98f1b004e	 200 0ms GET /json
[38;5;6m INFO[0m [04:06:08] dcccdf2dc9804101b04d17fa99684c71	 200 0ms GET /json
[38;5;6m INFO[0m [04:06:08] 5b775df652dc483cb52f58787b05067c	 200 0ms GET /json
[38;5;6m INFO[0m [04:06:08] 221924e45a7844b5aa0e2245845ea23e	 200 0ms GET /json
[38;5;6m INFO[0m [04:06:08] 21fc6dba50cb463ebf0abc2202bb62b9	 200 0ms GET /json
[38;5;6m INFO[0m [04:06:08] f3aa4b2afe8845c096800ce307704eb2	 200 0ms GET /json
[38;5;6m INFO[0m [04:06:08] df32cf8f5e244fb597e02df745670b5e	 200 0ms GET /json
[38;5;6m INFO[0m [04:06:08] d1c4d6d9d7af4035baa9298e2c5e9eee	 200 0ms GET /json
[38;5;6m INFO[0m [04:06:08] 6a2bc43ea76e4492b9b539f11ded3f1e	 200 0ms GET /json
[38;5;6m INFO[0m [04:06:08] 235380ec88ae49db9fc7d2e201f2d22f	 200 0ms GET /json
[38;5;6m INFO[0m [04:06:08] bae63ee13da6445ca90755ad7577c2a3	 200 0ms GET /json
[38;5;6m INFO[0m [04:06:08] f749fceb12bb4d4c91bef3589624bd42	 200 0ms GET /json
[38;5;6m INFO[0m [04:06:08] 8159d0337d3149ec86bdd419f27696c4	 200 0ms GET /json
[38;5;6m INFO[0m [04:06:08] 39d8eec8f3c543a4bc56dca9a4d89965	 200 0ms GET /json
[38;5;6m INFO[0m [04:06:08] 7c9a7db2841844fd9d49edc877ca0e76	 200 0ms GET /json
[38;5;6m INFO[0m [04:06:08] 421c81551af847879baa0f79a23344c2	 200 0ms GET /json
[38;5;6m INFO[0m [04:06:08] 5abe705dbbd647e098bdb95e31219ad7	 200 0ms GET /json
[38;5;6m INFO[0m [04:06:08] d780d3873eff49ab8146282ecea7c1c8	 200 0ms GET /json
[38;5;6m INFO[0m [04:06:08] a056c14f73e046c4b7f0565b5befa38a	 200 0ms GET /json
[38;5;6m INFO[0m [04:06:08] 1e859728cadd480f8e6f5687841f36c3	 200 0ms GET /json
[38;5;6m INFO[0m [04:06:08] 603f85e988004538b56682f4c6a55a17	 200 0ms GET /json
[38;5;6m INFO[0m [04:06:08] 8c1307e1324743118f5253b993022787	 200 0ms GET /json
[38;5;6m INFO[0m [04:06:08] e2eac95484ec451abae2fe575773960c	 200 0ms GET /json
[38;5;6m INFO[0m [04:06:08] b88cdbf4233d44ad9f434d4d3a40179c	 200 0ms GET /json
[38;5;6m INFO[0m [04:06:08] 849574ee758a4fa5af53a3d3fd6a92d1	 200 0ms GET /json
[38;5;6m INFO[0m [04:06:08] 3d0780796dc74783b9c70f195e212168	 200 0ms GET /json
[38;5;6m INFO[0m [04:06:08] 5a45cf18f55449bea79e909fb78094e2	 200 0ms GET /json
[38;5;6m INFO[0m [04:06:08] 6a523f39401746b689838125ebee3b58	 200 0ms GET /json
[38;5;6m INFO[0m [04:06:08] bfe6b7efcedf42a192997bd05eac079d	 200 0ms GET /json
[38;5;6m INFO[0m [04:06:08] 972446b4603e4697bab032abf20d9a63	 200 0ms GET /json
[38;5;6m INFO[0m [04:06:08] 3725bd3c4b00497ea4b84df2712cde21	 200 0ms GET /json
[38;5;6m INFO[0m [04:06:08] 2657583782d5445facb8048975ce4151	 200 0ms GET /json
[38;5;6m INFO[0m [04:06:08] cc94927d84f247a398f3b8f85b4b363c	 200 0ms GET /json
[38;5;6m INFO[0m [04:06:08] 2d6cc3904d2140fb803285c1ad0e270a	 200 0ms GET /json
[38;5;6m INFO[0m [04:06:08] c967dfed9a1f4fea9b19db8fa3431b57	 200 0ms GET /json
[38;5;6m INFO[0m [04:06:08] 37805b7392fa40e99fb1cf4312890738	 200 0ms GET /json
[38;5;6m INFO[0m [04:06:08] 776d657ebb3a496a8ceb897dc6f1e109	 200 0ms GET /json
[38;5;6m INFO[0m [04:06:08] bc36060a412a43d8ad1d01d1042e134c	 200 0ms GET /json
[38;5;6m INFO[0m [04:06:08] 6414ce5353cf43c0a3618ba8f45eb5d8	 200 0ms GET /json
[38;5;6m INFO[0m [04:06:08] 8a13285e7f0f4477bbc826df43d6f632	 200 0ms GET /json
[38;5;6m INFO[0m [04:06:08] 5b1d14b927da4d168a062fd2a82d4772	 200 0ms GET /json
[38;5;6m INFO[0m [04:06:08] 750411f4c1d349bfac33cf70685def10	 200 0ms GET /json
[38;5;6m INFO[0m [04:06:08] d7ddcd3398294a26b181cc70a1142794	 200 0ms GET /json
[38;5;6m INFO[0m [04:06:08] c0e16878ec514d1399e98efd2d11783a	 200 0ms GET /json
[38;5;6m INFO[0m [04:06:08] daacb66b9151454886709ecd8ca4df50	 200 0ms GET /json
[38;5;6m INFO[0m [04:06:08] 3d3c1290641547dfbbe059c92d8158e6	 200 0ms GET /json
[38;5;6m INFO[0m [04:06:08] 1775aff0e654420889804033a6951de8	 200 0ms GET /json
[38;5;6m INFO[0m [04:06:08] 4794d25fe8da4a12b4a8a083699dfbf7	 200 0ms GET /json
[38;5;6m INFO[0m [04:06:08] f2e7d192e27446d982dfb53942b8fa16	 200 0ms GET /json
[38;5;6m INFO[0m [04:06:08] e89e093ce0bd404d99c03c66edb832fe	 200 0ms GET /json
[38;5;6m INFO[0m [04:06:08] a903d3984663441b91d36ead3e72990b	 200 0ms GET /json
[38;5;6m INFO[0m [04:06:08] e9b8a40183c649d99468f2ad20beb73b	 200 0ms GET /json
[38;5;6m INFO[0m [04:06:08] 31bd93bae6fc44959dbcac377a337f45	 200 0ms GET /json
[38;5;6m INFO[0m [04:06:08] 2a365fb76ff843328ed8790f52e576f9	 200 0ms GET /json
[38;5;6m INFO[0m [04:06:08] 3e7fdb7849664cf69f9371466ea727e0	 200 0ms GET /json
[38;5;6m INFO[0m [04:06:08] 8ad78853d6814d3194dae44b2c86d0dc	 200 0ms GET /json
[38;5;6m INFO[0m [04:06:08] 2bf770c1bb68455ea5d33b8d7eb63e8c	 200 0ms GET /json
[38;5;6m INFO[0m [04:06:08] 42cffb15144d4d6fbfe73947485f827f	 200 0ms GET /json
[38;5;6m INFO[0m [04:06:08] b20e5a624ac44e0f9cbafda893bc989d	 200 0ms GET /json
[38;5;6m INFO[0m [04:06:08] 6d1ccb1ef4de4e988ece569e9ce20490	 200 0ms GET /json
[38;5;6m INFO[0m [04:06:08] 06a2129a439d406e8252aaa017667b0c	 200 0ms GET /json
[38;5;6m INFO[0m [04:06:08] d061e2a27aee4177b5870f4b4c24e4cb	 200 0ms GET /json
[38;5;6m INFO[0m [04:06:08] 7c524fe647e04bab9ab2971ae66e7092	 200 0ms GET /json
[38;5;6m INFO[0m [04:06:08] eee8f1277d4a41f99a16a6a84f470e41	 200 0ms GET /json
[38;5;6m INFO[0m [04:06:08] 5a74807cb06940f3beffba968e2726f6	 200 0ms GET /json
[38;5;6m INFO[0m [04:06:08] 69322ce547d34148805b7981910085eb	 200 0ms GET /json
[38;5;6m INFO[0m [04:06:08] 243b6fe737cf4bb8a1b8cd2a8ae68872	 200 0ms GET /json
[38;5;6m INFO[0m [04:06:08] e2c6c81f151f444494f7e4a410da14c6	 200 0ms GET /json
[38;5;6m INFO[0m [04:06:08] 1d46b0cbfed3496783aca7b76ad11275	 200 0ms GET /json
[38;5;6m INFO[0m [04:06:08] a7b26b4fc3824110b31f76b3ff55aaae	 200 0ms GET /json
[38;5;6m INFO[0m [04:06:08] 0195f836f8ce48d694cf0bfd09783fe4	 200 0ms GET /json
[38;5;6m INFO[0m [04:06:08] a6ac7a32abd0435795eda8648b1c7158	 200 0ms GET /json
[38;5;6m INFO[0m [04:06:08] 497139714c76492ba1134147dbb18a1a	 200 0ms GET /json
[38;5;6m INFO[0m [04:06:08] e6f9019685f24dbb821c51d2256ad2e2	 200 0ms GET /json
[38;5;6m INFO[0m [04:06:08] 94f18aa1d3134f9c82566320187d7c37	 200 0ms GET /json
[38;5;6m INFO[0m [04:06:08] fcacd00d69a045e3bcc6aa92ba68351b	 200 0ms GET /json
[38;5;6m INFO[0m [04:06:08] 305d2c50087841cf9e0175a00898c6e5	 200 0ms GET /json
[38;5;6m INFO[0m [04:06:08] 5b2ffbded3414ea381fb477ed13b8662	 200 0ms GET /json
[38;5;6m INFO[0m [04:06:08] aa63c681064645fab6223fda0b103088	 200 0ms GET /json
[38;5;6m INFO[0m [04:06:08] 1874c53a5c5e429c9018bdc5550003de	 200 0ms GET /json
[38;5;6m INFO[0m [04:06:08] 744b397231914f3ba39e8eac48e8d737	 200 0ms GET /json
[38;5;6m INFO[0m [04:06:08] 6267049112394d9198ec8db96085c559	 200 0ms GET /json
[38;5;6m INFO[0m [04:06:08] f1317cb0cef34943ac82df886dfeb4e0	 200 0ms GET /json
[38;5;6m INFO[0m [04:06:08] f7eb3ee140a848f8b03f6b351b9c48aa	 200 0ms GET /json
[38;5;6m INFO[0m [04:06:08] e896c3ce87894f6c85a00b7f1fc70ae8	 200 0ms GET /json
[38;5;6m INFO[0m [04:06:08] 4fb51f63e3d741609591a7662b40830c	 200 0ms GET /json
[38;5;6m INFO[0m [04:06:08] 75f88ebe21264ac1b45fdee10926233f	 200 0ms GET /json
[38;5;6m INFO[0m [04:06:08] 322dc5790ee04af8b5542b0befd9bb98	 200 0ms GET /json
[38;5;6m INFO[0m [04:06:08] eec56f7f01d549b293904781b3344d83	 200 0ms GET /json
[38;5;6m INFO[0m [04:06:08] a046068a70ab466096a15f42c9181308	 200 0ms GET /json
[38;5;6m INFO[0m [04:06:08] 21c21ef631b049268e1dc715454ed330	 200 0ms GET /json
[38;5;6m INFO[0m [04:06:08] 4aa2d54e23834f038f8d4f58eef3cee3	 200 0ms GET /json
[38;5;6m INFO[0m [04:06:08] 877291f4c76d47cdb4367f3688c9bcaf	 200 0ms GET /json
[38;5;6m INFO[0m [04:06:08] c4733ac0627a402bb77a70e71bb1a14d	 200 0ms GET /json
[38;5;6m INFO[0m [04:06:08] 5e2f96424fb34339b3a700f3f954c079	 200 0ms GET /json
[38;5;6m INFO[0m [04:06:08] c9f2d68a8f734b57832e4f183c27ffdf	 200 0ms GET /json
[38;5;6m INFO[0m [04:06:08] 90e679c5de874b04927775dca51d418e	 200 0ms GET /json
[38;5;6m INFO[0m [04:06:08] a54d186e4a524dedb7433275fc7e2ab3	 200 0ms GET /json
[38;5;6m INFO[0m [04:06:08] 69563d79a5da4498920099c69e47a3d3	 200 0ms GET /json
[38;5;6m INFO[0m [04:06:08] 4778849136014d6fba6bb5b96f89267e	 200 0ms GET /json
[38;5;6m INFO[0m [04:06:08] 59e20b381cf64958bc46a1761da736ef	 200 0ms GET /json
[38;5;6m INFO[0m [04:06:08] 4372602461a44998a96d69ea6e31fa33	 200 0ms GET /json
[38;5;6m INFO[0m [04:06:08] 6eec7f775d3547338e50c7a76a9e26ee	 200 0ms GET /json
[38;5;6m INFO[0m [04:06:08] 6a698f952ff9482099acdb5e71eaabf9	 200 0ms GET /json
[38;5;6m INFO[0m [04:06:08] f4330e3501964e55907a9842f4da346e	 200 0ms GET /json
[38;5;6m INFO[0m [04:06:08] b6f34369768a42bd9061b92b6a36b4c0	 200 0ms GET /json
[38;5;6m INFO[0m [04:06:08] c0efa9a880f64176983f681b62c1cbac	 200 0ms GET /json
[38;5;6m INFO[0m [04:06:08] af63c566f9bb49eab032871077eb09da	 200 0ms GET /json
[38;5;6m INFO[0m [04:06:08] eec6915875b546e19a4858d9b47f3460	 200 0ms GET /json
[38;5;6m INFO[0m [04:06:08] c29c2690d32940158833ba323b616410	 200 0ms GET /json
[38;5;6m INFO[0m [04:06:08] b154799fe673484faac06329cc951907	 200 0ms GET /json
[38;5;6m INFO[0m [04:06:08] 76baaa3d69ff4cdaae1a4f76b59fc9f2	 200 0ms GET /json
[38;5;6m INFO[0m [04:06:08] e692697d559e479e986ed580cdd486d9	 200 0ms GET /json
[38;5;6m INFO[0m [04:06:08] 45e26b90abb24196a71bddbef806fe07	 200 0ms GET /json
[38;5;6m INFO[0m [04:06:08] bbffd793c87e48ce82a6e739ce1220d5	 200 0ms GET /json
[38;5;6m INFO[0m [04:06:08] bf0317788be7448e80091a9420d63b59	 200 0ms GET /json
[38;5;6m INFO[0m [04:06:08] cff1c891ecc64d408482fe6ab45a7c7e	 200 0ms GET /json
[38;5;6m INFO[0m [04:06:08] 4d71c2123bce4864ab84fc34ae65b752	 200 0ms GET /json
[38;5;6m INFO[0m [04:06:08] 526055e0275f4d1b8f6a7c4bfcc3bed8	 200 0ms GET /json
[38;5;6m INFO[0m [04:06:08] 26cb44ae1c17401b90da7e4eef46cd77	 200 0ms GET /json
[38;5;6m INFO[0m [04:06:08] c3264d7e4a404a11a66057ad29494ddc	 200 0ms GET /json
[38;5;6m INFO[0m [04:06:08] bf33ccb668144f5fb79cdc40c8361f2c	 200 0ms GET /json
[38;5;6m INFO[0m [04:06:08] adf051884d27416bb15c49c658135923	 200 0ms GET /json
[38;5;6m INFO[0m [04:06:08] 5596bce507cc4fb48b0c0aac9b3e877e	 200 0ms GET /json
[38;5;6m INFO[0m [04:06:08] f91694052bd94820b8610f9bd14f1d83	 200 0ms GET /json
[38;5;6m INFO[0m [04:06:08] 3f70b782f3f44e9e900484b9ba939db7	 200 0ms GET /json
[38;5;6m INFO[0m [04:06:08] 1ab2a4f0012943db83baf29a1e76a490	 200 0ms GET /json
[38;5;6m INFO[0m [04:06:08] 7867acbd197d498fafc092b90eaa9f84	 200 0ms GET /json
[38;5;6m INFO[0m [04:06:08] ab63e90eb1774c5db1424ca96c75b23c	 200 0ms GET /json
[38;5;6m INFO[0m [04:06:08] af44dcd4f54e4ce2a3d1dd59f0771e24	 200 0ms GET /json
[38;5;6m INFO[0m [04:06:08] 38849f00a5454f3cad85e7c5ef4fa6f3	 200 0ms GET /json
[38;5;6m INFO[0m [04:06:08] 58182fb4efd4491f8c64d31457efab21	 200 0ms GET /json
[38;5;6m INFO[0m [04:06:08] 71e820a3f5334bf7a7a925368ea7030c	 200 0ms GET /json
[38;5;6m INFO[0m [04:06:08] 64e92d0b4e4246559216bbd75c13dfea	 200 0ms GET /json
[38;5;6m INFO[0m [04:06:08] 69a7f314a40149d6b6b6377d230f5936	 200 0ms GET /json
[38;5;6m INFO[0m [04:06:08] 35d58036a1224e068b1531e98b40db39	 200 0ms GET /json
[38;5;6m INFO[0m [04:06:08] 010611d6312d4c459ecf76d0b2b25d21	 200 0ms GET /json
[38;5;6m INFO[0m [04:06:08] a5d5e91c5b2f40d688bbae12ece5f830	 200 0ms GET /json
[38;5;6m INFO[0m [04:06:08] 8cdb7549a4744ab587c20182af93c1fa	 200 0ms GET /json
[38;5;6m INFO[0m [04:06:08] 2c873eeb20c640b7bfbcc5b926803ae1	 200 0ms GET /json
[38;5;6m INFO[0m [04:06:08] 565c67e477cb40868c05c6a056c2afa0	 200 0ms GET /json
[38;5;6m INFO[0m [04:06:08] 86e3b05809b64474941ce0925800a944	 200 0ms GET /json
[38;5;6m INFO[0m [04:06:08] 45062374972c4d59a1e901ef584afecd	 200 0ms GET /json
[38;5;6m INFO[0m [04:06:08] ff7de2edb31b466486a135b621d69c2e	 200 0ms GET /json
[38;5;6m INFO[0m [04:06:08] 76f6b6290f5644289ef4b368ab266dd4	 200 0ms GET /json
[38;5;6m INFO[0m [04:06:08] 2bf54879e18a494ebe6d3b046d311ccc	 200 0ms GET /json
[38;5;6m INFO[0m [04:06:08] a99b8c0985c04b89b23091608858bf7a	 200 0ms GET /json
[38;5;6m INFO[0m [04:06:08] d2fd4f788c994b34bd65bb5558d9021f	 200 0ms GET /json
[38;5;6m INFO[0m [04:06:08] 2d49ca0941754547a54d83a473fb303f	 200 0ms GET /json
[38;5;6m INFO[0m [04:06:08] 1bf6b8ee5de14e47b46171eb80eb3978	 200 0ms GET /json
[38;5;6m INFO[0m [04:06:08] 4b3139f83e924afa82bd32d873c7995d	 200 0ms GET /json
[38;5;6m INFO[0m [04:06:08] 1f2e636924e943e49e63ba3d216971f5	 200 0ms GET /json
[38;5;6m INFO[0m [04:06:08] 4a9933e167e64ee9a5cc147ea0e5bc59	 200 0ms GET /json
[38;5;6m INFO[0m [04:06:08] 5ec727dc0296452fbef5f1d1b2ac5405	 200 0ms GET /json
[38;5;6m INFO[0m [04:06:08] 8999592a15914c439e039de7b5a7632e	 200 0ms GET /json
[38;5;6m INFO[0m [04:06:08] e660913cd0424db49f04e438ec5e41b9	 200 0ms GET /json
[38;5;6m INFO[0m [04:06:08] a489aeaf0a764750a614d47fc547111f	 200 0ms GET /json
[38;5;6m INFO[0m [04:06:08] afdf109970804f03b8652e42c94bb948	 200 0ms GET /json
[38;5;6m INFO[0m [04:06:08] b07fe4c61d22448182463de9aadfd506	 200 0ms GET /json
[38;5;6m INFO[0m [04:06:08] 0c38f8ef431d4dcab1e6d963038b9122	 200 0ms GET /json
[38;5;6m INFO[0m [04:06:08] 4227914b21b5400e973445ca2a58bf4f	 200 0ms GET /json
[38;5;6m INFO[0m [04:06:08] 75bbfda6a7524070baf3509f965f781a	 200 0ms GET /json
[38;5;6m INFO[0m [04:06:08] 9b4e54aa168d4798a72ee19798778753	 200 0ms GET /json
[38;5;6m INFO[0m [04:06:08] b379468667504ade89621887a6522e64	 200 0ms GET /json
[38;5;6m INFO[0m [04:06:08] 5f293e77a633407886fd44ec3b2cab03	 200 0ms GET /json
[38;5;6m INFO[0m [04:06:08] 13d1c6412eb14c2cbd63ee54c9d38100	 200 0ms GET /json
[38;5;6m INFO[0m [04:06:08] 2ef2e36dd3ee49cea939a7e80c42fd08	 200 0ms GET /json
[38;5;6m INFO[0m [04:06:08] 8fe0f934c9d0431c874b24dccc1ae572	 200 0ms GET /json
[38;5;6m INFO[0m [04:06:08] 45d90fb7a27545c2aa5751c60a33941f	 200 0ms GET /json
[38;5;6m INFO[0m [04:06:08] 56c63d5c4f0841bbad95c43646ac6fa0	 200 0ms GET /json
[38;5;6m INFO[0m [04:06:08] 12afd25800af4473aa00e4115d49e0e7	 200 0ms GET /json
[38;5;6m INFO[0m [04:06:08] f4a3a26eaa944892885476da68e92f81	 200 0ms GET /json
[38;5;6m INFO[0m [04:06:08] 4e598a4100244c77beb0fa3c451baadc	 200 0ms GET /json
[38;5;6m INFO[0m [04:06:08] 489d7fed75f240a4af0bcb88b92256b0	 200 0ms GET /json
[38;5;6m INFO[0m [04:06:08] cc88d5dde6ee41daac1538ec68eac988	 200 0ms GET /json
[38;5;6m INFO[0m [04:06:08] 3377938d2a32430e8104b825390af3cb	 200 0ms GET /json
[38;5;6m INFO[0m [04:06:08] 99d392d2ce284147ae3934d528e3efc5	 200 0ms GET /json
[38;5;6m INFO[0m [04:06:08] 7a058dbd49a542fc951eadea7f6ea8f3	 200 0ms GET /json
[38;5;6m INFO[0m [04:06:08] 301b36875d5c48298fbf3396a94ab905	 200 0ms GET /json
[38;5;6m INFO[0m [04:06:08] ba247c8a41c84760be510bc38da90e43	 200 0ms GET /json
[38;5;6m INFO[0m [04:06:08] 71a673f8d2ca459baed66fb22e94b529	 200 0ms GET /json
[38;5;6m INFO[0m [04:06:08] ea12bcd02d134c6989070a4f52c8626d	 200 0ms GET /json
[38;5;6m INFO[0m [04:06:08] 67ccb753e5ba46cbb72ff98025601451	 200 0ms GET /json
[38;5;6m INFO[0m [04:06:08] 74d0e73ac3b04d10bbd51087c6272568	 200 0ms GET /json
[38;5;6m INFO[0m [04:06:08] d15698d28f8f41fe8069735aa7b9e4e4	 200 0ms GET /json
[38;5;6m INFO[0m [04:06:08] 34e626073e2644fd943c9286560ff518	 200 0ms GET /json
[38;5;6m INFO[0m [04:06:08] f0f54e1f8c7249efae8b1a650a35849f	 200 0ms GET /json
[38;5;6m INFO[0m [04:06:08] 36b79d586cd14736bb3e6cd1e0ef5707	 200 0ms GET /json
[38;5;6m INFO[0m [04:06:08] 149eaa4c27a74bbea8e4752f6aeff3b6	 200 0ms GET /json
[38;5;6m INFO[0m [04:06:08] a761330a1db840949983080bec8ac5e3	 200 0ms GET /json
[38;5;6m INFO[0m [04:06:08] ca3859a386aa4afdbd819511ae0c998f	 200 0ms GET /json
[38;5;6m INFO[0m [04:06:08] 5ccdb8e59b7845e58c328cb64e33cd35	 200 0ms GET /json
[38;5;6m INFO[0m [04:06:08] b04d98ccf1dc46ce949141b04a72aa55	 200 0ms GET /json
[38;5;6m INFO[0m [04:06:08] b668d958a9264a8e82ba1e6f4f69722d	 200 0ms GET /json
[38;5;6m INFO[0m [04:06:08] 657c099d5add4480a3e309875d799742	 200 0ms GET /json
[38;5;6m INFO[0m [04:06:08] 6a60c9be9d6949c7a9cff533b590b06b	 200 0ms GET /json
[38;5;6m INFO[0m [04:06:08] 0905005513044da684f7224f5e679759	 200 0ms GET /json
[38;5;6m INFO[0m [04:06:08] 2bfc3c2568834c6ab2771e5289bb60d4	 200 0ms GET /json
[38;5;6m INFO[0m [04:06:08] 8c52832f761d498b88131c5c0fd04572	 200 0ms GET /json
[38;5;6m INFO[0m [04:06:08] 0d708dfcad5d4e068cb85c1a2c286143	 200 0ms GET /json
[38;5;6m INFO[0m [04:06:08] b0beb39c53ee44718364e1f84efee379	 200 0ms GET /json
[38;5;6m INFO[0m [04:06:08] f78dc76a72714384898fe8871ad00172	 200 0ms GET /json
[38;5;6m INFO[0m [04:06:08] d0c50737085f47879bcf6689e57dd176	 200 0ms GET /json
[38;5;6m INFO[0m [04:06:08] 01e8c1a59623421c8ec85e1220ca8cae	 200 0ms GET /json
[38;5;6m INFO[0m [04:06:08] a2d5a239f7c2417d914a9554cb89185c	 200 0ms GET /json
[38;5;6m INFO[0m [04:06:08] ba1af4529b3c4efe84e1d17b6b734a5f	 200 0ms GET /json
[38;5;6m INFO[0m [04:06:08] aeea77fd1a3343b49d586b59faaf0d52	 200 0ms GET /json
[38;5;6m INFO[0m [04:06:08] 093695362025490db672a3ca21203332	 200 0ms GET /json
[38;5;6m INFO[0m [04:06:08] b0534ad162a445b08cb8b23fa62ae738	 200 0ms GET /json
[38;5;6m INFO[0m [04:06:08] f6af2b19f7124e15898b998a8613509c	 200 0ms GET /json
[38;5;6m INFO[0m [04:06:08] ae7ef2bcdaaf4c639c0184d794ad343d	 200 0ms GET /json
[38;5;6m INFO[0m [04:06:08] 5590a5688f314341968b084f8e654563	 200 0ms GET /json
[38;5;6m INFO[0m [04:06:08] 36d415de1e254684821f9c90db801c0a	 200 0ms GET /json
[38;5;6m INFO[0m [04:06:08] ecad27d7ae1d4d73916d99fd73ffd60a	 200 0ms GET /json
[38;5;6m INFO[0m [04:06:08] b06813f4ac0c4ea3819cc0b4025cabc5	 200 0ms GET /json
[38;5;6m INFO[0m [04:06:08] ae10be8956494293825468cb97f1001d	 200 0ms GET /json
[38;5;6m INFO[0m [04:06:08] 8e2aa20daafa4c14b192da7252d48c7b	 200 0ms GET /json
[38;5;6m INFO[0m [04:06:10] 935ada61455e428f819bde8fd4815155	 200 0ms GET /json
[38;5;6m INFO[0m [04:06:10] 8079fe02ccb14e2fb4986a4950ad6049	 200 0ms GET /json
[38;5;6m INFO[0m [04:06:10] b37099a6a4674bba875caeec11049c9b	 200 0ms GET /json
[38;5;6m INFO[0m [04:06:10] 97bcc344ac834cd280dd5fc140797ce4	 200 0ms GET /json
[38;5;6m INFO[0m [04:06:10] 4dce31ab43b04cc7bc16994d35a3bad7	 200 0ms GET /json
[38;5;6m INFO[0m [04:06:10] 8b56e45f38214ed9b5798cf6c01b5678	 200 0ms GET /json
[38;5;6m INFO[0m [04:06:10] 7b34575f7dd942899da4259ba0e76d71	 200 0ms GET /json
[38;5;6m INFO[0m [04:06:10] 3413b88cbe3242b9b5687d270eca939e	 200 0ms GET /json
[38;5;6m INFO[0m [04:06:10] 2ff8e2b0dd634cb4997c1ed0d98bd1dd	 200 0ms GET /json
[38;5;6m INFO[0m [04:06:10] 22faa8f8ba2e465a9ed2e77fcb5119b9	 200 0ms GET /json
[38;5;6m INFO[0m [04:06:10] e0863efe277d4acdbd5c61de3a3db6ce	 200 0ms GET /json
[38;5;6m INFO[0m [04:06:10] fad0407f20b64574ae8103be72fe2ea9	 200 0ms GET /json
[38;5;6m INFO[0m [04:06:10] 22db82670943466d94a92f3e6aaec6e0	 200 0ms GET /json
[38;5;6m INFO[0m [04:06:10] a8c0efe6e19c423398aed3494fbe9155	 200 0ms GET /json
[38;5;6m INFO[0m [04:06:10] c9e592f31fa84001a594c149f5147c84	 200 0ms GET /json
[38;5;6m INFO[0m [04:06:10] 2f851fae28344e4e9e9ff37260a67c2f	 200 0ms GET /json
[38;5;6m INFO[0m [04:06:10] b688c1e398d1411fbe32ad591ac0b416	 200 0ms GET /json
[38;5;6m INFO[0m [04:06:10] f162ab45f199439a99fc8b2980365e08	 200 0ms GET /json
[38;5;6m INFO[0m [04:06:10] 7ad4352066a84923b364c4ff0497c911	 200 0ms GET /json
[38;5;6m INFO[0m [04:06:10] f7cf9bd0d4e54e7bbcaec17ed30dd913	 200 0ms GET /json
[38;5;6m INFO[0m [04:06:10] 57d3f6be8647401d8c7b9a02942a7b9d	 200 0ms GET /json
[38;5;6m INFO[0m [04:06:10] e0edbd698440465aa6f5239637d5afb9	 200 0ms GET /json
[38;5;6m INFO[0m [04:06:10] 6735ab63b8aa41929712acea6fe9ede6	 200 0ms GET /json
[38;5;6m INFO[0m [04:06:10] 42a127fa18a94223aef5fce6f2e9f5e4	 200 0ms GET /json
[38;5;6m INFO[0m [04:06:10] 1ce7450761c74fb9962e4995aab632c4	 200 0ms GET /json
[38;5;6m INFO[0m [04:06:10] 087f8d34dbfe4a6d9e93cdecba7a23db	 200 0ms GET /json
[38;5;6m INFO[0m [04:06:10] bb717c05784a489387be48c8c67104e5	 200 0ms GET /json
[38;5;6m INFO[0m [04:06:10] e011c54425774f5094b0c7350ee9a13d	 200 0ms GET /json
[38;5;6m INFO[0m [04:06:10] b96ad191505c4e3dbd48607464297561	 200 0ms GET /json
[38;5;6m INFO[0m [04:06:10] e3512c24ccc7465f8f16e2f74fa0f4ad	 200 0ms GET /json
[38;5;6m INFO[0m [04:06:10] afff1870e6d841e19f7ad1eaa4b5180f	 200 0ms GET /json
[38;5;6m INFO[0m [04:06:10] fc563447c14b47e9aab41c05cb892928	 200 0ms GET /json
[38;5;6m INFO[0m [04:06:10] 0d2d141103114449bf0a7c2bea8360d5	 200 0ms GET /json
[38;5;6m INFO[0m [04:06:10] d00c4d4c06304be6b85de5ac7ba7be22	 200 0ms GET /json
[38;5;6m INFO[0m [04:06:10] ca7dca1ec90f499b91b724e1edbbb44d	 200 0ms GET /json
[38;5;6m INFO[0m [04:06:10] 89e3841c66c1484ca6fa721e8c050404	 200 0ms GET /json
[38;5;6m INFO[0m [04:06:10] 192a983cf79f47ea9d2fd001d7023cc6	 200 0ms GET /json
[38;5;6m INFO[0m [04:06:10] 30390c182e764b01b5e379082442d45c	 200 0ms GET /json
[38;5;6m INFO[0m [04:06:10] f0844ac71c07464ba6939f87c66c74f6	 200 0ms GET /json
[38;5;6m INFO[0m [04:06:10] bfdccda9311d44b59b3617ec8cb7c7dc	 200 0ms GET /json
[38;5;6m INFO[0m [04:06:10] 02636c0eb68d48609db6e18c341049db	 200 0ms GET /json
[38;5;6m INFO[0m [04:06:10] 22c14d77395e4493abba9d2eeffcb862	 200 0ms GET /json
[38;5;6m INFO[0m [04:06:10] 9226ba64defb4347b45d7e4edd26002d	 200 0ms GET /json
[38;5;6m INFO[0m [04:06:10] ef80708baa974302af210f9e7056aa5f	 200 0ms GET /json
[38;5;6m INFO[0m [04:06:10] adefdb6ba1be451fadd784964d93fdc2	 200 0ms GET /json
[38;5;6m INFO[0m [04:06:10] cd2a585206de48ca9c87774ff783396e	 200 0ms GET /json
[38;5;6m INFO[0m [04:06:10] 6a11beef254547c2a13a9a9948ea08ec	 200 0ms GET /json
[38;5;6m INFO[0m [04:06:10] 06533ae2f54e46ab8c22ca22e800a283	 200 0ms GET /json
[38;5;6m INFO[0m [04:06:10] ce5e3088270a45469bcff7317fd9ca4e	 200 0ms GET /json
[38;5;6m INFO[0m [04:06:10] 283a6fd21f56470a88c08e24d1892d11	 200 0ms GET /json
[38;5;6m INFO[0m [04:06:10] d692dadde89147488aec369ef0cd4bc2	 200 0ms GET /json
[38;5;6m INFO[0m [04:06:10] e11caf9f09d247fe9e91decd0166f06e	 200 0ms GET /json
[38;5;6m INFO[0m [04:06:10] 4ff8fafec97642c4b454b36db3ceab97	 200 0ms GET /json
[38;5;6m INFO[0m [04:06:10] 407727316391485fb38b884733f299d5	 200 0ms GET /json
[38;5;6m INFO[0m [04:06:10] 7c360c2f956f4c2ea5a26ebd1703b805	 200 0ms GET /json
[38;5;6m INFO[0m [04:06:10] d832198529ae4c4ead2966800a866f03	 200 0ms GET /json
[38;5;6m INFO[0m [04:06:10] 093caee0d568402ca3692aa62b36d992	 200 0ms GET /json
[38;5;6m INFO[0m [04:06:10] cb49dba33da7434f8e382c8c6400e07e	 200 0ms GET /json
[38;5;6m INFO[0m [04:06:10] e2492e9d63f84b138fecccd0618eddb8	 200 0ms GET /json
[38;5;6m INFO[0m [04:06:10] 8de80c662e9948bab36bff1d01984329	 200 0ms GET /json
[38;5;6m INFO[0m [04:06:10] 78cc739f7be74d039bb700f79128a75f	 200 0ms GET /json
[38;5;6m INFO[0m [04:06:10] 1d5a6d2568be41a9be4944fc2da47ec0	 200 0ms GET /json
[38;5;6m INFO[0m [04:06:10] 5235ade5376f46818bd2579541afcb36	 200 0ms GET /json
[38;5;6m INFO[0m [04:06:10] c2ea07f90b89444e8855edc8c5bfe5a3	 200 0ms GET /json
[38;5;6m INFO[0m [04:06:10] bc5deda40c6a42ea95667c7f23b800c8	 200 0ms GET /json
[38;5;6m INFO[0m [04:06:10] b83a9b555e12401ab9575533345527b2	 200 0ms GET /json
[38;5;6m INFO[0m [04:06:10] 08d07a6754504f67a94b0b33b3cc65d7	 200 0ms GET /json
[38;5;6m INFO[0m [04:06:10] 841711c10cdc4c7482d706149c4cc513	 200 0ms GET /json
[38;5;6m INFO[0m [04:06:10] aab12e6feb43415d9b5842e2bf7f4fe2	 200 0ms GET /json
[38;5;6m INFO[0m [04:06:10] 918b660d13bf4e18afefb8f578188092	 200 0ms GET /json
[38;5;6m INFO[0m [04:06:10] edb5ad1ce91f47bc9e44e74dad26ae35	 200 0ms GET /json
[38;5;6m INFO[0m [04:06:10] 80060c95ee92496c90d4969e057c79a8	 200 0ms GET /json
[38;5;6m INFO[0m [04:06:10] d6deb33e4d7f4057bace641822f466ee	 200 0ms GET /json
[38;5;6m INFO[0m [04:06:10] fcf56af19c0f41b987300af482ed481a	 200 0ms GET /json
[38;5;6m INFO[0m [04:06:10] 1b2a7a727947428c8e87077342089f33	 200 0ms GET /json
[38;5;6m INFO[0m [04:06:10] bb72af97c4b24bfca288fba2802f2992	 200 0ms GET /json
[38;5;6m INFO[0m [04:06:10] 90076562042a42f5851966356e89ba9b	 200 0ms GET /json
[38;5;6m INFO[0m [04:06:10] 9d84fa45b2e14b05ad0c92f8ece3e5b1	 200 0ms GET /json
[38;5;6m INFO[0m [04:06:10] a925239085ef43c48ca830240afa0b26	 200 0ms GET /json
[38;5;6m INFO[0m [04:06:10] 9d7845b733784812a5a06f636db06c34	 200 0ms GET /json
[38;5;6m INFO[0m [04:06:10] cad8f67eb73247d79758b2e03211d54b	 200 0ms GET /json
[38;5;6m INFO[0m [04:06:10] 73d80a7b22524154985ca08e650ade62	 200 0ms GET /json
[38;5;6m INFO[0m [04:06:10] 4d160801cc3849ad832362fc267889ba	 200 0ms GET /json
[38;5;6m INFO[0m [04:06:10] a34869f3cc534ebda8e37d6596751173	 200 0ms GET /json
[38;5;6m INFO[0m [04:06:10] cf31040effd747a9abd4ea100c514bec	 200 0ms GET /json
[38;5;6m INFO[0m [04:06:10] 6fbb5520a77447a3a2c4deada811d71f	 200 0ms GET /json
[38;5;6m INFO[0m [04:06:10] 1f3b4a3c900244928d939dbf5c52bd12	 200 0ms GET /json
[38;5;6m INFO[0m [04:06:10] 575e3b8fe73a431daca0c621f2d60688	 200 0ms GET /json
[38;5;6m INFO[0m [04:06:10] 1572b768b4a9476da2c5f669b80e5302	 200 0ms GET /json
[38;5;6m INFO[0m [04:06:10] dfa91a69f5ae415eb80feb58395a7964	 200 0ms GET /json
[38;5;6m INFO[0m [04:06:10] 54b649f845944ab68e8334735b1b9511	 200 0ms GET /json
[38;5;6m INFO[0m [04:06:10] 01dbca9a36834f9493ad7945c7a84b93	 200 0ms GET /json
[38;5;6m INFO[0m [04:06:10] 952c7664b092450394b3195d5614dca8	 200 0ms GET /json
[38;5;6m INFO[0m [04:06:10] d7a9ebeef5694e21953841f1617b7203	 200 0ms GET /json
[38;5;6m INFO[0m [04:06:10] 6bad4ef5fdc34986afa46941f10c826b	 200 0ms GET /json
[38;5;6m INFO[0m [04:06:10] 721d5b66f8b64ef2b1b8445bc83633eb	 200 0ms GET /json
[38;5;6m INFO[0m [04:06:10] 7d13257b729c4a2eb83b4821c706b675	 200 0ms GET /json
[38;5;6m INFO[0m [04:06:10] 1ebc4f1072184a2dae4e82abb272ba4e	 200 0ms GET /json
[38;5;6m INFO[0m [04:06:10] 7bfb9d6b5c1242019318e6b737197d00	 200 0ms GET /json
[38;5;6m INFO[0m [04:06:10] 88ffe2fcc6144e119e21bdcaaed43612	 200 0ms GET /json
[38;5;6m INFO[0m [04:06:10] f91c3d575c8b49be85d77e48c556b075	 200 0ms GET /json
[38;5;6m INFO[0m [04:06:10] 6699f2ee60624189a37a7538ae3f444b	 200 0ms GET /json
[38;5;6m INFO[0m [04:06:10] ba001585d33d45ff931389e4a84b5e5e	 200 0ms GET /json
[38;5;6m INFO[0m [04:06:10] db0504859ad646efb01966e25a507b58	 200 0ms GET /json
[38;5;6m INFO[0m [04:06:10] 1148294bebb74a57bbecead5810c4643	 200 0ms GET /json
[38;5;6m INFO[0m [04:06:10] 14fe0ea0b5374f20ade6377e0b51e7b8	 200 0ms GET /json
[38;5;6m INFO[0m [04:06:10] 09f7ee6b60db42b78fc9881414900bde	 200 0ms GET /json
[38;5;6m INFO[0m [04:06:10] b5a3166dcba4482dba45f3c3ced241d4	 200 0ms GET /json
[38;5;6m INFO[0m [04:06:10] 93fff2953eaf45ef9567fb46e606d308	 200 0ms GET /json
[38;5;6m INFO[0m [04:06:10] 590c0a1342134ae4b94c8ebd574a6067	 200 0ms GET /json
[38;5;6m INFO[0m [04:06:10] e9f0c8ca340a4a90b63d921971f62f13	 200 0ms GET /json
[38;5;6m INFO[0m [04:06:10] 9b4e094583a746e391d214fd496fda04	 200 0ms GET /json
[38;5;6m INFO[0m [04:06:10] 5fe6ef0cf3a247daab7d3b8822e28f5a	 200 0ms GET /json
[38;5;6m INFO[0m [04:06:10] 53f97f32435e4e9ca7c445fd7edda734	 200 0ms GET /json
[38;5;6m INFO[0m [04:06:10] 22dd60d461b54c95852124bb6f120672	 200 0ms GET /json
[38;5;6m INFO[0m [04:06:10] b07b3cb526eb4bdfb804589b593337e7	 200 0ms GET /json
[38;5;6m INFO[0m [04:06:10] 6327568651db42d292164700a373a9aa	 200 0ms GET /json
[38;5;6m INFO[0m [04:06:10] 9b84a046910b4c3aaf8b4e88cb787c93	 200 0ms GET /json
[38;5;6m INFO[0m [04:06:10] 1b1b15cf67464c0b8366689bc738d857	 200 0ms GET /json
[38;5;6m INFO[0m [04:06:10] 9093b82208d24dc08dac4ac9eff5de95	 200 0ms GET /json
[38;5;6m INFO[0m [04:06:10] 970dbf1de1204526aeb6a84d6d68a689	 200 0ms GET /json
[38;5;6m INFO[0m [04:06:10] 79e4ed60901748aaa0cd6befcad46089	 200 0ms GET /json
[38;5;6m INFO[0m [04:06:10] 9cba85b5b4714ac7bd0a633d5342c6d3	 200 0ms GET /json
[38;5;6m INFO[0m [04:06:10] 45f7e17d80584503ba5fa55c960a936c	 200 0ms GET /json
[38;5;6m INFO[0m [04:06:10] 2267e675deb349c2b3e510a9f47345a2	 200 0ms GET /json
[38;5;6m INFO[0m [04:06:10] dae599f695e94671b14138924a574bf5	 200 0ms GET /json
[38;5;6m INFO[0m [04:06:10] ead97e9001034e87a38561878e1f465a	 200 0ms GET /json
[38;5;6m INFO[0m [04:06:10] 828b5d4ded7a495dac60560da5843a2d	 200 0ms GET /json
[38;5;6m INFO[0m [04:06:10] 7526930779a04da492b092c3f532030e	 200 0ms GET /json
[38;5;6m INFO[0m [04:06:10] f28a60c7f43b4b8fb1d3207dd9afaab3	 200 0ms GET /json
[38;5;6m INFO[0m [04:06:10] d0890368929b434cbbe7796ba7987ded	 200 0ms GET /json
[38;5;6m INFO[0m [04:06:10] e55d77197ee44d068b9034edda141f8d	 200 0ms GET /json
[38;5;6m INFO[0m [04:06:10] dbaff1893abc4e27b94234a93f3b696f	 200 0ms GET /json
[38;5;6m INFO[0m [04:06:10] ddf9e28388e446fd936eaa60c797a9d8	 200 0ms GET /json
[38;5;6m INFO[0m [04:06:10] 9d8dd13571a14fa7a5f87ad98b09580f	 200 0ms GET /json
[38;5;6m INFO[0m [04:06:10] 6b6f63d48fc74e2cb99114a0be3bbd5e	 200 0ms GET /json
[38;5;6m INFO[0m [04:06:10] 762466d276bc4105bee5b08001f56526	 200 0ms GET /json
[38;5;6m INFO[0m [04:06:10] 8d1d939fcc494b7f95cb5ceda26873fb	 200 0ms GET /json
[38;5;6m INFO[0m [04:06:10] f15713fa808b4b52aaa3463a632c4ed5	 200 0ms GET /json
[38;5;6m INFO[0m [04:06:10] 28e6295811244696af58c369e3aee2e0	 200 0ms GET /json
[38;5;6m INFO[0m [04:06:10] e8d21b196e1640ea91050dffe88aa9fb	 200 0ms GET /json
[38;5;6m INFO[0m [04:06:10] 507742727956432eba7366f9ed503540	 200 0ms GET /json
[38;5;6m INFO[0m [04:06:10] 2f064674b325440c87163f77aa835893	 200 0ms GET /json
[38;5;6m INFO[0m [04:06:10] e4e2ac961a384faba32a95370a446818	 200 0ms GET /json
[38;5;6m INFO[0m [04:06:10] 3ed36da8afa9432faf2da0c3e63bc59a	 200 0ms GET /json
[38;5;6m INFO[0m [04:06:10] da125e3c847a48958689794d25db38a0	 200 0ms GET /json
[38;5;6m INFO[0m [04:06:10] 2db88e8d96ec43b99439c6203820ff98	 200 0ms GET /json
[38;5;6m INFO[0m [04:06:10] da27a3302b8c44bd8a30401363a2cf43	 200 0ms GET /json
[38;5;6m INFO[0m [04:06:10] dfd808bace6a4ae1af1b375dbd694a16	 200 0ms GET /json
[38;5;6m INFO[0m [04:06:10] 7105d7a519474701b5cd989a6e0c658c	 200 0ms GET /json
[38;5;6m INFO[0m [04:06:10] 5dc1f8ff5bb14ee4bd260d5f813777a2	 200 0ms GET /json
[38;5;6m INFO[0m [04:06:10] 7349309ea24f4ebd87895ba587ea4634	 200 0ms GET /json
[38;5;6m INFO[0m [04:06:10] 345c69bcb5684a6b9586fac1e08afb31	 200 0ms GET /json
[38;5;6m INFO[0m [04:06:10] a68868bcce934d26a6498f488f621f05	 200 0ms GET /json
[38;5;6m INFO[0m [04:06:10] cd04e9aa43fc48cdb6c406fef80ca8fb	 200 0ms GET /json
[38;5;6m INFO[0m [04:06:10] e1c38f36f5344a43b4d9b22901ebbc64	 200 0ms GET /json
[38;5;6m INFO[0m [04:06:10] c47a98385aae4b0c857f6b327ef380a8	 200 0ms GET /json
[38;5;6m INFO[0m [04:06:10] 95dbff6b30fa4cd9ae071d9c4fc3a47c	 200 0ms GET /json
[38;5;6m INFO[0m [04:06:10] 77043ab8acd04ce4b512fee7088efa0a	 200 0ms GET /json
[38;5;6m INFO[0m [04:06:10] c6035cc0f4104ace80ef788e095f2e41	 200 0ms GET /json
[38;5;6m INFO[0m [04:06:10] 5a5aafefee0c493cbd8f5af2792231b3	 200 0ms GET /json
[38;5;6m INFO[0m [04:06:10] 0d16da10651d4a469201fc09ed427887	 200 0ms GET /json
[38;5;6m INFO[0m [04:06:10] 41cb8c8b662f4d249f770646c5d1ad7f	 200 0ms GET /json
[38;5;6m INFO[0m [04:06:10] a980c74c52634015b20a6f26adcf16e0	 200 0ms GET /json
[38;5;6m INFO[0m [04:06:10] 2d1ea585259f46dfa8ad9271efe9f894	 200 0ms GET /json
[38;5;6m INFO[0m [04:06:10] e997b5c7dffb4bc89297ce16b7a84125	 200 0ms GET /json
[38;5;6m INFO[0m [04:06:10] f9f02341c7154bbc87c5a2f48f1dc772	 200 0ms GET /json
[38;5;6m INFO[0m [04:06:10] c2b0d9d22aa44a948454653e39dc79e7	 200 0ms GET /json
[38;5;6m INFO[0m [04:06:10] a53ac9cbebde492ca8f9d460b8c7345b	 200 0ms GET /json
[38;5;6m INFO[0m [04:06:10] e09ad0b5f9d84f7591d588e394f87ea5	 200 0ms GET /json
[38;5;6m INFO[0m [04:06:10] 3aeeb24be72f44fcb9f19ef1ea143726	 200 0ms GET /json
[38;5;6m INFO[0m [04:06:10] 9445fdce830e42648ff542c13bb89028	 200 0ms GET /json
[38;5;6m INFO[0m [04:06:10] 4d848375a011406eb932e6868c377a0c	 200 0ms GET /json
[38;5;6m INFO[0m [04:06:10] 25c9a42f711148058d2cb15da6b670b3	 200 0ms GET /json
[38;5;6m INFO[0m [04:06:10] d97f7e18288d410ab3485634185a0859	 200 0ms GET /json
[38;5;6m INFO[0m [04:06:10] 5a1ae97f749347faa673e5c5f28bcf0c	 200 0ms GET /json
[38;5;6m INFO[0m [04:06:10] 9ba8e50aff9a46b08715e4fc8b83eb3c	 200 0ms GET /json
[38;5;6m INFO[0m [04:06:10] 5c988620db314274b3edee64523936bd	 200 0ms GET /json
[38;5;6m INFO[0m [04:06:10] f18435107011436fb6e5d2a46d8f8e53	 200 0ms GET /json
[38;5;6m INFO[0m [04:06:10] 9bfa0ffd22f74907a680f4fe43944cdd	 200 0ms GET /json
[38;5;6m INFO[0m [04:06:10] 68dffeca37e84ac2b04fe286ff70ce14	 200 0ms GET /json
[38;5;6m INFO[0m [04:06:10] 7791285d724e4ffaa38d2f9640c62934	 200 0ms GET /json
[38;5;6m INFO[0m [04:06:10] fe88b4ff652f43cc891f29dcab88fc4e	 200 0ms GET /json
[38;5;6m INFO[0m [04:06:10] bca7df19bd3b42b58205369deb71ed7b	 200 0ms GET /json
[38;5;6m INFO[0m [04:06:10] 54ad3e38f0584dc5a06a1cff2bbc48b4	 200 0ms GET /json
[38;5;6m INFO[0m [04:06:10] afb93226218845d99419a3d8530802af	 200 0ms GET /json
[38;5;6m INFO[0m [04:06:10] 406fa3b4645a426a80e48af294c73726	 200 0ms GET /json
[38;5;6m INFO[0m [04:06:10] 25455b02260e4558af095fe31d073484	 200 0ms GET /json
[38;5;6m INFO[0m [04:06:10] 505a5c88062f40eca663ff134d0e38c2	 200 0ms GET /json
[38;5;6m INFO[0m [04:06:10] a27dea1dedaa42aebc9c77fc3d36f7f1	 200 0ms GET /json
[38;5;6m INFO[0m [04:06:10] c9e4a5eca19e46f788c339bef2d79870	 200 0ms GET /json
[38;5;6m INFO[0m [04:06:10] bc0b99e367624a8099266db3c03dfca3	 200 0ms GET /json
[38;5;6m INFO[0m [04:06:10] 260f11776b9d442daa033572d6ffb94c	 200 0ms GET /json
[38;5;6m INFO[0m [04:06:10] 45fd9c76685c44da86ec2924980e4be7	 200 0ms GET /json
[38;5;6m INFO[0m [04:06:10] 92a3791034f0437fb773f63815b3008d	 200 0ms GET /json
[38;5;6m INFO[0m [04:06:10] f81c2cf1ff1a4b27ad62b8dfb58d4aa9	 200 0ms GET /json
[38;5;6m INFO[0m [04:06:10] 3564f31466fe49a990b3b68c35c2b938	 200 0ms GET /json
[38;5;6m INFO[0m [04:06:10] 5149a51158ba469ab689d0935853d84d	 200 0ms GET /json
[38;5;6m INFO[0m [04:06:10] 9d64ccaff3c643b0859a68d6dd13ffb7	 200 0ms GET /json
[38;5;6m INFO[0m [04:06:10] f10ef3ce5d564456b5b7d9e46cdb7d62	 200 0ms GET /json
[38;5;6m INFO[0m [04:06:12] 8a30cec74d804c67bd8f321ff11f912d	 200 0ms GET /json
[38;5;6m INFO[0m [04:06:12] 7a58936adf8244d889bcff8a968b4e24	 200 0ms GET /json
[38;5;6m INFO[0m [04:06:12] b700465cc2d14106a81a974d089fca12	 200 0ms GET /json
[38;5;6m INFO[0m [04:06:12] f137aed0fc08486c8402d58d7399eee3	 200 0ms GET /json
[38;5;6m INFO[0m [04:06:12] c4747f7b11a140178ca659c680a5be4a	 200 0ms GET /json
[38;5;6m INFO[0m [04:06:12] 7d18675bd0174fd1925ec24689780330	 200 0ms GET /json
[38;5;6m INFO[0m [04:06:12] 19248139004b479396c718f989694403	 200 0ms GET /json
[38;5;6m INFO[0m [04:06:12] 5c959492ba5e4ef788d146a972f9d517	 200 0ms GET /json
[38;5;6m INFO[0m [04:06:12] 6e97cc1f9f4c479787c9a455f427c282	 200 0ms GET /json
[38;5;6m INFO[0m [04:06:12] 03b259267d474e93b46c2803052955e5	 200 0ms GET /json
[38;5;6m INFO[0m [04:06:12] e0bf7b3ef0df4958b8d28e97f18334a4	 200 0ms GET /json
[38;5;6m INFO[0m [04:06:12] 828fee6cc53f462dbb74c8c2562dc583	 200 0ms GET /json
[38;5;6m INFO[0m [04:06:12] 883e138281264c0eb661e07de2709c5f	 200 0ms GET /json
[38;5;6m INFO[0m [04:06:12] 85afe8a304b04664b7a85e3eb9be3f09	 200 0ms GET /json
[38;5;6m INFO[0m [04:06:12] 2664ca7d08f24bd0acd9a2d4a4b7fae3	 200 0ms GET /json
[38;5;6m INFO[0m [04:06:12] d4a4fa89a5d3418e8e4545cd31d9d8fa	 200 0ms GET /json
[38;5;6m INFO[0m [04:06:12] d867fc4b608047c494e4a21d36d1c3f0	 200 0ms GET /json
[38;5;6m INFO[0m [04:06:12] f25a31f7671944d79b9acf762dfe6a9b	 200 0ms GET /json
[38;5;6m INFO[0m [04:06:12] 21626a0ede064ad8a6b0e70ee1f64c94	 200 0ms GET /json
[38;5;6m INFO[0m [04:06:12] f6f39ea3d9db44c6b7de12a927581175	 200 0ms GET /json
[38;5;6m INFO[0m [04:06:12] 211c92bb34ae45248592c17fff1b4d86	 200 0ms GET /json
[38;5;6m INFO[0m [04:06:12] c6a8096e4c28491cb35dec3beeb63dbb	 200 0ms GET /json
[38;5;6m INFO[0m [04:06:12] 15688492888d48c9944f3ee79d64e5af	 200 0ms GET /json
[38;5;6m INFO[0m [04:06:12] bb8c3ff36fd34ebdba34300b66406fce	 200 0ms GET /json
[38;5;6m INFO[0m [04:06:12] 1938db9fde374128807288c2c435dcda	 200 0ms GET /json
[38;5;6m INFO[0m [04:06:12] 0edcce9fe5344d639e3982542e5ab1fb	 200 0ms GET /json
[38;5;6m INFO[0m [04:06:12] 9ea39722b52f4031b5d3d5a7623e38ac	 200 0ms GET /json
[38;5;6m INFO[0m [04:06:12] bb16aff175c14078a83403aced6c008a	 200 0ms GET /json
[38;5;6m INFO[0m [04:06:12] ba2ec521f24444d3ad1d6ea426baf18f	 200 0ms GET /json
[38;5;6m INFO[0m [04:06:12] dd0223a90667498e957ffe01da64c1a5	 200 0ms GET /json
[38;5;6m INFO[0m [04:06:12] 627a06d81ee44d5bae4aea6cb488862e	 200 0ms GET /json
[38;5;6m INFO[0m [04:06:12] 5db3570bf7d9494db708bcac77e0bac8	 200 0ms GET /json
[38;5;6m INFO[0m [04:06:12] f2c1ff244db04e67ab57cccd31f50605	 200 0ms GET /json
[38;5;6m INFO[0m [04:06:12] 4044fb60ffab43bdbe776305181c163e	 200 0ms GET /json
[38;5;6m INFO[0m [04:06:12] 46d5999d81e448bb9024d2b2ff8977c2	 200 0ms GET /json
[38;5;6m INFO[0m [04:06:12] 50ebf3cc5c254b988bcfde851f95ad06	 200 0ms GET /json
[38;5;6m INFO[0m [04:06:12] b7285cf99b744a64ab659517090eb1d6	 200 0ms GET /json
[38;5;6m INFO[0m [04:06:12] 93d56e2c038142e290d90c47f17b55f0	 200 0ms GET /json
[38;5;6m INFO[0m [04:06:12] 2dc5bc63e84d4a34a4fcade9a39f68c2	 200 0ms GET /json
[38;5;6m INFO[0m [04:06:12] 30de5663769f423292762b467972b810	 200 0ms GET /json
[38;5;6m INFO[0m [04:06:12] 77c76eca131c40bb80dd87f877065e5e	 200 0ms GET /json
[38;5;6m INFO[0m [04:06:12] 80587aa49a324f41a9d6a75e02537ba6	 200 0ms GET /json
[38;5;6m INFO[0m [04:06:12] b3bc811fec7a4c6997033899a1613706	 200 0ms GET /json
[38;5;6m INFO[0m [04:06:12] 0efcc72554344b7894471261553aebe6	 200 0ms GET /json
[38;5;6m INFO[0m [04:06:12] de3561d29b0142209f54b05f00de9ba3	 200 0ms GET /json
[38;5;6m INFO[0m [04:06:12] 3d27e6623f1649ad8117205a83ca65b7	 200 0ms GET /json
[38;5;6m INFO[0m [04:06:12] fd7d4c45af9146e193a36f25955482a5	 200 0ms GET /json
[38;5;6m INFO[0m [04:06:12] 8771277507f744588a44976ec0e58f0e	 200 0ms GET /json
[38;5;6m INFO[0m [04:06:12] f7d7e69db259468fa2f3be417a671aae	 200 0ms GET /json
[38;5;6m INFO[0m [04:06:12] e9cb15258fe441c2973651371459532d	 200 0ms GET /json
[38;5;6m INFO[0m [04:06:12] a19aa84aaf914a8893419c89626b1a1c	 200 0ms GET /json
[38;5;6m INFO[0m [04:06:12] 67d960829339491d9648f575c2485fa6	 200 0ms GET /json
[38;5;6m INFO[0m [04:06:12] 2d1de6e50bba464b8e07e45a89a2b9bb	 200 0ms GET /json
[38;5;6m INFO[0m [04:06:12] 672dc4225e4545afac877b412757e877	 200 0ms GET /json
[38;5;6m INFO[0m [04:06:12] eaf48038e59c4697aa22ab0ea71bb0e7	 200 0ms GET /json
[38;5;6m INFO[0m [04:06:12] 154e60978ee84612a2ba8cbb94f27126	 200 0ms GET /json
[38;5;6m INFO[0m [04:06:12] 258ff422c77647a0b052f259ae19c0ac	 200 0ms GET /json
[38;5;6m INFO[0m [04:06:12] 5bc593ea647a4ed8bea1f43f08899be7	 200 0ms GET /json
[38;5;6m INFO[0m [04:06:12] 5188395a21414b5cbe3afc5864291802	 200 0ms GET /json
[38;5;6m INFO[0m [04:06:12] 5627ba770a434ca387aa71ac611cfec8	 200 0ms GET /json
[38;5;6m INFO[0m [04:06:12] 4b773561537349a2bdc0b641b91fbae7	 200 0ms GET /json
[38;5;6m INFO[0m [04:06:12] 22891793a340485d86593b7ed7d820dc	 200 0ms GET /json
[38;5;6m INFO[0m [04:06:12] 19568b65980a47c8b9be2d498b8ce559	 200 0ms GET /json
[38;5;6m INFO[0m [04:06:12] dc4b33e3160b4323bd962c9b13ab1789	 200 0ms GET /json
[38;5;6m INFO[0m [04:06:12] d60774de565e49f6bfb736eecf27bfe1	 200 0ms GET /json
[38;5;6m INFO[0m [04:06:12] c824a9b49eed4876b24605a51bd96ecc	 200 0ms GET /json
[38;5;6m INFO[0m [04:06:12] 1ec138841dfc4ac7a77e7b4d06a6f6f3	 200 0ms GET /json
[38;5;6m INFO[0m [04:06:12] 24b6d7239b834ad6b24ced6f6fa06059	 200 0ms GET /json
[38;5;6m INFO[0m [04:06:12] 51ae5f62dc3b48679504697b55681256	 200 0ms GET /json
[38;5;6m INFO[0m [04:06:12] a5251752de514bb4857d02e0ee4092f3	 200 0ms GET /json
[38;5;6m INFO[0m [04:06:12] d72dfdd2723f44a7bc1a6a4578b0b1c0	 200 0ms GET /json
[38;5;6m INFO[0m [04:06:12] e0abc1bad9d5464b9d7896f8e16e0389	 200 0ms GET /json
[38;5;6m INFO[0m [04:06:12] 37c78a737b624155a79776b64277914b	 200 0ms GET /json
[38;5;6m INFO[0m [04:06:12] 718ca0b80fdf462583c8fbc958d31e3f	 200 0ms GET /json
[38;5;6m INFO[0m [04:06:12] 4e6dd110c948479c9deed4b1af2bf4cd	 200 0ms GET /json
[38;5;6m INFO[0m [04:06:12] f37eb73ac40849948f24dee63a509044	 200 0ms GET /json
[38;5;6m INFO[0m [04:06:12] c11cd52c2fd54ed6a2ee6b30631f1196	 200 0ms GET /json
[38;5;6m INFO[0m [04:06:12] 61ce51260777401baf7684392cdc84dc	 200 0ms GET /json
[38;5;6m INFO[0m [04:06:12] 927daffbdac2483997dd2eeaf662fd86	 200 0ms GET /json
[38;5;6m INFO[0m [04:06:12] 6cc2aa181820478282cabb775a1c5520	 200 0ms GET /json
[38;5;6m INFO[0m [04:06:12] 43f9963d6c454811821b56f4b9c9d250	 200 0ms GET /json
[38;5;6m INFO[0m [04:06:12] 0c6d5ef25b5146c5aed94e0d5947aa00	 200 0ms GET /json
[38;5;6m INFO[0m [04:06:12] 7e76e7e143724358babf41686c590b44	 200 0ms GET /json
[38;5;6m INFO[0m [04:06:12] bbe1d3b06d6141e293009ec9d68ae35f	 200 0ms GET /json
[38;5;6m INFO[0m [04:06:12] b19662f7994e436186aeafeb1016738b	 200 0ms GET /json
[38;5;6m INFO[0m [04:06:12] deb3757f01a14d63996e01f7d0d24da2	 200 0ms GET /json
[38;5;6m INFO[0m [04:06:12] addce2a486154cee8fc4d5b3fdf1fa72	 200 0ms GET /json
[38;5;6m INFO[0m [04:06:12] 8ae51a4c28294c40a1fa8c611cae260a	 200 0ms GET /json
[38;5;6m INFO[0m [04:06:12] 2e1abc99cd1e4560ba3302653498781d	 200 0ms GET /json
[38;5;6m INFO[0m [04:06:12] 1bf7fcc2a4a0420889fe8df2cdb1566b	 200 0ms GET /json
[38;5;6m INFO[0m [04:06:12] 90a7e83d09d8437590fce81d6d547740	 200 0ms GET /json
[38;5;6m INFO[0m [04:06:12] acec7f04656145aaab0f543f6b367720	 200 0ms GET /json
[38;5;6m INFO[0m [04:06:12] b559215490114021bab2136a24e47064	 200 0ms GET /json
[38;5;6m INFO[0m [04:06:12] 7599378803b24212b797ba2b58ed2415	 200 0ms GET /json
[38;5;6m INFO[0m [04:06:12] cbf5497538b6450bba5ac40363ef07f6	 200 0ms GET /json
[38;5;6m INFO[0m [04:06:12] bb21040aa15247118a2585e8f2dfee89	 200 0ms GET /json
[38;5;6m INFO[0m [04:06:12] 6612850798df431a93a4fef8ba1d8d33	 200 0ms GET /json
[38;5;6m INFO[0m [04:06:12] 32a4b0e2cd8e49fd8aa6c703c1a289ba	 200 0ms GET /json
[38;5;6m INFO[0m [04:06:12] beb3066b59a642cca0e98ddb269c5921	 200 0ms GET /json
[38;5;6m INFO[0m [04:06:12] 0563dd9aa95049b683cfe5c0cc9c8aad	 200 0ms GET /json
[38;5;6m INFO[0m [04:06:12] bbefb8448cca4969a7b9695688dbddc8	 200 0ms GET /json
[38;5;6m INFO[0m [04:06:12] 8a1081dd071844fb8b1b35bd6bb05821	 200 0ms GET /json
[38;5;6m INFO[0m [04:06:12] dfe969ad08ed47f3b4ad252b7f5e1b93	 200 0ms GET /json
[38;5;6m INFO[0m [04:06:12] 183caeae640f43959a3258b7679e637c	 200 0ms GET /json
[38;5;6m INFO[0m [04:06:12] b3936c5000e14c2988f751ca5322d8a3	 200 0ms GET /json
[38;5;6m INFO[0m [04:06:12] 27d0859db6144c39ab1a822211f30196	 200 0ms GET /json
[38;5;6m INFO[0m [04:06:12] e0c0159cd6bb4a81a9a601ef15e69ed4	 200 0ms GET /json
[38;5;6m INFO[0m [04:06:12] 15285bfd7516474ab2dddcfda8fbbaf8	 200 0ms GET /json
[38;5;6m INFO[0m [04:06:12] 923a84a4aee648648be527ea6a33ea5a	 200 0ms GET /json
[38;5;6m INFO[0m [04:06:12] f0a544bc22d54f1883875ee0a9f56e37	 200 0ms GET /json
[38;5;6m INFO[0m [04:06:12] b2e703ce36fd40e9b6e40bcb7356770c	 200 0ms GET /json
[38;5;6m INFO[0m [04:06:12] 3ec3ed43396842398f42c243cd086221	 200 0ms GET /json
[38;5;6m INFO[0m [04:06:12] 25c1255a92a94759aef72623ee4a68a5	 200 0ms GET /json
[38;5;6m INFO[0m [04:06:12] 91c85b484cf0498db4f50322b0cfea39	 200 0ms GET /json
[38;5;6m INFO[0m [04:06:12] 402899872c154f9e9186685499b1c5c5	 200 0ms GET /json
[38;5;6m INFO[0m [04:06:12] 61af990ccd2f4e85b884a3441a814f77	 200 0ms GET /json
[38;5;6m INFO[0m [04:06:12] 8db316bd29d540d5beddfb7d3d15a0b2	 200 0ms GET /json
[38;5;6m INFO[0m [04:06:12] ff7dc4dfb82f40fe94bd12c99e4f85af	 200 0ms GET /json
[38;5;6m INFO[0m [04:06:12] 5edabd0160364afabe4c625c54b493a0	 200 0ms GET /json
[38;5;6m INFO[0m [04:06:12] c70efc5168394094931cfd57fe0c7b71	 200 0ms GET /json
[38;5;6m INFO[0m [04:06:12] 8c9ab8a76bf64e76a025e6cf7302f6e2	 200 0ms GET /json
[38;5;6m INFO[0m [04:06:12] 57ca3cb482d54f5783cfcfae059bb902	 200 0ms GET /json
[38;5;6m INFO[0m [04:06:12] 4191d050370e4bf2a1ec204402326121	 200 0ms GET /json
[38;5;6m INFO[0m [04:06:12] 9c4ae04e93554b5fa747b2a4af8ddd8c	 200 0ms GET /json
[38;5;6m INFO[0m [04:06:12] ead97985e431472997d25d51e73bbbd6	 200 0ms GET /json
[38;5;6m INFO[0m [04:06:12] bfbc60f5eeba4f01b009bc9141a8b73e	 200 0ms GET /json
[38;5;6m INFO[0m [04:06:12] efa454ea923f4e1b9225620a14f50e33	 200 0ms GET /json
[38;5;6m INFO[0m [04:06:12] 7aad17ce50634bdb986677f5a2ec3d36	 200 0ms GET /json
[38;5;6m INFO[0m [04:06:12] e738dfab32ae4c72be66c5467ba9cba6	 200 0ms GET /json
[38;5;6m INFO[0m [04:06:12] 089959ddc9b94efc87932acfd4e3a5d7	 200 0ms GET /json
[38;5;6m INFO[0m [04:06:12] 4077e4557f064ce18048e36037ed9801	 200 0ms GET /json
[38;5;6m INFO[0m [04:06:12] 74dd8bf677ca4048a84403adf5a6de4a	 200 0ms GET /json
[38;5;6m INFO[0m [04:06:12] c5bfb5b857b3479aa75cf9ca8b597849	 200 0ms GET /json
[38;5;6m INFO[0m [04:06:12] 447c71827a434d839864278dcc68ef74	 200 0ms GET /json
[38;5;6m INFO[0m [04:06:12] 0e545c3c968e48858e488589bd060930	 200 0ms GET /json
[38;5;6m INFO[0m [04:06:12] b1b0a5a399d146d1bd12038074c8197d	 200 0ms GET /json
[38;5;6m INFO[0m [04:06:12] 749ef725f7174baaaa4545756eb88ac5	 200 0ms GET /json
[38;5;6m INFO[0m [04:06:12] f91032783ff3491c9628ac4b126a3bbe	 200 0ms GET /json
[38;5;6m INFO[0m [04:06:12] 52e3059eb7f941e4a9b79227484e137f	 200 0ms GET /json
[38;5;6m INFO[0m [04:06:12] 08017865db90445ea693e8c50c457b0d	 200 0ms GET /json
[38;5;6m INFO[0m [04:06:12] 76d5a4935a9348c2b07c0cfa8937ae5d	 200 0ms GET /json
[38;5;6m INFO[0m [04:06:12] 898e574d03ae41f2988cf9f1bcbe71ce	 200 0ms GET /json
[38;5;6m INFO[0m [04:06:12] c4dfd6291cf24c9f8fb414c0df90dea8	 200 0ms GET /json
[38;5;6m INFO[0m [04:06:12] b4ce1777ded549f5b08e8f68543874c6	 200 0ms GET /json
[38;5;6m INFO[0m [04:06:12] f5fc0a7974b940b9a7aebe102528c82f	 200 0ms GET /json
[38;5;6m INFO[0m [04:06:12] efa6886de4534f18a7226a552788cd02	 200 0ms GET /json
[38;5;6m INFO[0m [04:06:12] 79faa6733faf4a4c9ba93469db73e9a4	 200 0ms GET /json
[38;5;6m INFO[0m [04:06:12] f0639151252342ffb8b6a4051082b892	 200 0ms GET /json
[38;5;6m INFO[0m [04:06:12] 602eb216de12436b9f1a0c2edd17bb05	 200 0ms GET /json
[38;5;6m INFO[0m [04:06:12] 303a3c4da3da4c7d8f9a1e6c2042e3f8	 200 0ms GET /json
[38;5;6m INFO[0m [04:06:12] 2e51421e31b1409eb30670bd5b315abd	 200 0ms GET /json
[38;5;6m INFO[0m [04:06:12] 6e7b1a146cca4b6ab0cb7b0d33e43ba9	 200 0ms GET /json
[38;5;6m INFO[0m [04:06:12] 3051fe0da45946fa9ed974e657c78df4	 200 0ms GET /json
[38;5;6m INFO[0m [04:06:12] 7564bac6b74d41398ea132ec0118781b	 200 0ms GET /json
[38;5;6m INFO[0m [04:06:12] ea79e49bd4164cef93d4d9d04aa71216	 200 0ms GET /json
[38;5;6m INFO[0m [04:06:12] 0b0a574b7fba403e841be585a16159f0	 200 0ms GET /json
[38;5;6m INFO[0m [04:06:12] 61803bcbf3234479a3eeb7d862ee49a7	 200 0ms GET /json
[38;5;6m INFO[0m [04:06:12] 1ff1272cc0d94a3f9bccee35dc6982d2	 200 0ms GET /json
[38;5;6m INFO[0m [04:06:12] 950ad09673c9466488e1610a2031ec1f	 200 0ms GET /json
[38;5;6m INFO[0m [04:06:12] e2a144611aac4d908dedaae94874a6db	 200 0ms GET /json
[38;5;6m INFO[0m [04:06:12] 24010e129d6241138a94168f4c9d0012	 200 0ms GET /json
[38;5;6m INFO[0m [04:06:12] abdc29d7f40c43c69c7edd988d2ff7c9	 200 0ms GET /json
[38;5;6m INFO[0m [04:06:12] 89c6ec9ac0bf49ce8eb9c828697cc5bf	 200 0ms GET /json
[38;5;6m INFO[0m [04:06:12] 53e6028bc50f4a77a79e273cf284710d	 200 0ms GET /json
[38;5;6m INFO[0m [04:06:12] 11860284fb344ce88f7b36b7190ce830	 200 0ms GET /json
[38;5;6m INFO[0m [04:06:12] 0ab1eb535cf44b47a680feb31d2e8517	 200 0ms GET /json
[38;5;6m INFO[0m [04:06:12] 6107104e51754ffcaa1ebb6c550191c6	 200 0ms GET /json
[38;5;6m INFO[0m [04:06:12] e720d00572e24526b0915e8261a7536e	 200 0ms GET /json
[38;5;6m INFO[0m [04:06:12] 9c46880f4234488483911e2885dc8088	 200 0ms GET /json
[38;5;6m INFO[0m [04:06:12] d86b3dd1adcf4aabbbce3db8dee75cfa	 200 0ms GET /json
[38;5;6m INFO[0m [04:06:12] 9fa958bcc41047fdaf7e9babdb3bf383	 200 0ms GET /json
[38;5;6m INFO[0m [04:06:12] aa736fde6be943a3975f6d1de2a8eac5	 200 0ms GET /json
[38;5;6m INFO[0m [04:06:12] 33fd77c6e4444e76b07801e62bc2dd5d	 200 0ms GET /json
[38;5;6m INFO[0m [04:06:12] a2d3c136854f46a5bb88a15db79ee9f0	 200 0ms GET /json
[38;5;6m INFO[0m [04:06:12] 4206da70a2524724990b98fa0bbe6281	 200 0ms GET /json
[38;5;6m INFO[0m [04:06:12] 5dd761e3b9964a068551edc219b4c757	 200 0ms GET /json
[38;5;6m INFO[0m [04:06:12] 6674d30e8a0647818ffc4c61d973f9b6	 200 0ms GET /json
[38;5;6m INFO[0m [04:06:12] 37aeadc193924121ad8ae05e313d9999	 200 0ms GET /json
[38;5;6m INFO[0m [04:06:12] c57a826917ac47b78e1711588949728a	 200 0ms GET /json
[38;5;6m INFO[0m [04:06:12] 753ea55e89214b4eb1975d50dd081619	 200 0ms GET /json
[38;5;6m INFO[0m [04:06:12] 6f6340605f054281ae227a5500a1e0af	 200 0ms GET /json
[38;5;6m INFO[0m [04:06:12] 196957f6500a4167bbee2e69f8fe22f3	 200 0ms GET /json
[38;5;6m INFO[0m [04:06:12] 4ddc721b1ed045249d16fb4fe788c6c3	 200 0ms GET /json
[38;5;6m INFO[0m [04:06:12] 2dd1a1f7234840258deae5020944d0e0	 200 0ms GET /json
[38;5;6m INFO[0m [04:06:12] 0a9132fb1e3142ab82404b49ee10fc68	 200 0ms GET /json
[38;5;6m INFO[0m [04:06:12] 35b72297ad2f425aa981c21a39aafcb5	 200 0ms GET /json
[38;5;6m INFO[0m [04:06:12] 69aa37db4e6e4fb0aa80d4605f3043cb	 200 0ms GET /json
[38;5;6m INFO[0m [04:06:12] 6b206f008fe84ee1b341fce07f7d6f0e	 200 0ms GET /json
[38;5;6m INFO[0m [04:06:12] 8021761023e14ce78ae1753c99025c8a	 200 0ms GET /json
[38;5;6m INFO[0m [04:06:12] 5ec9dbebff824066af191aa7e65031e8	 200 0ms GET /json
[38;5;6m INFO[0m [04:06:12] 92b62c09df9a4a9b994908320c58c7e4	 200 0ms GET /json
[38;5;6m INFO[0m [04:06:12] 9f62796cfd904a1288db2e966b39df0e	 200 0ms GET /json
[38;5;6m INFO[0m [04:06:12] 064f735aa13a438cbd41ac6d65c6e3f8	 200 0ms GET /json
[38;5;6m INFO[0m [04:06:12] d82acb3375cd4755bbe0ff34e44b86a9	 200 0ms GET /json
[38;5;6m INFO[0m [04:06:12] 2715e6190ef246b49b1b5b6255db8dbe	 200 0ms GET /json
[38;5;6m INFO[0m [04:06:12] 716b1ace52574a67b74637fbf5913413	 200 0ms GET /json
[38;5;6m INFO[0m [04:06:12] 7ba8bc9d5ff54edea1057a00fe208fc9	 200 0ms GET /json
[38;5;6m INFO[0m [04:06:12] 62c81b09d812469a84761db100c29962	 200 0ms GET /json
[38;5;6m INFO[0m [04:06:12] 03891e37b0e34cdaba17aa5a84da636c	 200 0ms GET /json
[38;5;6m INFO[0m [04:06:12] d5a5787177bb42fcacdd0b068e289039	 200 0ms GET /json
[38;5;6m INFO[0m [04:06:12] a6db02f81fa14fbf9b19bdff3d977a78	 200 0ms GET /json
[38;5;6m INFO[0m [04:06:12] ed15cd1d102a4f4b9ef904972a38f77c	 200 0ms GET /json
[38;5;6m INFO[0m [04:06:12] f6cac90bab1e4b8b8dcb33438ef150cf	 200 0ms GET /json
[38;5;6m INFO[0m [04:06:12] 82d256f79245487782d25f7d79881caf	 200 0ms GET /json
[38;5;6m INFO[0m [04:06:12] efa692920ee5417187a7dfdd5fe269e0	 200 0ms GET /json
[38;5;6m INFO[0m [04:06:12] b6eadbd794024a66b8f242fec7c258fa	 200 0ms GET /json
[38;5;6m INFO[0m [04:06:12] 1e8f4d0db2c848fcb1c332dfc6ef03f7	 200 0ms GET /json
[38;5;6m INFO[0m [04:06:12] 967d27cecfbf4027b9cc01a875415e2f	 200 0ms GET /json
[38;5;6m INFO[0m [04:06:12] f319f6af2de14762a34db8ba9da71b25	 200 0ms GET /json
[38;5;6m INFO[0m [04:06:12] c6609d8d1b9742a5ac022fdf8435c116	 200 0ms GET /json
[38;5;6m INFO[0m [04:06:12] d24a5d32227d49378d0e51b9527917f8	 200 0ms GET /json
[38;5;6m INFO[0m [04:06:12] cded712b82b0499e92add92a1bb6aad2	 200 0ms GET /json
[38;5;6m INFO[0m [04:06:12] 3ee7b61208d04f4aa6eb62a0f31550b4	 200 0ms GET /json
[38;5;6m INFO[0m [04:06:12] 5beca16671c64d0ba085be4483c5be3f	 200 0ms GET /json
[38;5;6m INFO[0m [04:06:12] 860131dbca5c47bf8fa5bb041bdbbc15	 200 0ms GET /json
[38;5;6m INFO[0m [04:06:12] 77f0f79526da4f3ab7af8a1d54a6c5e1	 200 0ms GET /json
[38;5;6m INFO[0m [04:06:12] f6c15336ab0c4f689175db250a528c14	 200 0ms GET /json
[38;5;6m INFO[0m [04:06:12] 44240ce96ac9468d857f96abab2e8531	 200 0ms GET /json
[38;5;6m INFO[0m [04:06:12] 50019cb6dc5b472bbe958e400eec49d9	 200 0ms GET /json
[38;5;6m INFO[0m [04:06:12] c080e01f3aba4c448d7af62e0f44ef94	 200 0ms GET /json
[38;5;6m INFO[0m [04:06:12] 0a79b6e6a30a480ebdbee4f295f5d478	 200 0ms GET /json
[38;5;6m INFO[0m [04:06:12] 4725d9fbe0de4e19a701b51d697f6cda	 200 0ms GET /json
[38;5;6m INFO[0m [04:06:12] 9ae88c57df3043df9270455e19312e5f	 200 0ms GET /json
[38;5;6m INFO[0m [04:06:12] 70fa3c1026b34ec7b1305c1ec06d7832	 200 0ms GET /json
[38;5;6m INFO[0m [04:06:12] 214b53b2c72f42cea1c9ee6b7c06623b	 200 0ms GET /json
[38;5;6m INFO[0m [04:06:12] 6716bdef55b545fe9477fa776253fa50	 200 0ms GET /json
[38;5;6m INFO[0m [04:06:12] b99059a027f14ffaa1d726e4e3e254bf	 200 0ms GET /json
[38;5;6m INFO[0m [04:06:12] 8939d521f3de42329ff3e950febea6c3	 200 0ms GET /json
[38;5;6m INFO[0m [04:06:12] ac64b0d09a9a4206bed022d28cde7211	 200 0ms GET /json
[38;5;6m INFO[0m [04:06:12] f7ded12713d64995aaa588741a701905	 200 0ms GET /json
[38;5;6m INFO[0m [04:06:12] b7742db0404c495893e8165fc059b90c	 200 0ms GET /json
[38;5;6m INFO[0m [04:06:12] 4d37536217214f19bb6445924ac10a67	 200 0ms GET /json
[38;5;6m INFO[0m [04:06:12] 246e192dc4b245c9b086da588ed42d6c	 200 0ms GET /json
[38;5;6m INFO[0m [04:06:12] ee13bb31de9047a29e376ebd9d63953b	 200 0ms GET /json
[38;5;6m INFO[0m [04:06:12] dfca4b6954d04170bb4c9e03cb904bf3	 200 0ms GET /json
[38;5;6m INFO[0m [04:06:12] 6304ad7b425240c689c8a6433d121994	 200 0ms GET /json
[38;5;6m INFO[0m [04:06:12] 6878353265ff4e57aaa98106166db7b2	 200 0ms GET /json
[38;5;6m INFO[0m [04:06:12] 2871d74fd70442d8833482164903e5b2	 200 0ms GET /json
[38;5;6m INFO[0m [04:06:12] c0d01e18023d4d80903f88c1f0f83e23	 200 0ms GET /json
[38;5;6m INFO[0m [04:06:12] c81a30136e9d44019fc5026853b7e4a5	 200 0ms GET /json
[38;5;6m INFO[0m [04:06:12] 4cd930897e844a80b010a00edfa0de2d	 200 0ms GET /json
[38;5;6m INFO[0m [04:06:12] e4dff61b6daf4d5ea8c9fdfe480e08c2	 200 0ms GET /json
[38;5;6m INFO[0m [04:06:12] bf266fb7df154562985d6cd9c077b67e	 200 0ms GET /json
[38;5;6m INFO[0m [04:06:12] 7074313885054875a13e49386df4352d	 200 0ms GET /json
[38;5;6m INFO[0m [04:06:12] c6046f34370b41a4bcbd822a3cb2a693	 200 0ms GET /json
[38;5;6m INFO[0m [04:06:12] 92727d3ce7dc4395ba28f3895acda043	 200 0ms GET /json
[38;5;6m INFO[0m [04:06:12] a66add486ef945a9a547019869eca8d9	 200 0ms GET /json
[38;5;6m INFO[0m [04:06:12] 0dbdea45f23b432a81a60e4eeea594c6	 200 0ms GET /json
[38;5;6m INFO[0m [04:06:12] 3af5b44a44e04dda89c02b7884419e07	 200 0ms GET /json
[38;5;6m INFO[0m [04:06:12] 55be2e2122cb4d1aad81004c53398078	 200 0ms GET /json
[38;5;6m INFO[0m [04:06:12] 866956bcf14d4bafb1f5f0ae1ac634a9	 200 0ms GET /json
[38;5;6m INFO[0m [04:06:12] 72d0cb5653e541ab83cbde8e4ed6cb12	 200 0ms GET /json
[38;5;6m INFO[0m [04:06:12] 719b695f5a7240ab9335fe4b77301c17	 200 0ms GET /json
[38;5;6m INFO[0m [04:06:12] e30f9f427a46407e834ef080d2757950	 200 0ms GET /json
[38;5;6m INFO[0m [04:06:12] 7870384fb6464732ad386e4259a23048	 200 0ms GET /json
[38;5;6m INFO[0m [04:06:12] 749616835eb146b1a0e6f68b9043efc5	 200 0ms GET /json
[38;5;6m INFO[0m [04:06:12] 427ad1846e284e47990505873eb02c84	 200 0ms GET /json
[38;5;6m INFO[0m [04:06:12] fb52659f6f384d979d65d3dbe373534a	 200 0ms GET /json
[38;5;6m INFO[0m [04:06:12] 683bf3d0721749c5917d2103860636fa	 200 0ms GET /json
[38;5;6m INFO[0m [04:06:12] 8d0796ea6005468285461a1b3c5d1f7e	 200 0ms GET /json
[38;5;6m INFO[0m [04:06:12] 881e9b065dff444cb2689343e7febd10	 200 0ms GET /json
[38;5;6m INFO[0m [04:06:12] 1ed0af061d574764836ce3b244cc1842	 200 0ms GET /json
[38;5;6m INFO[0m [04:06:12] 0c770396b02b49d9a687ce824b70d903	 200 0ms GET /json
[38;5;6m INFO[0m [04:06:12] 30b15c7ec7be4742b940ffd7204764be	 200 0ms GET /json
[38;5;6m INFO[0m [04:06:12] da6101b93dda4eb2924e22cfc44e99e8	 200 0ms GET /json
[38;5;6m INFO[0m [04:06:12] efead3177e2242c3b5c3e5e7cb2c8d61	 200 0ms GET /json
[38;5;6m INFO[0m [04:06:12] b90925bdd6f84ac0940859f48a9a4a31	 200 0ms GET /json
[38;5;6m INFO[0m [04:06:12] 642e40f8989b4d0fbe05468ad1a3a383	 200 0ms GET /json
[38;5;6m INFO[0m [04:06:12] 33d42b0753164cd08670f72074f7d1dc	 200 0ms GET /json
[38;5;6m INFO[0m [04:06:12] fb1f61be022d436a932748dbd6f57211	 200 0ms GET /json
[38;5;6m INFO[0m [04:06:12] ffd162015c8a488d82cef87f5bdccd99	 200 0ms GET /json
[38;5;6m INFO[0m [04:06:12] 5e7aa3e615c64b98b4ecd405a002398e	 200 0ms GET /json
[38;5;6m INFO[0m [04:06:12] 35fb9514759447be8436cd260533e79f	 200 0ms GET /json
[38;5;6m INFO[0m [04:06:12] 06b87320c0a449c092d5bc9a37f1d134	 200 0ms GET /json
[38;5;6m INFO[0m [04:06:12] 252b14b63eea445e9ec95768e5daf7ed	 200 0ms GET /json
[38;5;6m INFO[0m [04:06:12] b160d9de4bbb42919676af7159e2a430	 200 0ms GET /json
[38;5;6m INFO[0m [04:06:12] b718fd12a10044d49f4cf27087728ab5	 200 0ms GET /json
[38;5;6m INFO[0m [04:06:12] 8bf40770e1a1467784f0e2d485d00066	 200 0ms GET /json
[38;5;6m INFO[0m [04:06:12] 64af1842db904a5789d40f3e993587c9	 200 0ms GET /json
[38;5;6m INFO[0m [04:06:12] 0689e2e5b43348f7827a70003ccd4775	 200 0ms GET /json
[38;5;6m INFO[0m [04:06:12] 4e13c9b710aa48e4bba66863906ef2f7	 200 0ms GET /json
[38;5;6m INFO[0m [04:06:12] 72fa5ddb40254cf1b04b35feab5eaa6a	 200 0ms GET /json
[38;5;6m INFO[0m [04:06:12] f611df6ecff1433ca1818930e9e61e5b	 200 0ms GET /json
[38;5;6m INFO[0m [04:06:12] 778846cf7b124b2b94d10de67a379d4c	 200 0ms GET /json
[38;5;6m INFO[0m [04:06:12] c9f345c8b6df46b280278078b9b084cc	 200 0ms GET /json
[38;5;6m INFO[0m [04:06:12] cab892ba39164a429e740948685b6a6e	 200 0ms GET /json
[38;5;6m INFO[0m [04:06:12] ca8d8e92735e4aa88fef97cb13f8cebf	 200 0ms GET /json
[38;5;6m INFO[0m [04:06:12] 95c4d471bdf645eea656c98696455a64	 200 0ms GET /json
[38;5;6m INFO[0m [04:06:12] e2214c041d414d7c8b935a45073b7cf2	 200 0ms GET /json
[38;5;6m INFO[0m [04:06:12] bd5a44279c564f63b07e08c4cfbfa6a6	 200 0ms GET /json
[38;5;6m INFO[0m [04:06:12] 0ab5d018f4f443149d85d4eee19f4b96	 200 0ms GET /json
[38;5;6m INFO[0m [04:06:12] b1902c5b653b411e98d15af644056688	 200 0ms GET /json
[38;5;6m INFO[0m [04:06:12] dba7565a8be141ddae8120bd8dd126e1	 200 0ms GET /json
[38;5;6m INFO[0m [04:06:12] 0ad75caafdc7494095dd1d2d7f4529b7	 200 0ms GET /json
[38;5;6m INFO[0m [04:06:12] 7c1dacd1f13643b5a677ede6da97bca0	 200 0ms GET /json
[38;5;6m INFO[0m [04:06:12] d3a89861a7204b03ad012b6568a14b27	 200 0ms GET /json
[38;5;6m INFO[0m [04:06:12] bc1761897dd140fa9a9d5b24fa16d9c4	 200 0ms GET /json
[38;5;6m INFO[0m [04:06:12] 6c81ae6f805b48d9961cd9a86b7221e0	 200 0ms GET /json
[38;5;6m INFO[0m [04:06:12] d0cae88f9a60488698924ea375e4b3c9	 200 0ms GET /json
[38;5;6m INFO[0m [04:06:12] 098785c421bf4658bd8a50526f4ffede	 200 0ms GET /json
[38;5;6m INFO[0m [04:06:14] 780138ea3fd048daa61c7a1a846e8276	 200 0ms GET /json
[38;5;6m INFO[0m [04:06:14] cad2e554c87a481c959067d374d37715	 200 0ms GET /json
[38;5;6m INFO[0m [04:06:14] 5d40be91a4014d57aea98ff86c63a54b	 200 0ms GET /json
[38;5;6m INFO[0m [04:06:14] 1bda31a22d7c49878edd4a6a4dc42f23	 200 0ms GET /json
[38;5;6m INFO[0m [04:06:14] a40210c39d0d4260b017273935987f5b	 200 0ms GET /json
[38;5;6m INFO[0m [04:06:14] 71aae4dcaf3044769acf843781d6c41b	 200 0ms GET /json
[38;5;6m INFO[0m [04:06:14] 9429e19563fe47e487f029daafa1290d	 200 0ms GET /json
[38;5;6m INFO[0m [04:06:14] 041e52430c3449b8a78d766f97fc8b7a	 200 0ms GET /json
[38;5;6m INFO[0m [04:06:14] 11c87d117ae34f5e959aebefab232df5	 200 0ms GET /json
[38;5;6m INFO[0m [04:06:14] 6b6749d50ec9432eae8292a1b8dba3ad	 200 0ms GET /json
[38;5;6m INFO[0m [04:06:14] 1cc2650949374df8abed6636b3beef67	 200 0ms GET /json
[38;5;6m INFO[0m [04:06:14] f410360e7bff4e0aa1543adef461c65e	 200 0ms GET /json
[38;5;6m INFO[0m [04:06:14] 861b1293ad494764907d542a0005132c	 200 0ms GET /json
[38;5;6m INFO[0m [04:06:14] 811754108dff44fc9093d5476a03c16e	 200 0ms GET /json
[38;5;6m INFO[0m [04:06:14] 567a27cca3184111aa677e047acc50a7	 200 0ms GET /json
[38;5;6m INFO[0m [04:06:14] 64b8984978024c8bb5cac21d6942c124	 200 0ms GET /json
[38;5;6m INFO[0m [04:06:14] 28e14cdf00164cb58dce80790913657f	 200 0ms GET /json
[38;5;6m INFO[0m [04:06:14] 03ad1c074f3d406aa1d3e7a5fec7955b	 200 0ms GET /json
[38;5;6m INFO[0m [04:06:14] 3203c06c36424b3dad991fa0c14be55c	 200 0ms GET /json
[38;5;6m INFO[0m [04:06:14] 56a705f3fb534452b1fe11c0194e1b71	 200 0ms GET /json
[38;5;6m INFO[0m [04:06:14] b41bdc9521a64b4c8f017f8f67308404	 200 0ms GET /json
[38;5;6m INFO[0m [04:06:14] 5a09eeba95e54f08a633a771363ff9dd	 200 0ms GET /json
[38;5;6m INFO[0m [04:06:14] 1af67f50b3c04773820a7de3e73e6154	 200 0ms GET /json
[38;5;6m INFO[0m [04:06:14] 63f2f825084f43f9957f130a715f72fa	 200 0ms GET /json
[38;5;6m INFO[0m [04:06:14] 97b9ca3d34454ab59cce73e321790425	 200 0ms GET /json
[38;5;6m INFO[0m [04:06:14] 3a85dd39adbd42d38b66050c1683937a	 200 0ms GET /json
[38;5;6m INFO[0m [04:06:14] faa3e224ca9046d3af72ea98e526f202	 200 0ms GET /json
[38;5;6m INFO[0m [04:06:14] 8df59e92ecd148279ce27bbeb3e965c4	 200 0ms GET /json
[38;5;6m INFO[0m [04:06:14] 22fa2fb3a517481f84d33c5798373aba	 200 0ms GET /json
[38;5;6m INFO[0m [04:06:14] eb48dfe0beef4f018f253bd45553efad	 200 0ms GET /json
[38;5;6m INFO[0m [04:06:14] 0e28eb6595334677b08f1f19c5a7848e	 200 0ms GET /json
[38;5;6m INFO[0m [04:06:14] 8c586276d4444ee3a699815407a35313	 200 0ms GET /json
[38;5;6m INFO[0m [04:06:14] faa8d48f69964484b20c4904ce325c8c	 200 0ms GET /json
[38;5;6m INFO[0m [04:06:14] 2fc888ebdf3a40358ba1c18d39930b0e	 200 0ms GET /json
[38;5;6m INFO[0m [04:06:14] 8f5fdf8a09274544a8c31ed60dc7659d	 200 0ms GET /json
[38;5;6m INFO[0m [04:06:14] b6e552a23c28447da53ae1b908e1bedf	 200 0ms GET /json
[38;5;6m INFO[0m [04:06:14] 0b30f863221f4b298a60d386a1915745	 200 0ms GET /json
[38;5;6m INFO[0m [04:06:14] 62099c3823b34e8691ce2dda715012a6	 200 0ms GET /json
[38;5;6m INFO[0m [04:06:14] 86d0f0ac35a74812afc1bdefaa3c4967	 200 0ms GET /json
[38;5;6m INFO[0m [04:06:14] 4b3faf4850b0418aae4e71bd4d982218	 200 0ms GET /json
[38;5;6m INFO[0m [04:06:14] 41bee61a96b9423b83c566d2e6fb848e	 200 0ms GET /json
[38;5;6m INFO[0m [04:06:14] ef39b5bf0ad44b8cbe9bb69d338d9162	 200 0ms GET /json
[38;5;6m INFO[0m [04:06:14] e459c7185dbb410d8857eb188d37990f	 200 0ms GET /json
[38;5;6m INFO[0m [04:06:14] 1e9d3569fce34dbd8431e87cd41d0578	 200 0ms GET /json
[38;5;6m INFO[0m [04:06:14] 7f2b508149894439996d2be631267086	 200 0ms GET /json
[38;5;6m INFO[0m [04:06:14] f8845e70a17b4d63a9d5161c4c898d27	 200 0ms GET /json
[38;5;6m INFO[0m [04:06:14] d01738a0d38547d5b428b3e88c3406c5	 200 0ms GET /json
[38;5;6m INFO[0m [04:06:14] 39461822317a437daa32c83890254a57	 200 0ms GET /json
[38;5;6m INFO[0m [04:06:14] fb752b119fe242c8acdbca04d6b59427	 200 0ms GET /json
[38;5;6m INFO[0m [04:06:14] 9396b5b272dd4ebd92da664680691f79	 200 0ms GET /json
[38;5;6m INFO[0m [04:06:14] 1154eed7f93742a99a6bb3778be8efa3	 200 0ms GET /json
[38;5;6m INFO[0m [04:06:14] a08d4b587d2048309e5c3be7619ae19e	 200 0ms GET /json
[38;5;6m INFO[0m [04:06:14] 478fd4c2b5e444bb8dcd1cc0182003cc	 200 0ms GET /json
[38;5;6m INFO[0m [04:06:14] adc74b48c0d0407e9034cf03892aca76	 200 0ms GET /json
[38;5;6m INFO[0m [04:06:14] cd844ec512754db0aff5733cc2c12ee5	 200 0ms GET /json
[38;5;6m INFO[0m [04:06:14] 1876eb523ce14b4595493fd42cde186a	 200 0ms GET /json
[38;5;6m INFO[0m [04:06:14] 2d4cfc0e709b4d7e94522f4c774c27f8	 200 0ms GET /json
[38;5;6m INFO[0m [04:06:14] a026777272c449dc9f27732465a59694	 200 0ms GET /json
[38;5;6m INFO[0m [04:06:14] b12f68d57b1246eeb66911e13520d3c0	 200 0ms GET /json
[38;5;6m INFO[0m [04:06:14] ce6aa4b94a1e4ab3b565c1813a344e02	 200 0ms GET /json
[38;5;6m INFO[0m [04:06:14] 23a818f9c5d740a8a398c6d5c602ada4	 200 0ms GET /json
[38;5;6m INFO[0m [04:06:14] 755ab5521f43448db2e689cf77515db8	 200 0ms GET /json
[38;5;6m INFO[0m [04:06:14] ac2f989d8393441496e5226be1181880	 200 0ms GET /json
[38;5;6m INFO[0m [04:06:14] da4a0b483e26431baade968bbf0a9e41	 200 0ms GET /json
[38;5;6m INFO[0m [04:06:14] 95ddcf42686a4e09b17a73638a21e29a	 200 0ms GET /json
[38;5;6m INFO[0m [04:06:14] 1ffc707f9ac943c482a9e255f8b502cc	 200 0ms GET /json
[38;5;6m INFO[0m [04:06:14] 8c58502d2e064a119812dc452eabe0ee	 200 0ms GET /json
[38;5;6m INFO[0m [04:06:14] f927a4842c2a433aa7e53417d36f519a	 200 0ms GET /json
[38;5;6m INFO[0m [04:06:14] ba80facbad534e379572ad080fb4e946	 200 0ms GET /json
[38;5;6m INFO[0m [04:06:14] 45f52128d8f447ed8cf467fb762a9d0b	 200 0ms GET /json
[38;5;6m INFO[0m [04:06:14] 6356d2f74f8046de99a02f823135711f	 200 0ms GET /json
[38;5;6m INFO[0m [04:06:14] 0998f9c2809e49a3b386b9ac2a1747b5	 200 0ms GET /json
[38;5;6m INFO[0m [04:06:14] 8ab48be396f44585bf2a1b41bcb9c8a8	 200 0ms GET /json
[38;5;6m INFO[0m [04:06:14] 129d128eff994ed0b2ebe4ef80a4d9ae	 200 0ms GET /json
[38;5;6m INFO[0m [04:06:14] ff58008703c84dd8bbc2354aac7f9299	 200 0ms GET /json
[38;5;6m INFO[0m [04:06:14] 0fc331c49575467ea0d612f4d2412cad	 200 0ms GET /json
[38;5;6m INFO[0m [04:06:14] ea65de735a884a07bd0e6182e567e237	 200 0ms GET /json
[38;5;6m INFO[0m [04:06:14] 2dc61de35720497dbe6c61bc4584ad42	 200 0ms GET /json
[38;5;6m INFO[0m [04:06:14] 6071ea0a1b564c42b405f3e462987119	 200 0ms GET /json
[38;5;6m INFO[0m [04:06:14] c440770c0b104936b7ff7d39f3397a3f	 200 0ms GET /json
[38;5;6m INFO[0m [04:06:14] da74ed0579e54b1c940a04f2c2ec29da	 200 0ms GET /json
[38;5;6m INFO[0m [04:06:14] 2c74841967d640e492b63bd7c394a87a	 200 0ms GET /json
[38;5;6m INFO[0m [04:06:14] 7774a2cea3184d40baa9fceb7893f6c3	 200 0ms GET /json
[38;5;6m INFO[0m [04:06:14] fb6cf80c01474dbaac3a435225c41dd7	 200 0ms GET /json
[38;5;6m INFO[0m [04:06:14] 4395d9a61bd9437cac1d9a2750fad36c	 200 0ms GET /json
[38;5;6m INFO[0m [04:06:14] 74b506bbbf0e459dbe2b702277990e17	 200 0ms GET /json
[38;5;6m INFO[0m [04:06:14] 5778a2fb7fec491db7fd4e8129aee8e2	 200 0ms GET /json
[38;5;6m INFO[0m [04:06:14] 9eb85cb5f0084ad8a30e5bd446da4284	 200 0ms GET /json
[38;5;6m INFO[0m [04:06:14] 21567790f78a482f9e353d3305d0aef6	 200 0ms GET /json
[38;5;6m INFO[0m [04:06:14] 294c5da5461f4a46a940a973ee045d24	 200 0ms GET /json
[38;5;6m INFO[0m [04:06:14] 2953efa54bd94a03898eb50de0fd3166	 200 0ms GET /json
[38;5;6m INFO[0m [04:06:14] 96381448e7b3464c81af46c4397d70a0	 200 0ms GET /json
[38;5;6m INFO[0m [04:06:14] 399eea684f3c444086ad0829d3db5e03	 200 0ms GET /json
[38;5;6m INFO[0m [04:06:14] c537858cf0d8449abc05df3a11b653f0	 200 0ms GET /json
[38;5;6m INFO[0m [04:06:14] fb84d90b929a455eb5cf83071aad3761	 200 0ms GET /json
[38;5;6m INFO[0m [04:06:14] dfea2fcb252a4645b3149604d7d7bf48	 200 0ms GET /json
[38;5;6m INFO[0m [04:06:14] c60148e871bb4264806aa91c76d2a4cf	 200 0ms GET /json
[38;5;6m INFO[0m [04:06:14] f2306c0038fe4122af4fd2966b7df27b	 200 0ms GET /json
[38;5;6m INFO[0m [04:06:14] 0dc7dc7fc49449ce858155481620fcf5	 200 0ms GET /json
[38;5;6m INFO[0m [04:06:14] c0a8cedd7b6d45309f298edfd4a1bd9f	 200 0ms GET /json
[38;5;6m INFO[0m [04:06:14] 01bbf2f917124a90919fdaa63c13824d	 200 0ms GET /json
[38;5;6m INFO[0m [04:06:14] 8f32afd504904df0b7428c6a88caa9f1	 200 0ms GET /json
[38;5;6m INFO[0m [04:06:14] 8ba8f90927b740f9bb2a452b84074fe1	 200 0ms GET /json
[38;5;6m INFO[0m [04:06:14] 12f024a5aafe4045b04ff4c3dcb572e9	 200 0ms GET /json
[38;5;6m INFO[0m [04:06:14] acf5be3b16d34a358d442b7422e15b14	 200 0ms GET /json
[38;5;6m INFO[0m [04:06:14] a31b477440bb458ab51b28d40f4631ef	 200 0ms GET /json
[38;5;6m INFO[0m [04:06:14] 0f05193a56004ed6aebed3bc9584f657	 200 0ms GET /json
[38;5;6m INFO[0m [04:06:14] b2a11578a7b849c2bc2be65d955955ff	 200 0ms GET /json
[38;5;6m INFO[0m [04:06:14] 166a90dbddcd445ba3223f3ad5f48015	 200 0ms GET /json
[38;5;6m INFO[0m [04:06:14] 2d47f7f49c664623b9ce2525ec23fcf3	 200 0ms GET /json
[38;5;6m INFO[0m [04:06:14] 889fe90c28f84336bb302ce2d9784cdd	 200 0ms GET /json
[38;5;6m INFO[0m [04:06:14] 555b142b528d4739ad1e23a54642befb	 200 0ms GET /json
[38;5;6m INFO[0m [04:06:14] c49a35ee135444b5b6ca57165393103f	 200 0ms GET /json
[38;5;6m INFO[0m [04:06:14] efa9527d096d483f9acb4226bab14ebd	 200 0ms GET /json
[38;5;6m INFO[0m [04:06:14] 09758cea1501475bbf54eefeb8c5f9ca	 200 0ms GET /json
[38;5;6m INFO[0m [04:06:14] d1c544fadc5d4e89934d03bb931f0d6a	 200 0ms GET /json
[38;5;6m INFO[0m [04:06:14] 221e794dc98f462586c657af6c3ef85d	 200 0ms GET /json
[38;5;6m INFO[0m [04:06:14] 946808e0b582405492ccce16917ae4c3	 200 0ms GET /json
[38;5;6m INFO[0m [04:06:14] 92a991bf8c934a0fa25a1c7005e58e7b	 200 0ms GET /json
[38;5;6m INFO[0m [04:06:14] c75ab7708d74460a998e13ac1f176e21	 200 0ms GET /json
[38;5;6m INFO[0m [04:06:14] 494a5a9b0b444d228f56527ee3399451	 200 0ms GET /json
[38;5;6m INFO[0m [04:06:14] 01d1dcacb7364923b794697c472f6aa0	 200 0ms GET /json
[38;5;6m INFO[0m [04:06:14] 66855f5ada8a45afa793416217a32494	 200 0ms GET /json
[38;5;6m INFO[0m [04:06:14] caa4fa60704848ee9b3a5d392d523edd	 200 0ms GET /json
[38;5;6m INFO[0m [04:06:14] 00a767405cca4a109b8f9649b0dd178d	 200 0ms GET /json
[38;5;6m INFO[0m [04:06:14] eb5f534169f74400ae62a73a011f0429	 200 0ms GET /json
[38;5;6m INFO[0m [04:06:14] 9b31486b666644dc8abc2086de09f9a1	 200 0ms GET /json
[38;5;6m INFO[0m [04:06:14] f43691e4a844474d8e4de58d8a77397e	 200 0ms GET /json
[38;5;6m INFO[0m [04:06:14] e925c2e069cd4b8998215a1e2363181d	 200 0ms GET /json
[38;5;6m INFO[0m [04:06:14] 520b6f5e652a406cac2dc3fc611abe78	 200 0ms GET /json
[38;5;6m INFO[0m [04:06:14] c3992823cc98491395cf5341a3908df4	 200 0ms GET /json
[38;5;6m INFO[0m [04:06:14] d79ec7e881444626b530ed16543bf018	 200 0ms GET /json
[38;5;6m INFO[0m [04:06:14] b4a4813665244f419095eade3b9c2724	 200 0ms GET /json
[38;5;6m INFO[0m [04:06:14] fecce2601a81428d97b53b3f4359f46b	 200 0ms GET /json
[38;5;6m INFO[0m [04:06:14] 258bef6c2f944b17b094c3851428a7f9	 200 0ms GET /json
[38;5;6m INFO[0m [04:06:14] 1f5b4eddba944ed5b855830d77a3ca48	 200 0ms GET /json
[38;5;6m INFO[0m [04:06:14] f140b8fb151649b39c61171e7ded8a05	 200 0ms GET /json
[38;5;6m INFO[0m [04:06:14] 8e66f25eb7eb4a34846f149f5c531d96	 200 0ms GET /json
[38;5;6m INFO[0m [04:06:14] c586587165964bd99e3e51ddf744925d	 200 0ms GET /json
[38;5;6m INFO[0m [04:06:14] 068719745a5c4a88b1e2804ce5f25148	 200 0ms GET /json
[38;5;6m INFO[0m [04:06:14] c7deee4d4b75407f9e3b153289bb085b	 200 0ms GET /json
[38;5;6m INFO[0m [04:06:14] c12e7b8ac11341a98715cd62e60ce3fa	 200 0ms GET /json
[38;5;6m INFO[0m [04:06:14] 93527450d3774a5b9b409b00d0713317	 200 0ms GET /json
[38;5;6m INFO[0m [04:06:14] 4e570fe2a96b4a46b18123dca202e2c5	 200 0ms GET /json
[38;5;6m INFO[0m [04:06:14] 5b6d77193d134a89b0049dc86dfd775d	 200 0ms GET /json
[38;5;6m INFO[0m [04:06:14] 5098ab9e7471413fad115f3d3bb028b4	 200 0ms GET /json
[38;5;6m INFO[0m [04:06:14] 213e6ab36be7450db807e15c0cd91c1e	 200 0ms GET /json
[38;5;6m INFO[0m [04:06:14] 441185e685024a21b69f7bf13f1555a2	 200 0ms GET /json
[38;5;6m INFO[0m [04:06:14] 409208ccc67e4576bbd904c609b72f4c	 200 0ms GET /json
[38;5;6m INFO[0m [04:06:14] 7f128ad43c154d2bb09e4d3c800ee6e2	 200 0ms GET /json
[38;5;6m INFO[0m [04:06:14] 04be207c117440708fdb2613c15e344e	 200 0ms GET /json
[38;5;6m INFO[0m [04:06:14] 1eef1ed6d0f447148c5bd256e085bdd3	 200 0ms GET /json
[38;5;6m INFO[0m [04:06:14] 300067547fd6431a81aa371213bd5d61	 200 0ms GET /json
[38;5;6m INFO[0m [04:06:14] 206ca8c206674f61ad712475c4686ba3	 200 0ms GET /json
[38;5;6m INFO[0m [04:06:14] 4cb63742e55243f0861536bc60f8176c	 200 0ms GET /json
[38;5;6m INFO[0m [04:06:14] 43f572bebfc545608efbc9adf3645b8e	 200 0ms GET /json
[38;5;6m INFO[0m [04:06:14] 7a45ca703f0145cc8ab3b93715c98d6e	 200 0ms GET /json
[38;5;6m INFO[0m [04:06:14] 25e6b001fea5447f8bd08720e7ab2515	 200 0ms GET /json
[38;5;6m INFO[0m [04:06:14] b1cd2fc94a244a74a866efbe18323ba5	 200 0ms GET /json
[38;5;6m INFO[0m [04:06:14] e8e541db1a3744e9a4ca74627086aa86	 200 0ms GET /json
[38;5;6m INFO[0m [04:06:14] f1511caa42fd4b878b4fbe49e9de7dc7	 200 0ms GET /json
[38;5;6m INFO[0m [04:06:14] c78d48de0d7549e9ad6991a86aeb9b53	 200 0ms GET /json
[38;5;6m INFO[0m [04:06:14] c02ace8ed0d943c6943fb4a178d7fac9	 200 0ms GET /json
[38;5;6m INFO[0m [04:06:14] 5ce983927e684d988cd6ca91999ad61a	 200 0ms GET /json
[38;5;6m INFO[0m [04:06:14] 3778fb6bc95f471f9279289ab2f6bed3	 200 0ms GET /json
[38;5;6m INFO[0m [04:06:14] cd64ee0f8da14a7fabe0fa42ec3da7fa	 200 0ms GET /json
[38;5;6m INFO[0m [04:06:14] 547ce7a56c2548ff94ee0880eb495887	 200 0ms GET /json
[38;5;6m INFO[0m [04:06:14] 8c44ba7fcc394e20acbaf8e2d33d4c03	 200 0ms GET /json
[38;5;6m INFO[0m [04:06:14] 391e794daf5e40d6abd0b78406cd9e23	 200 0ms GET /json
[38;5;6m INFO[0m [04:06:14] abe719e5abea4169ae8a626a50932f14	 200 0ms GET /json
[38;5;6m INFO[0m [04:06:14] a05d7e8b071b49ceb9e3d7219816d945	 200 0ms GET /json
[38;5;6m INFO[0m [04:06:14] 150ea539e7de4057bba30848a125b086	 200 0ms GET /json
[38;5;6m INFO[0m [04:06:14] c4ee6027f0dd4133bbd53ffda6967dbd	 200 0ms GET /json
[38;5;6m INFO[0m [04:06:14] 30dba2d299b8483f99b374783c39798e	 200 0ms GET /json
[38;5;6m INFO[0m [04:06:14] eb2f2a6eea6f4e60ba8508da0a932203	 200 0ms GET /json
[38;5;6m INFO[0m [04:06:14] 9c52fd6f649240339daff4272bf39afa	 200 0ms GET /json
[38;5;6m INFO[0m [04:06:14] 2f1d536b8b35410abe6584a1b2cb71d5	 200 0ms GET /json
[38;5;6m INFO[0m [04:06:14] 4c9bcca7bfd7463ab3321398a0c59204	 200 0ms GET /json
[38;5;6m INFO[0m [04:06:14] 0e2394831e8b4e47a26915c90bd2ad58	 200 0ms GET /json
[38;5;6m INFO[0m [04:06:14] f543bc6520ba4bfc9fd90585d0cacfbe	 200 0ms GET /json
[38;5;6m INFO[0m [04:06:14] f479d51ebe7549cb94712af1be7b817f	 200 0ms GET /json
[38;5;6m INFO[0m [04:06:14] 27e0fb348e5943fc9406841b03048f45	 200 0ms GET /json
[38;5;6m INFO[0m [04:06:14] 73e9e3c4b40e466a9d60e684b4a38338	 200 0ms GET /json
[38;5;6m INFO[0m [04:06:14] 815cebcde6504c69b75afc87702a4939	 200 0ms GET /json
[38;5;6m INFO[0m [04:06:14] cb04c8d773e5490781ba6fd653cf7d6b	 200 0ms GET /json
[38;5;6m INFO[0m [04:06:14] 3bbfc0cdbd77480ebf0f426138638715	 200 0ms GET /json
[38;5;6m INFO[0m [04:06:14] e18cf338da2c4fc4a6dcb615881ea096	 200 0ms GET /json
[38;5;6m INFO[0m [04:06:14] f35410cf648c400c9eab7d4fe42fd8fa	 200 0ms GET /json
[38;5;6m INFO[0m [04:06:14] c7419b005f1847c8a627e52a5f562a55	 200 0ms GET /json
[38;5;6m INFO[0m [04:06:14] bb3c94008173451bb8f0d3c8bcfd48c8	 200 0ms GET /json
[38;5;6m INFO[0m [04:06:14] 05f2b71713b24d62b5dcf9311e70f758	 200 0ms GET /json
[38;5;6m INFO[0m [04:06:14] 855c3adee17640948f7a3ad4d979f1c0	 200 0ms GET /json
[38;5;6m INFO[0m [04:06:14] 9f5f334a73b64b3f9257afb9682aa73d	 200 0ms GET /json
[38;5;6m INFO[0m [04:06:14] c6fb433c25364120893e2d6eb8715859	 200 0ms GET /json
[38;5;6m INFO[0m [04:06:14] 5a5e6941bb0749b2bb040b7aaacb22e8	 200 0ms GET /json
[38;5;6m INFO[0m [04:06:14] 71127a966411442fb6935679b8cbda8f	 200 0ms GET /json
[38;5;6m INFO[0m [04:06:14] 0a010c87993346ed8c5d077649f42fae	 200 0ms GET /json
[38;5;6m INFO[0m [04:06:14] e2cdf206557740a185aa9464ad2c0e9c	 200 0ms GET /json
[38;5;6m INFO[0m [04:06:14] b4141cb617874e1784d06f9da2a39556	 200 0ms GET /json
[38;5;6m INFO[0m [04:06:14] 4f93b18944d44b408223c78f62be9ff7	 200 0ms GET /json
[38;5;6m INFO[0m [04:06:14] b824c89c89e74a168b728120f82ae2b4	 200 0ms GET /json
[38;5;6m INFO[0m [04:06:14] 928fdb0a311448d4b0c2ac953dbaa94f	 200 0ms GET /json
[38;5;6m INFO[0m [04:06:14] c4e29c79ef824a0f97bbfa67cf62db98	 200 0ms GET /json
[38;5;6m INFO[0m [04:06:14] 5ecea7ffa611487290e0e0de34160616	 200 0ms GET /json
[38;5;6m INFO[0m [04:06:14] 3fba5ac5f0f0404e9ced283d53b42fd4	 200 0ms GET /json
[38;5;6m INFO[0m [04:06:14] 7bda11846ac14ce488f6cb2d0027d483	 200 0ms GET /json
[38;5;6m INFO[0m [04:06:14] 0af690aba19d4de6871e317e5d82ecf9	 200 0ms GET /json
[38;5;6m INFO[0m [04:06:14] fa3ea5689e83483692b417e6c6ffeee8	 200 0ms GET /json
[38;5;6m INFO[0m [04:06:14] de7dafcdf1d44157a672c329fc1642c2	 200 0ms GET /json
[38;5;6m INFO[0m [04:06:14] 2cfe65259ddc49ab8544b145a9158efb	 200 0ms GET /json
[38;5;6m INFO[0m [04:06:14] 8eb941678d9743c58362e83f3342a167	 200 0ms GET /json
[38;5;6m INFO[0m [04:06:14] 5fe04e4174c2483ea6a39edc9c801e2f	 200 0ms GET /json
[38;5;6m INFO[0m [04:06:14] 71d8013ae3d142829d8c6f49e5897916	 200 0ms GET /json
[38;5;6m INFO[0m [04:06:14] cecf0eb96eed443b8f95dfc4c53ad685	 200 0ms GET /json
[38;5;6m INFO[0m [04:06:14] 21113585db6d4832bef8e00c3670679d	 200 0ms GET /json
[38;5;6m INFO[0m [04:06:14] d66cf589a07d45459265330dbb8a9618	 200 0ms GET /json
[38;5;6m INFO[0m [04:06:14] d8e448f8cca74ee0b9835c9cc0978c53	 200 0ms GET /json
[38;5;6m INFO[0m [04:06:14] 4ad3f6e871214055a51630fa59b26a66	 200 0ms GET /json
[38;5;6m INFO[0m [04:06:14] f320e28f350541ee9e156e01a718f721	 200 0ms GET /json
[38;5;6m INFO[0m [04:06:14] a0cdab640aa04e42aa77ce8aae70ddb8	 200 0ms GET /json
[38;5;6m INFO[0m [04:06:14] d862ab63581145718ff04f1d3ec6b907	 200 0ms GET /json
[38;5;6m INFO[0m [04:06:14] 4df90ef033ff455d99a608273612c72b	 200 0ms GET /json
[38;5;6m INFO[0m [04:06:14] a448e1b7baed4b6a9791494f59daf539	 200 0ms GET /json
[38;5;6m INFO[0m [04:06:14] c20087cfd0134817a6bad0249ced0384	 200 0ms GET /json
[38;5;6m INFO[0m [04:06:14] 7237a92197a64c9b84cabbede3b09e1f	 200 0ms GET /json
[38;5;6m INFO[0m [04:06:14] ba764a73300f431ab13b1dc871ce4e9b	 200 0ms GET /json
[38;5;6m INFO[0m [04:06:14] f1eec040528a4157b78ea0faab188357	 200 0ms GET /json
[38;5;6m INFO[0m [04:06:14] 9a84b9f809de4fa7acc0529c3ae97fdb	 200 0ms GET /json
[38;5;6m INFO[0m [04:06:14] a8ec21d5b7074b228471f6a942b5c958	 200 0ms GET /json
[38;5;6m INFO[0m [04:06:14] e191e85dd0ba4a23b3094def596268d7	 200 0ms GET /json
[38;5;6m INFO[0m [04:06:14] 2eb145c475474f20b3d44c249f8078e0	 200 0ms GET /json
[38;5;6m INFO[0m [04:06:14] 02760e16d80741a5aef49cb556150b3d	 200 0ms GET /json
[38;5;6m INFO[0m [04:06:14] a85ff047cc7e483aa69f80a8473fefeb	 200 0ms GET /json
[38;5;6m INFO[0m [04:06:14] 863460361e3148d1ac143f778f41fc4d	 200 0ms GET /json
[38;5;6m INFO[0m [04:06:14] 329675c098db48d6ac869d5cd62db0b9	 200 0ms GET /json
[38;5;6m INFO[0m [04:06:14] 80f2d644f18440c381020d017bf9b597	 200 0ms GET /json
[38;5;6m INFO[0m [04:06:14] 1f7d6458cdcb4eb781e6122b5def6f27	 200 0ms GET /json
[38;5;6m INFO[0m [04:06:14] 57260e3f50b345e482ef36b60c08d671	 200 0ms GET /json
[38;5;6m INFO[0m [04:06:14] ab83625e73b3447aabf2fd6466e8b1c8	 200 0ms GET /json
[38;5;6m INFO[0m [04:06:14] 51825bdaf6b1447b9f450e7f1899f5d2	 200 0ms GET /json
[38;5;6m INFO[0m [04:06:14] dc070c3a4559476781cf6957ce878a0c	 200 0ms GET /json
[38;5;6m INFO[0m [04:06:14] 0db7cb08dad4490c960d5ad490b51e1a	 200 0ms GET /json
[38;5;6m INFO[0m [04:06:14] 12e4459f7eef4d66b0a1120408bc8a75	 200 0ms GET /json
[38;5;6m INFO[0m [04:06:14] 3e6d320a698d48a0bac172b4731ab81c	 200 0ms GET /json
[38;5;6m INFO[0m [04:06:14] 781dc7fbf1d54440afc6f17882021293	 200 0ms GET /json
[38;5;6m INFO[0m [04:06:14] 8f5c87a6f48e4efebff0d8d17825ff1a	 200 0ms GET /json
[38;5;6m INFO[0m [04:06:14] a98ef372dd5a43e6a72adc76ad6534e9	 200 0ms GET /json
[38;5;6m INFO[0m [04:06:14] 2c9dfad864154ae79c2cc7ae1c89704c	 200 0ms GET /json
[38;5;6m INFO[0m [04:06:14] 8778ddf32d074f6eba28c567a7caf3ab	 200 0ms GET /json
[38;5;6m INFO[0m [04:06:14] 2403a6e0e9f84ee19e22757542d8592c	 200 0ms GET /json
[38;5;6m INFO[0m [04:06:14] b5625bcb24d8431698eafecdf7388fe5	 200 0ms GET /json
[38;5;6m INFO[0m [04:06:14] a5b1dfc58d554c398c1fd993a091e5ae	 200 0ms GET /json
[38;5;6m INFO[0m [04:06:14] a9248e04f3ca4f1d94ed07a5d320463c	 200 0ms GET /json
[38;5;6m INFO[0m [04:06:14] cca7cc779fb84bf9943ae295de3fcbec	 200 0ms GET /json
[38;5;6m INFO[0m [04:06:14] 7513b7a09e664443b5078812c20d1bae	 200 0ms GET /json
[38;5;6m INFO[0m [04:06:14] 1ba2bdd2bf214514b82f7b58d673c986	 200 0ms GET /json
[38;5;6m INFO[0m [04:06:14] 2ec9ae48d38540dca8f8d69328ebdea4	 200 0ms GET /json
[38;5;6m INFO[0m [04:06:14] ff5907f7805e46ff892d7061a10119fa	 200 0ms GET /json
[38;5;6m INFO[0m [04:06:14] b4cd853ea2f54a2bb13e068f352a7f08	 200 0ms GET /json
[38;5;6m INFO[0m [04:06:14] 5a6e8322308b49f5833dd5adb77bad87	 200 0ms GET /json
[38;5;6m INFO[0m [04:06:14] f73864b9278141aaa0d64df6b4ec1566	 200 0ms GET /json
[38;5;6m INFO[0m [04:06:14] cca61cfad28f4542bb655dbbb300e203	 200 0ms GET /json
[38;5;6m INFO[0m [04:06:14] 5b34a7aaa3e446c2b107dfc5490bb756	 200 0ms GET /json
[38;5;6m INFO[0m [04:06:14] 018927347a5b4cc6b568d8d079db13e9	 200 0ms GET /json
[38;5;6m INFO[0m [04:06:14] 2c8f09b262b641a8aea078701c82b331	 200 0ms GET /json
[38;5;6m INFO[0m [04:06:14] 78a6700e1d284c97abc702c1a1eac0a4	 200 0ms GET /json
[38;5;6m INFO[0m [04:06:14] ed022b19f834405e9ac1353abef26258	 200 0ms GET /json
[38;5;6m INFO[0m [04:06:14] 30347fece16a46a6931cbe9ae3d45f76	 200 0ms GET /json
[38;5;6m INFO[0m [04:06:14] 56ff28819a8d4c42bf2b0e630866c4eb	 200 0ms GET /json
[38;5;6m INFO[0m [04:06:14] 77160b660a9f402f8f181a1a4e088445	 200 0ms GET /json
[38;5;6m INFO[0m [04:06:14] e47b5a03a4d94f63a0b94a2a986c2e35	 200 0ms GET /json
[38;5;6m INFO[0m [04:06:14] b1e68580ef974c239764ae1b28a871fa	 200 0ms GET /json
[38;5;6m INFO[0m [04:06:14] fd2147a6dbea42b98091ef623ea920ff	 200 0ms GET /json
[38;5;6m INFO[0m [04:06:14] c23890a98c5b4f0698263743b1e75bd7	 200 0ms GET /json
[38;5;6m INFO[0m [04:06:14] 28edf6623c684fd2a89597e3b400386a	 200 0ms GET /json
[38;5;6m INFO[0m [04:06:14] 708052089982464084ecd03b43f9a16c	 200 0ms GET /json
[38;5;6m INFO[0m [04:06:14] 65d15b99281d4893a7a88024cd07d383	 200 0ms GET /json
[38;5;6m INFO[0m [04:06:14] ec59bdc9aa8445808b44d5534f4bbd68	 200 0ms GET /json
[38;5;6m INFO[0m [04:06:14] 480d91ca4f4149a19ef8f4f39d0a4043	 200 0ms GET /json
[38;5;6m INFO[0m [04:06:14] 2d216d7d247445f2902f9fa8fcaf904b	 200 0ms GET /json
[38;5;6m INFO[0m [04:06:14] 5a28435a44a445a9993fe0d77d15a40d	 200 0ms GET /json
[38;5;6m INFO[0m [04:06:14] 150784c1c9034eebaa76d98bedd277e0	 200 0ms GET /json
[38;5;6m INFO[0m [04:06:14] 6902ee541e2a4b688eabbcd3721c4c09	 200 0ms GET /json
[38;5;6m INFO[0m [04:06:14] 8e3558e501114a2c8eb56448460c5033	 200 0ms GET /json
[38;5;6m INFO[0m [04:06:14] 5049cb7a9f304c30bc34dec2c052474b	 200 0ms GET /json
[38;5;6m INFO[0m [04:06:14] 36c6007213874a058f8fcc5b94683cb6	 200 0ms GET /json
[38;5;6m INFO[0m [04:06:14] 63afddb1a032463385535e8d7165a78c	 200 0ms GET /json
[38;5;6m INFO[0m [04:06:14] 98be599e5b04455e9bf4e3fe1560cfcf	 200 0ms GET /json
[38;5;6m INFO[0m [04:06:14] a9e408ff30234c9cad99bbb6ba128069	 200 0ms GET /json
[38;5;6m INFO[0m [04:06:14] 8ac784552756405e89b7a689a7e14567	 200 0ms GET /json
[38;5;6m INFO[0m [04:06:14] cb02d972dbde4e0aaecb289634f6d54e	 200 0ms GET /json
[38;5;6m INFO[0m [04:06:14] e19e62697802423a858e2db2f7c1873a	 200 0ms GET /json
[38;5;6m INFO[0m [04:06:14] f73efa710daf4b26a97fac58a915d3f8	 200 0ms GET /json
[38;5;6m INFO[0m [04:06:14] 3ab1c7ecc124420bae1ac8417341777a	 200 0ms GET /json
[38;5;6m INFO[0m [04:06:14] 9b185af203134ab0b08050f67dc04780	 200 0ms GET /json
[38;5;6m INFO[0m [04:06:14] f78eba5592ea445ba346b275e629a886	 200 0ms GET /json
[38;5;6m INFO[0m [04:06:14] 77a891bc95254735861da3a73b13abc7	 200 0ms GET /json
[38;5;6m INFO[0m [04:06:14] 9aee6637f4b04a1f9ae53bac8b8bafdd	 200 0ms GET /json
[38;5;6m INFO[0m [04:06:14] 2a3b730b3a1f47238e18bd0969ac3352	 200 0ms GET /json
[38;5;6m INFO[0m [04:06:14] ddf1f694e2584e6aae9847018241e102	 200 0ms GET /json
[38;5;6m INFO[0m [04:06:16] c9d7db6590f24ab69506c23b3ffc6b1b	 200 0ms GET /json
[38;5;6m INFO[0m [04:06:16] 634a112cdf264f44a8169916602c8eeb	 200 0ms GET /json
[38;5;6m INFO[0m [04:06:16] aa8908a2cd6049cda391997aae49bad4	 200 0ms GET /json
[38;5;6m INFO[0m [04:06:16] 0e152efe0b834e99b7ba044a3a98d7c1	 200 0ms GET /json
[38;5;6m INFO[0m [04:06:16] ef0e1bcbbc6e46d8a149c7cef687a697	 200 0ms GET /json
[38;5;6m INFO[0m [04:06:16] aacfe127ccf44b10bfe2dcf882ec7bdb	 200 0ms GET /json
[38;5;6m INFO[0m [04:06:16] 7f80b979bf5e4859917067dae97359e3	 200 0ms GET /json
[38;5;6m INFO[0m [04:06:16] 9f546a4d420045589147832d2749373b	 200 0ms GET /json
[38;5;6m INFO[0m [04:06:16] 83d72991b1e14bdd94c665ff74490f01	 200 0ms GET /json
[38;5;6m INFO[0m [04:06:16] 7b627d6e456f4dcc93f8948dd4c254ba	 200 0ms GET /json
[38;5;6m INFO[0m [04:06:16] 671b67f99504475ab61b873ef1a16c41	 200 0ms GET /json
[38;5;6m INFO[0m [04:06:16] 00fd2c2ed5454c98949c1be0ee1cf889	 200 0ms GET /json
[38;5;6m INFO[0m [04:06:16] deb1e656126841babd63d702ba90eb1d	 200 0ms GET /json
[38;5;6m INFO[0m [04:06:16] addcffc7e524449391b651685795fe38	 200 0ms GET /json
[38;5;6m INFO[0m [04:06:16] 16074bc3bf48414494246d2a11e11df1	 200 0ms GET /json
[38;5;6m INFO[0m [04:06:16] 64f3679f71844b1d96824ce06117c11d	 200 0ms GET /json
[38;5;6m INFO[0m [04:06:16] b14ed3efbf7047338e7588ab63b7ba8c	 200 0ms GET /json
[38;5;6m INFO[0m [04:06:16] aab3e3470409447bb038ac0eba6841c4	 200 0ms GET /json
[38;5;6m INFO[0m [04:06:16] 2cd3d70f63b64cc8b70e00912570172f	 200 0ms GET /json
[38;5;6m INFO[0m [04:06:16] 4843d7face844b77af28286b697bd4a6	 200 0ms GET /json
[38;5;6m INFO[0m [04:06:16] 53a6981591f9496ba996fb1aacee2756	 200 0ms GET /json
[38;5;6m INFO[0m [04:06:16] 3a27123e388a47a09fdbf5cface4ad92	 200 0ms GET /json
[38;5;6m INFO[0m [04:06:16] a9d72dbed66b403c97eb0c0b792e546a	 200 0ms GET /json
[38;5;6m INFO[0m [04:06:16] 39e300845a9346e888722b7aa4cd8f72	 200 0ms GET /json
[38;5;6m INFO[0m [04:06:16] e524918264cf4f55b4a6c50253111e48	 200 0ms GET /json
[38;5;6m INFO[0m [04:06:16] 57a71c0da3894040be8c39e8099f0540	 200 0ms GET /json
[38;5;6m INFO[0m [04:06:16] 11337712c2394f3bb4c29647a3d6c676	 200 0ms GET /json
[38;5;6m INFO[0m [04:06:16] 065bc36478b348c384bf3a1b866a9f94	 200 0ms GET /json
[38;5;6m INFO[0m [04:06:16] 74b9a79d9d06488fa1f0627729c6588a	 200 0ms GET /json
[38;5;6m INFO[0m [04:06:16] 090af98cc08c41e9a7dca031de3ceb4d	 200 0ms GET /json
[38;5;6m INFO[0m [04:06:16] a61e4734090f42ba87384257a6360c47	 200 0ms GET /json
[38;5;6m INFO[0m [04:06:16] 1f7e881ebf1e487a8d5e227c5a1a92ce	 200 0ms GET /json
[38;5;6m INFO[0m [04:06:16] c0fd345eafad403fb4a3825f9a84cbb0	 200 0ms GET /json
[38;5;6m INFO[0m [04:06:16] c0106a9260fe41b38f786bb47222b360	 200 0ms GET /json
[38;5;6m INFO[0m [04:06:16] bbacad18bab9459abe172cfbbe182d2f	 200 0ms GET /json
[38;5;6m INFO[0m [04:06:16] 3d4087a853bd4e00a40b5c19ce6e3421	 200 0ms GET /json
[38;5;6m INFO[0m [04:06:16] 341f642ebd5747fbaa37b34e5b257e75	 200 0ms GET /json
[38;5;6m INFO[0m [04:06:16] 18fd460756d448f1bee53d318e1994dd	 200 0ms GET /json
[38;5;6m INFO[0m [04:06:16] b0103dedb4344d89a061acf7b3daf9cd	 200 0ms GET /json
[38;5;6m INFO[0m [04:06:16] 496d065d3b6a440a904711c2c2b79eee	 200 0ms GET /json
[38;5;6m INFO[0m [04:06:16] bc58f53a330d4ff0908ef7cf83278020	 200 0ms GET /json
[38;5;6m INFO[0m [04:06:16] 0db5c669fc164c8e82f6b0bb9294ebd8	 200 0ms GET /json
[38;5;6m INFO[0m [04:06:16] 010f47a5615d4380a9a50138e298f4aa	 200 0ms GET /json
[38;5;6m INFO[0m [04:06:16] be18b466651d4cdeb8f5973a8a2d19e8	 200 0ms GET /json
[38;5;6m INFO[0m [04:06:16] 0c414e7134fc48dfa98a20077cd851aa	 200 0ms GET /json
[38;5;6m INFO[0m [04:06:16] ed8d94ea8cd24c2f890aef3df010df6a	 200 0ms GET /json
[38;5;6m INFO[0m [04:06:16] 6b41fae4d4a647099473c7dabcea73d4	 200 0ms GET /json
[38;5;6m INFO[0m [04:06:16] 771b098299764f109d8f3be9635b1b74	 200 0ms GET /json
[38;5;6m INFO[0m [04:06:16] 4091c4e35901486b89d1b93e97923468	 200 0ms GET /json
[38;5;6m INFO[0m [04:06:16] 220267b4ad0b463b94fa2a1d50d4e7dd	 200 0ms GET /json
[38;5;6m INFO[0m [04:06:16] 784d9449ba044ac6acaa9fa5bb54b1ac	 200 0ms GET /json
[38;5;6m INFO[0m [04:06:16] 8fdde0c00b2d4dbd8d21c38731e9ca23	 200 0ms GET /json
[38;5;6m INFO[0m [04:06:16] 5eb7b5d0d3df4a24b5c2d19b5330a3e3	 200 0ms GET /json
[38;5;6m INFO[0m [04:06:16] b6b5bfc7fe7249309c06c76c7ec42889	 200 0ms GET /json
[38;5;6m INFO[0m [04:06:16] e083d096d8cb490998cf27d82f1da057	 200 0ms GET /json
[38;5;6m INFO[0m [04:06:16] 81fd9549913444e18841d4aac6993d8c	 200 0ms GET /json
[38;5;6m INFO[0m [04:06:16] c536979fdc184b6e92d29c4584a7a79d	 200 0ms GET /json
[38;5;6m INFO[0m [04:06:16] 56d80ec96b814cd891192f0a93abf082	 200 0ms GET /json
[38;5;6m INFO[0m [04:06:16] 71f802f76ed747109571a3a56b6fbec3	 200 0ms GET /json
[38;5;6m INFO[0m [04:06:16] 83aa833e7e0843f6a54786539bae0e7e	 200 0ms GET /json
[38;5;6m INFO[0m [04:06:16] 8d950544d1a44ff186f8c27c115d2cfd	 200 0ms GET /json
[38;5;6m INFO[0m [04:06:16] 2ca47b878530411090c04394081e1dd9	 200 0ms GET /json
[38;5;6m INFO[0m [04:06:16] f2e4ecfb6f76422dafb3c4d2dcce2f99	 200 0ms GET /json
[38;5;6m INFO[0m [04:06:16] 2df4d83339444df7a827fd45ed11354b	 200 0ms GET /json
[38;5;6m INFO[0m [04:06:16] 7888b434adb44bd8ba27f56f8274ced8	 200 0ms GET /json
[38;5;6m INFO[0m [04:06:16] f42089eda0414a61b89a81703a5bbf9d	 200 0ms GET /json
[38;5;6m INFO[0m [04:06:16] 8d5bd31a11634bd3999a683213c4e7b6	 200 0ms GET /json
[38;5;6m INFO[0m [04:06:16] 906ea36058264d21bfa5f44c8eef74ee	 200 0ms GET /json
[38;5;6m INFO[0m [04:06:16] eca8f9271bb149be8d876e4282402531	 200 0ms GET /json
[38;5;6m INFO[0m [04:06:16] 55dbc1ba28e8499eb2e02c71c8be2e5b	 200 0ms GET /json
[38;5;6m INFO[0m [04:06:16] 7431d74af59e413d830d42ddd1a528e0	 200 0ms GET /json
[38;5;6m INFO[0m [04:06:16] 13dc9400aeb9467793b37b4a1040b437	 200 0ms GET /json
[38;5;6m INFO[0m [04:06:16] 97711902d0254ad585d52244eb3aa6cc	 200 0ms GET /json
[38;5;6m INFO[0m [04:06:16] 5eb74fd1718b41c4902953d5e2395bf2	 200 0ms GET /json
[38;5;6m INFO[0m [04:06:16] c85ba0f4b9b74ef083e7e06747ba35d0	 200 0ms GET /json
[38;5;6m INFO[0m [04:06:16] 04671e6c6cb04901a6f5480f9e158773	 200 0ms GET /json
[38;5;6m INFO[0m [04:06:16] 1b27a04ff35146498c7486ece9523cb3	 200 0ms GET /json
[38;5;6m INFO[0m [04:06:16] c0a039a770ca44aaafacce903242c70b	 200 0ms GET /json
[38;5;6m INFO[0m [04:06:16] 865eb927e47b4cad96d02b0e72503675	 200 0ms GET /json
[38;5;6m INFO[0m [04:06:16] 32afa71d1e7946dca34fdfdd63c8aaf1	 200 0ms GET /json
[38;5;6m INFO[0m [04:06:16] 95317f286f7445109d6315564cc1f98e	 200 0ms GET /json
[38;5;6m INFO[0m [04:06:16] 9756c32f7b414d00896ad396c2877287	 200 0ms GET /json
[38;5;6m INFO[0m [04:06:16] d167281bf01947be88c59dda98e337e3	 200 0ms GET /json
[38;5;6m INFO[0m [04:06:16] a280cc1e8e644b098355ebe582bffad8	 200 0ms GET /json
[38;5;6m INFO[0m [04:06:16] 1fc45dba9c934d12b502b7d0bc7826cf	 200 0ms GET /json
[38;5;6m INFO[0m [04:06:16] 8a3985df3c3e46c5913bdcabe5720127	 200 0ms GET /json
[38;5;6m INFO[0m [04:06:16] 7885ac35bb7941af875fdb591b2d78a0	 200 0ms GET /json
[38;5;6m INFO[0m [04:06:16] daaa30d21d54474485cbd103c91a94e1	 200 0ms GET /json
[38;5;6m INFO[0m [04:06:16] aff0272bfe5840b6817761d3f6bd8a82	 200 0ms GET /json
[38;5;6m INFO[0m [04:06:16] ef4fe2cce7024e259fa9acc28bc19f3b	 200 0ms GET /json
[38;5;6m INFO[0m [04:06:16] dd17dc7b54114f26afb03c2c6dd52c0e	 200 0ms GET /json
[38;5;6m INFO[0m [04:06:16] de5f26d70fc94fa88ce29c3487b50dba	 200 0ms GET /json
[38;5;6m INFO[0m [04:06:16] e61d21a20fc4449794044b640f95c645	 200 0ms GET /json
[38;5;6m INFO[0m [04:06:16] 7a06605fd89b4ea7990747545809a09d	 200 0ms GET /json
[38;5;6m INFO[0m [04:06:16] 6f5aa65ef4974298ae4f0a6100a3f91d	 200 0ms GET /json
[38;5;6m INFO[0m [04:06:16] d7d556aec2704d4698e4299ab1264929	 200 0ms GET /json
[38;5;6m INFO[0m [04:06:16] 8eac7ad2512742a0809315894dd45f10	 200 0ms GET /json
[38;5;6m INFO[0m [04:06:16] c31410e7be5c4a7fb305b771771b8fac	 200 0ms GET /json
[38;5;6m INFO[0m [04:06:16] d05fe7ca61c849078f17393dc0ad2382	 200 0ms GET /json
[38;5;6m INFO[0m [04:06:16] 274bfbc3842249f68acdb99515ea2853	 200 0ms GET /json
[38;5;6m INFO[0m [04:06:18] 01c42b293ba6416892e9083804fdf58d	 200 0ms GET /json
[38;5;6m INFO[0m [04:06:18] fc6d35b8ca364cbfa54bc02c312626fa	 200 0ms GET /json
[38;5;6m INFO[0m [04:06:18] a53b2a6e588441c79acc18348b7843ab	 200 0ms GET /json
[38;5;6m INFO[0m [04:06:18] de3e5ba4cd28425e8caa89a92aa60c0a	 200 0ms GET /json
[38;5;6m INFO[0m [04:06:18] 163dc651354545ed9423baf56ec17678	 200 0ms GET /json
[38;5;6m INFO[0m [04:06:18] 2782b401abfc436f87907eea17b3c9dd	 200 0ms GET /json
[38;5;6m INFO[0m [04:06:18] 72148724443440a6874713edbf72ec1a	 200 0ms GET /json
[38;5;6m INFO[0m [04:06:18] dfb6d23b990d4c6fa801f452760a2fab	 200 0ms GET /json
[38;5;6m INFO[0m [04:06:18] 38e3425f45f344e5b8a3d1080b069d10	 200 0ms GET /json
[38;5;6m INFO[0m [04:06:18] 084a9089a5e34edaaedea9fb9fc33313	 200 0ms GET /json
[38;5;6m INFO[0m [04:06:18] ec1f3774acea40699b4df32b3fa73c7c	 200 0ms GET /json
[38;5;6m INFO[0m [04:06:18] b6dd49af5dc24f0e9e445ddbbe64d84b	 200 0ms GET /json
[38;5;6m INFO[0m [04:06:18] 87026b750f424628b90b5e50f60c0f7f	 200 0ms GET /json
[38;5;6m INFO[0m [04:06:18] 3c4bd921c4a84c36937a97f947a1bb60	 200 0ms GET /json
[38;5;6m INFO[0m [04:06:18] c828060831ea492faa566cfe84c36ae7	 200 0ms GET /json
[38;5;6m INFO[0m [04:06:18] 3efe1d1c171d401f8f827470a3356944	 200 0ms GET /json
[38;5;6m INFO[0m [04:06:18] 81afac409fed4e6f84ceca2a4d3a36b4	 200 0ms GET /json
[38;5;6m INFO[0m [04:06:18] a8e0a4590f674504be7c490907ff2deb	 200 0ms GET /json
[38;5;6m INFO[0m [04:06:18] 8507e42ac5634bf0a2bedb26c857d3c6	 200 0ms GET /json
[38;5;6m INFO[0m [04:06:18] 0fe351ccb352492ca2a1aea332711beb	 200 0ms GET /json
[38;5;6m INFO[0m [04:06:18] 98284a86026247639729324f3ab3ea61	 200 0ms GET /json
[38;5;6m INFO[0m [04:06:18] cef39cec8d24435b9181a4ea43ecbf1e	 200 0ms GET /json
[38;5;6m INFO[0m [04:06:18] e46cc3624c83450f9327ef256a8ddb38	 200 0ms GET /json
[38;5;6m INFO[0m [04:06:18] 75e3b13c90cc4c698ac4afa6c449cfa6	 200 0ms GET /json
[38;5;6m INFO[0m [04:06:18] 8a83e3a431924bfc88fc0d47b3e07141	 200 0ms GET /json
[38;5;6m INFO[0m [04:06:18] 5b48a6adf485418eb379fd18bca8520e	 200 0ms GET /json
[38;5;6m INFO[0m [04:06:18] f3df6e034e8040fe82f7179f06357e99	 200 0ms GET /json
[38;5;6m INFO[0m [04:06:18] 74909642877a4658b1b43a2e020a49a1	 200 0ms GET /json
[38;5;6m INFO[0m [04:06:18] 3b58ecd5e1674256bcf118f85f088c22	 200 0ms GET /json
[38;5;6m INFO[0m [04:06:18] 9ab330d882fe4ae7824949fd7624b719	 200 0ms GET /json
[38;5;6m INFO[0m [04:06:18] ca80c70f6eed48e78d97311b4ce53c0c	 200 0ms GET /json
[38;5;6m INFO[0m [04:06:18] a0016dda90ec470ebfb33584c635a64c	 200 0ms GET /json
[38;5;6m INFO[0m [04:06:18] e7f6d16ac1d54d218fbdfa295a667746	 200 0ms GET /json
[38;5;6m INFO[0m [04:06:18] a928b14b7b634b7e8b4856f2b197177a	 200 0ms GET /json
[38;5;6m INFO[0m [04:06:18] 0bdbaf871d0c4c9a9bd35c36e233fd0d	 200 0ms GET /json
[38;5;6m INFO[0m [04:06:18] c4b4c69442074f0a80270182afe32649	 200 0ms GET /json
[38;5;6m INFO[0m [04:06:18] 4b119ab94b334570b0ada409481cdb73	 200 0ms GET /json
[38;5;6m INFO[0m [04:06:18] 7d126e8a826446a2b9c56435620c1df5	 200 0ms GET /json
[38;5;6m INFO[0m [04:06:18] c336f7426c224fd3982c2ffc373f5d40	 200 0ms GET /json
[38;5;6m INFO[0m [04:06:18] 68b55b11aa9443dbb907039da7f8f658	 200 0ms GET /json
[38;5;6m INFO[0m [04:06:18] 80390cd6f50b4f898632056bb0821db9	 200 0ms GET /json
[38;5;6m INFO[0m [04:06:18] 4c5e7a54c193414b830475995d66682c	 200 0ms GET /json
[38;5;6m INFO[0m [04:06:18] bac7aac99942485ab6dd42a25003f7b1	 200 0ms GET /json
[38;5;6m INFO[0m [04:06:18] 8756ceecb3c74bc6986210658159fcfb	 200 0ms GET /json
[38;5;6m INFO[0m [04:06:18] 223af971fe10470e8703768cbfcd4729	 200 0ms GET /json
[38;5;6m INFO[0m [04:06:18] 98e167c3005c4555bd7549c61b662f2f	 200 0ms GET /json
[38;5;6m INFO[0m [04:06:18] a59b9202776543e7979dc6b9a0746eb4	 200 0ms GET /json
[38;5;6m INFO[0m [04:06:18] ad8064d5302a4c9e834e6e9a112390f3	 200 0ms GET /json
[38;5;6m INFO[0m [04:06:18] aef313d8adfd4b9b9754a1d68700549b	 200 0ms GET /json
[38;5;6m INFO[0m [04:06:18] 3e92104d5d984acc861bab21747a7956	 200 0ms GET /json
[38;5;6m INFO[0m [04:06:18] f96665692e904d42a229e0dac0a2ebee	 200 0ms GET /json
[38;5;6m INFO[0m [04:06:18] 5fb21e44f8f74f09b445b1b62a1735fe	 200 0ms GET /json
[38;5;6m INFO[0m [04:06:18] f42924c35e9249a1a2c79c0265a93390	 200 0ms GET /json
[38;5;6m INFO[0m [04:06:18] 424981fa3258452e962552256a66ad6e	 200 0ms GET /json
[38;5;6m INFO[0m [04:06:18] 3feb5eab3683447e8757627791c78dd3	 200 0ms GET /json
[38;5;6m INFO[0m [04:06:18] 45233514643d42079e8c889ce782150d	 200 0ms GET /json
[38;5;6m INFO[0m [04:06:18] 3b8097939256464ea692fd7a00aabc1e	 200 0ms GET /json
[38;5;6m INFO[0m [04:06:18] 03efc69dd6cf4a08ba1bdd656d6a6d78	 200 0ms GET /json
[38;5;6m INFO[0m [04:06:18] 411e670a5ce34da69e20e49b771f0412	 200 0ms GET /json
[38;5;6m INFO[0m [04:06:18] 609eb0e95bee46be97584cc9aaaea16c	 200 0ms GET /json
[38;5;6m INFO[0m [04:06:18] fd243c9cfce44c53a7f79bb65b1cf8a0	 200 0ms GET /json
[38;5;6m INFO[0m [04:06:18] 67672ba7571d4c4891639ba8493c2ea9	 200 0ms GET /json
[38;5;6m INFO[0m [04:06:18] ab9c5339184e4fd19826d02ff12d7aeb	 200 0ms GET /json
[38;5;6m INFO[0m [04:06:18] 90cf28cf32ac489aa55f43276c961e2d	 200 0ms GET /json
[38;5;6m INFO[0m [04:06:18] 668b28c2ea8d43d4a736e36717c0f3f8	 200 0ms GET /json
[38;5;6m INFO[0m [04:06:18] 355481dbd9e44506b2b3fb682eb92386	 200 0ms GET /json
[38;5;6m INFO[0m [04:06:18] a1305a1b26f744f4959399e7c93bb3c7	 200 0ms GET /json
[38;5;6m INFO[0m [04:06:18] 0ee0a969af73408483271516c45ec7f6	 200 0ms GET /json
[38;5;6m INFO[0m [04:06:18] ba2260d357c941f0ad94589c9151da73	 200 0ms GET /json
[38;5;6m INFO[0m [04:06:18] c1be9ff8df6844d0af00df702e194c22	 200 0ms GET /json
[38;5;6m INFO[0m [04:06:18] f91d1761d517428f958d0bfd339f7e86	 200 0ms GET /json
[38;5;6m INFO[0m [04:06:18] e1e7481c6eb5408ab0945db816605079	 200 0ms GET /json
[38;5;6m INFO[0m [04:06:18] 4665cdd8a0f64d2fb10e760f79a8f80b	 200 0ms GET /json
[38;5;6m INFO[0m [04:06:18] 27efc79e4e884fc0816fcb7fad0c57d7	 200 0ms GET /json
[38;5;6m INFO[0m [04:06:18] a06c6775eb084501941c766c322304d5	 200 0ms GET /json
[38;5;6m INFO[0m [04:06:18] 6d279ce211f64fc0b0a3e19812e89ccd	 200 0ms GET /json
[38;5;6m INFO[0m [04:06:18] 00e1209f67824082a081239f1f7ab955	 200 0ms GET /json
[38;5;6m INFO[0m [04:06:18] d709ed95f34c4f57adf7ee6f7efc280a	 200 0ms GET /json
[38;5;6m INFO[0m [04:06:18] b84d2a2b6b984b36a99297718ff410e7	 200 0ms GET /json
[38;5;6m INFO[0m [04:06:18] 2bd7963d6593474ba86b0b569851af4c	 200 0ms GET /json
[38;5;6m INFO[0m [04:06:18] 36362a40c68c47f78bd06c336a60117f	 200 0ms GET /json
[38;5;6m INFO[0m [04:06:18] 2634e54be8f648399325ddde03b2b63f	 200 0ms GET /json
[38;5;6m INFO[0m [04:06:18] 5a4fdd02f7504eb59cf219d9986c56dc	 200 0ms GET /json
[38;5;6m INFO[0m [04:06:18] 7a04735b67854253a84808d954e4716e	 200 0ms GET /json
[38;5;6m INFO[0m [04:06:18] 84f30bedfc3a4623a504962621ca48ad	 200 0ms GET /json
[38;5;6m INFO[0m [04:06:18] e507cd4bb9bd43cf8d05a03316e8994f	 200 0ms GET /json
[38;5;6m INFO[0m [04:06:18] c79d7d1d338d4e039d223ca7afdcb951	 200 0ms GET /json
[38;5;6m INFO[0m [04:06:18] 60fc9533f63746a9ac957941a230f1e6	 200 0ms GET /json
[38;5;6m INFO[0m [04:06:18] b23133fba250486aac78dfd18397630d	 200 0ms GET /json
[38;5;6m INFO[0m [04:06:18] 0912175b0e7d480499bc92b1ef16610a	 200 0ms GET /json
[38;5;6m INFO[0m [04:06:18] 190c98c45fe64a68990af022b6ca4458	 200 0ms GET /json
[38;5;6m INFO[0m [04:06:18] 55d61bfb1ad8433d937385ec443e6784	 200 0ms GET /json
[38;5;6m INFO[0m [04:06:18] ee00f06d058f47829120e11caa5eb89d	 200 0ms GET /json
[38;5;6m INFO[0m [04:06:18] 444dbdc2e120414c93e18f47a3786d53	 200 0ms GET /json
[38;5;6m INFO[0m [04:06:18] 13fd254a61e0433e8f022747fade3490	 200 0ms GET /json
[38;5;6m INFO[0m [04:06:18] ed1ceaf820d7441da1fb01d8481111ad	 200 0ms GET /json
[38;5;6m INFO[0m [04:06:18] 85f4a74c9328430e857a98f65c1bbef0	 200 0ms GET /json
[38;5;6m INFO[0m [04:06:18] 8e83868ceb354110878662572d552260	 200 0ms GET /json
[38;5;6m INFO[0m [04:06:18] a4bc589977de4e49a2a071c67a0fbad3	 200 0ms GET /json
[38;5;6m INFO[0m [04:06:18] 9896cf47036e4153a2cffbd745c268fb	 200 0ms GET /json
[38;5;6m INFO[0m [04:06:20] fdaef1053c4a4b8e8fff8820415a6c65	 200 0ms GET /json
[38;5;6m INFO[0m [04:06:20] 8a3519c806354d009456cdd1737fd6cc	 200 0ms GET /json
[38;5;6m INFO[0m [04:06:20] 541acf06ac944724a9be1a14f5f69e32	 200 0ms GET /json
[38;5;6m INFO[0m [04:06:20] e6fa054035e94bd1b38f50aa11701608	 200 0ms GET /json
[38;5;6m INFO[0m [04:06:20] c383ffaba5e143ee8f4e17b87c178785	 200 0ms GET /json
[38;5;6m INFO[0m [04:06:20] 141e491fe8a74932b64b3b27f48d9eca	 200 0ms GET /json
[38;5;6m INFO[0m [04:06:20] 700936fb08f14dce8df9189bfaf47101	 200 0ms GET /json
[38;5;6m INFO[0m [04:06:20] f231f8f871f4435989b56a2f7ff3b4ab	 200 0ms GET /json
[38;5;6m INFO[0m [04:06:20] 7b75bddb4edd4f19a2f0e8d839b44337	 200 0ms GET /json
[38;5;6m INFO[0m [04:06:20] 0e90d2e566294c1c9dd3172ef8557d28	 200 0ms GET /json
[38;5;6m INFO[0m [04:06:20] a7614134e4cd4789ad74772d12d83d29	 200 0ms GET /json
[38;5;6m INFO[0m [04:06:20] 615c8c1db5194cdeabb039d8b2b49664	 200 0ms GET /json
[38;5;6m INFO[0m [04:06:20] 3ae71b38e5ce4da7a8ef3851dbd8281d	 200 0ms GET /json
[38;5;6m INFO[0m [04:06:20] eebadc4f18bf4830bce63fa0d4867cbe	 200 0ms GET /json
[38;5;6m INFO[0m [04:06:20] 6ad7bf6fcd4940f4b581ee7bfc5f965a	 200 0ms GET /json
[38;5;6m INFO[0m [04:06:20] 58cbd928db9349c49841cfe1a052af0d	 200 0ms GET /json
[38;5;6m INFO[0m [04:06:20] 52b986c4f9f943a9a8ba1ac0c6bf9eb9	 200 0ms GET /json
[38;5;6m INFO[0m [04:06:20] 0e0f98607a5f4d89a3434de2015588e8	 200 0ms GET /json
[38;5;6m INFO[0m [04:06:20] a03d5525f43f4c24ab646bf3a89ef6e1	 200 0ms GET /json
[38;5;6m INFO[0m [04:06:20] 6a4fc44244894986bc6bec6b27a2d6ce	 200 0ms GET /json
[38;5;6m INFO[0m [04:06:20] 67f8345d3c41492b9c94ee557410168f	 200 0ms GET /json
[38;5;6m INFO[0m [04:06:20] 198184d5e04644fb9fe0ea9fd5a6c707	 200 0ms GET /json
[38;5;6m INFO[0m [04:06:20] 0d4646166f054544ab085a9d90788933	 200 0ms GET /json
[38;5;6m INFO[0m [04:06:20] 4e11abf66ffd4ef0a8a32974f07a21fd	 200 0ms GET /json
[38;5;6m INFO[0m [04:06:20] 082972993b844721bd5b2601894d8f13	 200 0ms GET /json
[38;5;6m INFO[0m [04:06:20] ad4406cffeb24394b8b5e270518b901b	 200 0ms GET /json
[38;5;6m INFO[0m [04:06:20] eb7d65f88a1149ea8160d959bf5e9f86	 200 0ms GET /json
[38;5;6m INFO[0m [04:06:20] be2d902ad63441e3be622229d82b0571	 200 0ms GET /json
[38;5;6m INFO[0m [04:06:20] 73e6671cfc704992a2dccc96d050a79f	 200 0ms GET /json
[38;5;6m INFO[0m [04:06:20] e81528bc59744e4fb48f3b24583a6074	 200 0ms GET /json
[38;5;6m INFO[0m [04:06:20] 4c0c9432eacb48598af1e69139644e98	 200 0ms GET /json
[38;5;6m INFO[0m [04:06:20] 7bc6973062cd4ba39ec660cab257c6d5	 200 0ms GET /json
[38;5;6m INFO[0m [04:06:20] a101678c0a7741b683d37ef0c4c915bf	 200 0ms GET /json
[38;5;6m INFO[0m [04:06:20] 0f6c13c0f8de4298ad623eb0e1393fd2	 200 0ms GET /json
[38;5;6m INFO[0m [04:06:20] 7241365b49fa4cbf8bc21b24462157c8	 200 0ms GET /json
[38;5;6m INFO[0m [04:06:20] 8d2cb8f68ac74dda8ee4440577062e2e	 200 0ms GET /json
[38;5;6m INFO[0m [04:06:20] ff0d159026014e968332645b4312cd70	 200 0ms GET /json
[38;5;6m INFO[0m [04:06:20] 513341efe01649758581dbb352e3d988	 200 0ms GET /json
[38;5;6m INFO[0m [04:06:20] 0d3c6056089a493d9f084dae8b8cbabc	 200 0ms GET /json
[38;5;6m INFO[0m [04:06:20] 66c36c04bc204acba511f4561644efa7	 200 0ms GET /json
[38;5;6m INFO[0m [04:06:20] 5bedbd3a9f354a509f888fc61471ecdf	 200 0ms GET /json
[38;5;6m INFO[0m [04:06:20] 87e984dd6528430e83b8ee29dc07779f	 200 0ms GET /json
[38;5;6m INFO[0m [04:06:20] 5599a417563c4575a91b1621efaae7f0	 200 0ms GET /json
[38;5;6m INFO[0m [04:06:20] c21a48440235423a9a134967f7169892	 200 0ms GET /json
[38;5;6m INFO[0m [04:06:20] 184558216521452cbfed134d03bd091f	 200 0ms GET /json
[38;5;6m INFO[0m [04:06:20] a8aedc6dbc224d80bcae3a5cda36f129	 200 0ms GET /json
[38;5;6m INFO[0m [04:06:20] a7ed8adebe04432e9593b7588f94ac23	 200 0ms GET /json
[38;5;6m INFO[0m [04:06:20] 5d0f7419109b44888271a8ee0d6366ff	 200 0ms GET /json
[38;5;6m INFO[0m [04:06:20] 36d440fa53b54478bc9ea22b33df5a9f	 200 0ms GET /json
[38;5;6m INFO[0m [04:06:20] 44d750929f234c9097e388c75822a9d9	 200 0ms GET /json
[38;5;6m INFO[0m [04:06:20] 2879c56560ff49d484aaa0678d70d80b	 200 0ms GET /json
[38;5;6m INFO[0m [04:06:20] 7e303cccc4fe47689e743f66be783f04	 200 0ms GET /json
[38;5;6m INFO[0m [04:06:20] 295b41f0833d4f97a43b0c3e5e50f6ae	 200 0ms GET /json
[38;5;6m INFO[0m [04:06:20] 54258ac9fdad4e3faa0aab04754c9490	 200 0ms GET /json
[38;5;6m INFO[0m [04:06:20] 07cca6d04625481893bb0b9fe38007c2	 200 0ms GET /json
[38;5;6m INFO[0m [04:06:20] d1ba1572f20d46c3891cac138a8588b7	 200 0ms GET /json
[38;5;6m INFO[0m [04:06:20] 45651665acc94bf7a626e5d7646fa437	 200 0ms GET /json
[38;5;6m INFO[0m [04:06:20] a4dbaad5ea7d4531a1007b5cf96c489a	 200 0ms GET /json
[38;5;6m INFO[0m [04:06:20] bd01b9d2fef44a8486b37546c3440a01	 200 0ms GET /json
[38;5;6m INFO[0m [04:06:20] e63e3917f0ab4e379d45bb5870a67043	 200 0ms GET /json
[38;5;6m INFO[0m [04:06:20] 0373593f163f4a7a8e7273ce1ab01163	 200 0ms GET /json
[38;5;6m INFO[0m [04:06:20] 55c522779a8745e3ac4289956a74a996	 200 0ms GET /json
[38;5;6m INFO[0m [04:06:20] 786453fbdb61452c9f1949e9dc939e86	 200 0ms GET /json
[38;5;6m INFO[0m [04:06:20] bea6e87efbb74bfba028992b09d5b606	 200 0ms GET /json
[38;5;6m INFO[0m [04:06:20] 34bd9658ce094b26ba78ed60110e9d2c	 200 0ms GET /json
[38;5;6m INFO[0m [04:06:20] 4c3e2eeb5e5a42f88c6b3406a2612079	 200 0ms GET /json
[38;5;6m INFO[0m [04:06:20] dbba0c3ea8314982b010f398ea1975a2	 200 0ms GET /json
[38;5;6m INFO[0m [04:06:20] 0763b2539e184a9ebbd541bf0fdabdc7	 200 0ms GET /json
[38;5;6m INFO[0m [04:06:20] ee76f2abc298479a9fbb3407ba90c19f	 200 0ms GET /json
[38;5;6m INFO[0m [04:06:20] 3fca392a141a4d09a4ea4c4027558c3b	 200 0ms GET /json
[38;5;6m INFO[0m [04:06:20] 983fdf62b2b745299645f129aa1e0f42	 200 0ms GET /json
[38;5;6m INFO[0m [04:06:20] 413d55d39b8649bcb5a4748f290153a3	 200 0ms GET /json
[38;5;6m INFO[0m [04:06:20] 5746f03d929a416c839068101dab40e0	 200 0ms GET /json
[38;5;6m INFO[0m [04:06:20] 36bf3ce15a2840b69361183b77925d14	 200 0ms GET /json
[38;5;6m INFO[0m [04:06:20] f29426eae1cd4949bbb89365b4cefa3d	 200 0ms GET /json
[38;5;6m INFO[0m [04:06:20] 63f7efa90f5947b78c6609476b97e38b	 200 0ms GET /json
[38;5;6m INFO[0m [04:06:20] b77d7262493f415ab3a7240bf098b668	 200 0ms GET /json
[38;5;6m INFO[0m [04:06:20] 39e928bc6b9f45a9850bccc81b6f29dd	 200 0ms GET /json
[38;5;6m INFO[0m [04:06:20] de984e9318f849448f6a21acfef4f00c	 200 0ms GET /json
[38;5;6m INFO[0m [04:06:20] a8034b45145144d99641fce23293b1f3	 200 0ms GET /json
[38;5;6m INFO[0m [04:06:20] e8ef790aa161465682f475632b59a8a1	 200 0ms GET /json
[38;5;6m INFO[0m [04:06:20] ad8c7507fef44833b4aae35eca7b2c29	 200 0ms GET /json
[38;5;6m INFO[0m [04:06:20] b57a0e47b9e74a64b6884cd5ee31db52	 200 0ms GET /json
[38;5;6m INFO[0m [04:06:20] 8039a1ec38764bc197865fde5fe56d46	 200 0ms GET /json
[38;5;6m INFO[0m [04:06:20] 17949ee2cdac40d3911d89c2fb08fa79	 200 0ms GET /json
[38;5;6m INFO[0m [04:06:20] 6d6b3f9a1e444dcab7372421b49829a4	 200 0ms GET /json
[38;5;6m INFO[0m [04:06:20] 8ebcee97da0e45718890ecb1ed37350d	 200 0ms GET /json
[38;5;6m INFO[0m [04:06:20] ed519d2b741c4deba053d7d2e19d0958	 200 0ms GET /json
[38;5;6m INFO[0m [04:06:20] 470e3027bc07434ebc2a9a1861d46c1c	 200 0ms GET /json
[38;5;6m INFO[0m [04:06:20] 472055f2fbe6434ebd9500322ff71f91	 200 0ms GET /json
[38;5;6m INFO[0m [04:06:20] 04f97a0029f64e7ea5d576f60acabfed	 200 0ms GET /json
[38;5;6m INFO[0m [04:06:20] 0ab6303b39694b5bbc2b5cc8e0d31be7	 200 0ms GET /json
[38;5;6m INFO[0m [04:06:20] f2a269ec31df400e9ad6d255fd6e58d1	 200 0ms GET /json
[38;5;6m INFO[0m [04:06:20] c7fd1ea25bc247bc90fda99bf7a4a590	 200 0ms GET /json
[38;5;6m INFO[0m [04:06:20] e600cb8aba954a4d89142a841156e480	 200 0ms GET /json
[38;5;6m INFO[0m [04:06:20] 7eb2f27eaf5f4fdd91081d1c67672088	 200 0ms GET /json
[38;5;6m INFO[0m [04:06:20] 5eb23a6e88e54ac4a434616873a710e5	 200 0ms GET /json
[38;5;6m INFO[0m [04:06:20] f9f71dbf8cca4d97aa27c8493387fc19	 200 0ms GET /json
[38;5;6m INFO[0m [04:06:20] 3e0cdf3220e244fd9758fdca6a543e22	 200 0ms GET /json
[38;5;6m INFO[0m [04:06:20] 2d0a0e0d0a4e40359f7092a763c3d80d	 200 0ms GET /json
[38;5;6m INFO[0m [04:06:20] 87a95d1be12c4772a4e6bbcc88a387b4	 200 0ms GET /json
[38;5;6m INFO[0m [04:06:20] 5421a61ca1f84dbea086d4485f8f0622	 200 0ms GET /json
[38;5;6m INFO[0m [04:06:20] 4d3026b26fe24f4a85f3b1dd1cb68672	 200 0ms GET /json
[38;5;6m INFO[0m [04:06:20] c31551eb51f34046b53af93374073cf7	 200 0ms GET /json
[38;5;6m INFO[0m [04:06:20] e4ae7dbbfd554364bfee1ac01bbb541d	 200 0ms GET /json
[38;5;6m INFO[0m [04:06:20] ac576db1984a4895a91534eb73fd3a3d	 200 0ms GET /json
[38;5;6m INFO[0m [04:06:20] ee45de3cd512451c87ac0a2ba38e2be0	 200 0ms GET /json
[38;5;6m INFO[0m [04:06:20] bdbb5e56044741d69fe523ec2a6af083	 200 0ms GET /json
[38;5;6m INFO[0m [04:06:20] 50a395f166514753870d988ff26e0a69	 200 0ms GET /json
[38;5;6m INFO[0m [04:06:20] 2c60129ee6d04ddabea56f6d9268f618	 200 0ms GET /json
[38;5;6m INFO[0m [04:06:20] b163dd65f49e452b954dd3e41adcb6a8	 200 0ms GET /json
[38;5;6m INFO[0m [04:06:20] 225e14a199fc4db2aa4941a475c4e349	 200 0ms GET /json
[38;5;6m INFO[0m [04:06:20] c87055eab42a41ddac71e265e0541c6d	 200 0ms GET /json
[38;5;6m INFO[0m [04:06:20] a08bb663cdc847529c13d873a35eb293	 200 0ms GET /json
[38;5;6m INFO[0m [04:06:20] 5c315983597d475ea0759f1afea8624a	 200 0ms GET /json
[38;5;6m INFO[0m [04:06:20] 5d509335633443c8b8c09943fb79096b	 200 0ms GET /json
[38;5;6m INFO[0m [04:06:20] d065ac3025954f41bbbaa182460243f7	 200 0ms GET /json
[38;5;6m INFO[0m [04:06:20] 6016992e744747a988eafd75e0f74a33	 200 0ms GET /json
[38;5;6m INFO[0m [04:06:20] 1a6b6136b2874660ab9a1ebf9c8ddbeb	 200 0ms GET /json
[38;5;6m INFO[0m [04:06:20] af90f4cc530542339b9afc83ef158f2c	 200 0ms GET /json
[38;5;6m INFO[0m [04:06:20] 457c9124c8c74ab191ee892b4451b0c9	 200 0ms GET /json
[38;5;6m INFO[0m [04:06:20] 1e220d58e03a470385a065ed437aba3f	 200 0ms GET /json
[38;5;6m INFO[0m [04:06:20] ed7c0d7b91c643fba909f07c61594a87	 200 0ms GET /json
[38;5;6m INFO[0m [04:06:20] 418783cd7191447182392f263975af63	 200 0ms GET /json
[38;5;6m INFO[0m [04:06:20] 31eb4f1bc0fd42f5b50e2bc5081cab8d	 200 0ms GET /json
[38;5;6m INFO[0m [04:06:20] 4f050dfb89c449dea4368f4eb4e65e33	 200 0ms GET /json
[38;5;6m INFO[0m [04:06:20] 6503dfa36a194242aa2a08acd533e6cc	 200 0ms GET /json
[38;5;6m INFO[0m [04:06:20] 19345a6576ed4af7a203c53c7fd976bd	 200 0ms GET /json
[38;5;6m INFO[0m [04:06:20] 70aed49ada474113b9a555622bef16a6	 200 0ms GET /json
[38;5;6m INFO[0m [04:06:20] a4a25173ecfb4f7b8cc086ec76102ccb	 200 0ms GET /json
[38;5;6m INFO[0m [04:06:20] b440ba9153c24bebb583e7b1625dfa67	 200 0ms GET /json
[38;5;6m INFO[0m [04:06:20] e4f035663cc9467ebff708aa33d229ac	 200 0ms GET /json
[38;5;6m INFO[0m [04:06:20] 0b4d03d5c736411188acf58e9d6eac22	 200 0ms GET /json
[38;5;6m INFO[0m [04:06:20] 0f6f38ba75ad4755addce8c5cdd8d164	 200 0ms GET /json
[38;5;6m INFO[0m [04:06:20] a58a9c1f307f4bdd921b2aaf95e1f737	 200 0ms GET /json
[38;5;6m INFO[0m [04:06:20] 6de95643c47d4b43a2bdaae976e4bad0	 200 0ms GET /json
[38;5;6m INFO[0m [04:06:20] 8e48830139d8463aa88ac6f534767f27	 200 0ms GET /json
[38;5;6m INFO[0m [04:06:20] 035f09033bbe4f2bbe234db66f7da99d	 200 0ms GET /json
[38;5;6m INFO[0m [04:06:20] 4e213d2c843f4349b95cedfa56b4b868	 200 0ms GET /json
[38;5;6m INFO[0m [04:06:20] 5f4bd62ba09b49ff9cc292c0f08842c9	 200 0ms GET /json
[38;5;6m INFO[0m [04:06:20] 6fa2bd233bc74f0e86b13366f45fec01	 200 0ms GET /json
[38;5;6m INFO[0m [04:06:20] 6a1dbcbce0d04c648c31fa8c473cbeac	 200 0ms GET /json
[38;5;6m INFO[0m [04:06:20] 1eae8f1646644bcc83b44c6fe7d768e1	 200 0ms GET /json
[38;5;6m INFO[0m [04:06:20] bf0f1dbecd554c85954616bf91e1304a	 200 0ms GET /json
[38;5;6m INFO[0m [04:06:20] 1000e656e5b34c5bae3cab7126ce74c1	 200 0ms GET /json
[38;5;6m INFO[0m [04:06:20] c73835e92197441092f924615fd591d3	 200 0ms GET /json
[38;5;6m INFO[0m [04:06:20] d7fa253d9e99444785dcabd507eadbac	 200 0ms GET /json
[38;5;6m INFO[0m [04:06:20] e0fd49ca7b92468da921162f718c04d7	 200 0ms GET /json
[38;5;6m INFO[0m [04:06:20] c1233cadde004d7a88f6efb484f47cc2	 200 0ms GET /json
[38;5;6m INFO[0m [04:06:20] 5dca650b28e84a489613f722a0dc1c00	 200 0ms GET /json
[38;5;6m INFO[0m [04:06:20] c955e2576d5741188cbab97560418853	 200 0ms GET /json
[38;5;6m INFO[0m [04:06:20] 4c0263f421e045958e6dba118e702132	 200 0ms GET /json
[38;5;6m INFO[0m [04:06:20] 296214345a1748f49a4abd06004565a8	 200 0ms GET /json
[38;5;6m INFO[0m [04:06:20] ab9a4cac9e694dbfaa6d8af6cc008c84	 200 0ms GET /json
[38;5;6m INFO[0m [04:06:20] c9fe485e8c3f4fefaa87111a3c9899fe	 200 0ms GET /json
[38;5;6m INFO[0m [04:06:20] 7f873d0a65414a5a8a47db5e911d9a07	 200 0ms GET /json
[38;5;6m INFO[0m [04:06:20] 11ead273e15749af8a83ff83782e1353	 200 0ms GET /json
[38;5;6m INFO[0m [04:06:20] 5d8e3d7d9792427dadf32cd37e646b65	 200 0ms GET /json
[38;5;6m INFO[0m [04:06:20] 6e920a24b244409ab92ed4dbc7075f70	 200 0ms GET /json
[38;5;6m INFO[0m [04:06:20] 38e0bbbdbfe842b7a86dbdad4a4d1333	 200 0ms GET /json
[38;5;6m INFO[0m [04:06:20] 88cb5955605f4b3eb1984fbc56cac74a	 200 0ms GET /json
[38;5;6m INFO[0m [04:06:20] 2c35a01675a24b839d61d59ff1713f98	 200 0ms GET /json
[38;5;6m INFO[0m [04:06:20] 6ba80d3c8832460397ab526ead74ef2f	 200 0ms GET /json
[38;5;6m INFO[0m [04:06:20] 5d57af7516a74337b70dea83cf8e5912	 200 0ms GET /json
[38;5;6m INFO[0m [04:06:20] ee6b61cdec5649be9d7946d2a7c9d93d	 200 0ms GET /json
[38;5;6m INFO[0m [04:06:20] 34937e56d6eb4f539c432a5221e50eed	 200 0ms GET /json
[38;5;6m INFO[0m [04:06:20] 02ee4e4b31844996be8fdd4b86d7abcc	 200 0ms GET /json
[38;5;6m INFO[0m [04:06:20] bdf365d94d2e4fcc864cc16c6f3abc2c	 200 0ms GET /json
[38;5;6m INFO[0m [04:06:20] 51e75bace4454c95b0ce5f381fa1ddf9	 200 0ms GET /json
[38;5;6m INFO[0m [04:06:20] 94e355eba4f143fc979e977411c96c5c	 200 0ms GET /json
[38;5;6m INFO[0m [04:06:20] f83ad6a543b04b129f4b67170429155f	 200 0ms GET /json
[38;5;6m INFO[0m [04:06:20] 3dfb61fa129549b8a84087130777b21c	 200 0ms GET /json
[38;5;6m INFO[0m [04:06:20] 23bb2a237889499b9e6dc8925a09270c	 200 0ms GET /json
[38;5;6m INFO[0m [04:06:20] c225918306f84515aec65171beab179e	 200 0ms GET /json
[38;5;6m INFO[0m [04:06:20] ffa893fc984e40de8e4c52b4f5cfa803	 200 0ms GET /json
[38;5;6m INFO[0m [04:06:20] 6ffbef93e930481785d10b3398dad609	 200 0ms GET /json
[38;5;6m INFO[0m [04:06:20] 60a42ffcc96e4ebbb35335ef205760d8	 200 0ms GET /json
[38;5;6m INFO[0m [04:06:20] a50b9a27b098485d865848b6ea2c2724	 200 0ms GET /json
[38;5;6m INFO[0m [04:06:20] fdfe8c564f6944a390e8bc9274dc908f	 200 0ms GET /json
[38;5;6m INFO[0m [04:06:20] 25e6b8e4dbe943ef876348a6588da036	 200 0ms GET /json
[38;5;6m INFO[0m [04:06:20] e59d08438f164ad5a4c2f8de8d03a414	 200 0ms GET /json
[38;5;6m INFO[0m [04:06:20] 7e55d832d80f4df3b01b9ca3eef4c270	 200 0ms GET /json
[38;5;6m INFO[0m [04:06:20] 279fb122d3f04e62888da4760508063a	 200 0ms GET /json
[38;5;6m INFO[0m [04:06:20] 7733ba56762543cf8748b35518d1a4e5	 200 0ms GET /json
[38;5;6m INFO[0m [04:06:20] 077d2ff389624da691739caa689c9685	 200 0ms GET /json
[38;5;6m INFO[0m [04:06:20] c47bd9ddb923494f804ac51b09e74baa	 200 0ms GET /json
[38;5;6m INFO[0m [04:06:20] a646878d94fe44228d42a305c7624e3c	 200 0ms GET /json
[38;5;6m INFO[0m [04:06:20] e41492ed87644733812af96bc600cb1e	 200 0ms GET /json
[38;5;6m INFO[0m [04:06:20] 9b45c4fb4ac44e19a0457910227fb87f	 200 0ms GET /json
[38;5;6m INFO[0m [04:06:20] a7a134fe82aa4e8487d2daa512564c23	 200 0ms GET /json
[38;5;6m INFO[0m [04:06:20] f0d5f199aaf14d2594904830bcddae3c	 200 0ms GET /json
[38;5;6m INFO[0m [04:06:20] 901473710a304b0fa6f1686812c1fa21	 200 0ms GET /json
[38;5;6m INFO[0m [04:06:20] 35a9e39f136148a78cb10605e5704797	 200 0ms GET /json
[38;5;6m INFO[0m [04:06:20] 2ca002ba0273406c9b851f3fe409cd92	 200 0ms GET /json
[38;5;6m INFO[0m [04:06:20] 054cabd8052f4557a06c85d5c63391f8	 200 0ms GET /json
[38;5;6m INFO[0m [04:06:20] 78ca27912d3046cda4d225ddbb206246	 200 0ms GET /json
[38;5;6m INFO[0m [04:06:20] ea52cac59aa448f2888de705921e78f6	 200 0ms GET /json
[38;5;6m INFO[0m [04:06:20] d921cbc6aea74fd6a58eb6ba06805435	 200 0ms GET /json
[38;5;6m INFO[0m [04:06:20] 3037761e8f394501aed9b9808c856de0	 200 0ms GET /json
[38;5;6m INFO[0m [04:06:20] 2a8d241449e14f89b40dbedc5ff9429e	 200 0ms GET /json
[38;5;6m INFO[0m [04:06:20] 4e4fdf04cd814efda44ab56e6c44b25b	 200 0ms GET /json
[38;5;6m INFO[0m [04:06:20] 7dae7ecd404442c4b8d67225206e3483	 200 0ms GET /json
[38;5;6m INFO[0m [04:06:20] 6a80f1f8d4524511943620c960b7781d	 200 0ms GET /json
[38;5;6m INFO[0m [04:06:20] 774de9c428704a898f2d226939e5971e	 200 0ms GET /json
[38;5;6m INFO[0m [04:06:20] 0595e2d970f94bc0a62a0a9dca38272f	 200 0ms GET /json
[38;5;6m INFO[0m [04:06:20] 55003433d1064e6d8c05af0c42a539d4	 200 0ms GET /json
[38;5;6m INFO[0m [04:06:20] 13e681d482824262849fe1b19ac5ffbf	 200 0ms GET /json
[38;5;6m INFO[0m [04:06:20] 75bf207383f6448ebbb8e0885ee8ba23	 200 0ms GET /json
[38;5;6m INFO[0m [04:06:20] 78f5a2edc66b4fa1ba4ae93ba8b59f62	 200 0ms GET /json
[38;5;6m INFO[0m [04:06:20] c637fd34ca9b4f4d97ac40df5c783e0f	 200 0ms GET /json
[38;5;6m INFO[0m [04:06:20] e244cbd7fec14538837491164ba37e52	 200 0ms GET /json
[38;5;6m INFO[0m [04:06:20] 06fe07438e1541a392793bd7b264550c	 200 0ms GET /json
[38;5;6m INFO[0m [04:06:20] ff04679789534bd3bce304358bc6d659	 200 0ms GET /json
[38;5;6m INFO[0m [04:06:20] d28d814f6713415a892746dcaf6f9581	 200 0ms GET /json
[38;5;6m INFO[0m [04:06:20] 77c3b36f23584e73a4139cca5d5905cc	 200 0ms GET /json
[38;5;6m INFO[0m [04:06:20] e39189938b6e43d99ee68396c398e72d	 200 0ms GET /json
[38;5;6m INFO[0m [04:06:20] 04f33302b33142e1949feb522c17c005	 200 0ms GET /json
[38;5;6m INFO[0m [04:06:20] 74d507be08c34f2ea9280d784276fcd2	 200 0ms GET /json
[38;5;6m INFO[0m [04:06:20] ef620968264049c483e784fec587f8ce	 200 0ms GET /json
[38;5;6m INFO[0m [04:06:20] 57efb679eb634ec7bb20621f81643953	 200 0ms GET /json
[38;5;6m INFO[0m [04:06:20] 30a907ce381141a2bf12e81ae68a1495	 200 0ms GET /json
[38;5;6m INFO[0m [04:06:20] 9a78eef90997474c91777331cc2bde53	 200 0ms GET /json
[38;5;6m INFO[0m [04:06:20] 55374b59784340f691936ceab87df003	 200 0ms GET /json
[38;5;6m INFO[0m [04:06:20] 2c0f2e3dd99b48b4b94086609328b06e	 200 0ms GET /json
[38;5;6m INFO[0m [04:06:20] 89d80cf0bcba4477aa1fcd858ee43b30	 200 0ms GET /json
[38;5;6m INFO[0m [04:06:20] be08e590c94940f093de696baf2abaf7	 200 0ms GET /json
[38;5;6m INFO[0m [04:06:20] e3be68f292334302b0f2833b0704947c	 200 0ms GET /json
[38;5;6m INFO[0m [04:06:20] 87d6522726c74897bf0460482e3ed768	 200 0ms GET /json
[38;5;6m INFO[0m [04:06:20] caae75eea4764b6c910163d2992555f0	 200 0ms GET /json
[38;5;6m INFO[0m [04:06:20] 2aa6bba06adc48acb3e28c92bb6078de	 200 0ms GET /json
[38;5;6m INFO[0m [04:06:20] 029be4fcd5f34adf8b55556832fdda8c	 200 0ms GET /json
[38;5;6m INFO[0m [04:06:20] b0fc9fb836844490bedcb3748e280ef0	 200 0ms GET /json
[38;5;6m INFO[0m [04:06:20] c10d6a09746d4d5ab336aeab3ecb5dbd	 200 0ms GET /json
[38;5;6m INFO[0m [04:06:20] 031940afea194e009c31563b3f8fd858	 200 0ms GET /json
[38;5;6m INFO[0m [04:06:20] 41040ffc62454fb2abe5b2746205901e	 200 0ms GET /json
[38;5;6m INFO[0m [04:06:20] 09d9f8b7e8d241cbb0e142a5a4ac5bf8	 200 0ms GET /json
[38;5;6m INFO[0m [04:06:20] 81fc0f9e71414dc5b07760a717b9506f	 200 0ms GET /json
[38;5;6m INFO[0m [04:06:20] 898be6761502452db66ca9c474a0226a	 200 0ms GET /json
[38;5;6m INFO[0m [04:06:20] 2031fab1acab49a49bab65fc50accb57	 200 0ms GET /json
[38;5;6m INFO[0m [04:06:20] 09ee5f2807e348ff8f651735fafbc107	 200 0ms GET /json
[38;5;6m INFO[0m [04:06:20] 947fc9328ca34d909a19238683340361	 200 0ms GET /json
[38;5;6m INFO[0m [04:06:20] c7f056fbd07d4d2bad5823dcba9875ee	 200 0ms GET /json
[38;5;6m INFO[0m [04:06:20] f03ca27b0ef443a6ae900ffc73a1345b	 200 0ms GET /json
[38;5;6m INFO[0m [04:06:20] c5a97eb954f046d08256e9bb66cce5c0	 200 0ms GET /json
[38;5;6m INFO[0m [04:06:20] d6caa58bfed14921a9799edc9d4c6f6d	 200 0ms GET /json
[38;5;6m INFO[0m [04:06:20] cded687cc0e249aa912d871cf38bab26	 200 0ms GET /json
[38;5;6m INFO[0m [04:06:20] ee41679d0bbc461fb4cc4a8e55cb5b2e	 200 0ms GET /json
[38;5;6m INFO[0m [04:06:20] d17416f81b174acc982eeb04b805dff4	 200 0ms GET /json
[38;5;6m INFO[0m [04:06:20] 4c79d321a0664ccfb13bf9d2855362f6	 200 0ms GET /json
[38;5;6m INFO[0m [04:06:20] 3aa576c68b9a4554a17f89a1f549ed9d	 200 0ms GET /json
[38;5;6m INFO[0m [04:06:20] 24a9c46abf03438086a20bdb2b0cf7ba	 200 0ms GET /json
[38;5;6m INFO[0m [04:06:20] d660e47b099a420398f4dc6119116bb4	 200 0ms GET /json
[38;5;6m INFO[0m [04:06:20] 72cfa688c63f41239e5a705093039d7e	 200 0ms GET /json
[38;5;6m INFO[0m [04:06:20] ebf043814136461f92c7d3ee1814df40	 200 0ms GET /json
[38;5;6m INFO[0m [04:06:20] 5a11333b378d421eabcb26d5afdce4bd	 200 0ms GET /json
[38;5;6m INFO[0m [04:06:20] 7a8c2d6bae3b444ba20331b1b0157436	 200 0ms GET /json
[38;5;6m INFO[0m [04:06:20] 28399b46131640c5bae8329a53fbf1bb	 200 0ms GET /json
[38;5;6m INFO[0m [04:06:20] 57216196bdd44c3c8264b97d12e2583d	 200 0ms GET /json
[38;5;6m INFO[0m [04:06:20] c3b0d8c46351403c915578d967bfece4	 200 0ms GET /json
[38;5;6m INFO[0m [04:06:20] d669eb94d5ed4f9c8e50735531e59edc	 200 0ms GET /json
[38;5;6m INFO[0m [04:06:20] 3e7172828f304dd19ceff38cf2503912	 200 0ms GET /json
[38;5;6m INFO[0m [04:06:20] 11ccd0757fc0457595156f1a9421f691	 200 0ms GET /json
[38;5;6m INFO[0m [04:06:20] 5f7fa7a895f04eddb0fecf72b17e3d3d	 200 0ms GET /json
[38;5;6m INFO[0m [04:06:20] eee95cdd1e5844d2994d9f54a7e8a442	 200 0ms GET /json
[38;5;6m INFO[0m [04:06:20] 54d77f99957a412589f07b4b7c4364f1	 200 0ms GET /json
[38;5;6m INFO[0m [04:06:20] 14a9727283eb4377ac487921e2c657e4	 200 0ms GET /json
[38;5;6m INFO[0m [04:06:20] 7adc9b1dc7b14b8e9c9f818041dcaf51	 200 0ms GET /json
[38;5;6m INFO[0m [04:06:20] 4fd28a2f02b14bdfa66d6794190776fc	 200 0ms GET /json
[38;5;6m INFO[0m [04:06:20] 69b70d6f7d9a4a089fbf7020fe39ba87	 200 0ms GET /json
[38;5;6m INFO[0m [04:06:20] 66539594df674bb9ae9a4ab565f338e8	 200 0ms GET /json
[38;5;6m INFO[0m [04:06:20] 081a526ee0da4855b78b6c64999ab30e	 200 0ms GET /json
[38;5;6m INFO[0m [04:06:20] 8a99d32603504dd890447441b09d73f8	 200 0ms GET /json
[38;5;6m INFO[0m [04:06:20] cdee1b5af7f0435b89a38d7f8c752095	 200 0ms GET /json
[38;5;6m INFO[0m [04:06:20] 0ada11adfe4a47e1b378b7bd2ff75bd5	 200 0ms GET /json
[38;5;6m INFO[0m [04:06:20] 3f5fa424ae824e4ca28a2d2cfbffd0e4	 200 0ms GET /json
[38;5;6m INFO[0m [04:06:20] 180b96c640e042479d7028eee8084cac	 200 0ms GET /json
[38;5;6m INFO[0m [04:06:20] 366049a7e6db46579c9357e0f1949dd0	 200 0ms GET /json
[38;5;6m INFO[0m [04:06:20] 6828f5ac6e5e415584028902bdaf3a43	 200 0ms GET /json
[38;5;6m INFO[0m [04:06:20] 2dcbf50086a34c07b062d4c8ea95b5b3	 200 0ms GET /json
[38;5;6m INFO[0m [04:06:20] 2623612a76584493a130c19d537f2971	 200 0ms GET /json
[38;5;6m INFO[0m [04:06:20] 26d9615818ee452ebc144a9332d1a05e	 200 0ms GET /json
[38;5;6m INFO[0m [04:06:20] a46fbce657a940789899b36c94d0e304	 200 0ms GET /json
[38;5;6m INFO[0m [04:06:20] 0d4d70300a3142f59981f74decf5277d	 200 0ms GET /json
[38;5;6m INFO[0m [04:06:20] da76bf8f88484a40be325c2b41955e50	 200 0ms GET /json
[38;5;6m INFO[0m [04:06:20] 8f92ce0953324f81ae5f75b28ada272f	 200 0ms GET /json
[38;5;6m INFO[0m [04:06:20] faa8f2b5c2864995a6ba32cc04e36ad4	 200 0ms GET /json
[38;5;6m INFO[0m [04:06:20] 73800a358f2f46e681042884e038418c	 200 0ms GET /json
[38;5;6m INFO[0m [04:06:20] c8d2d8fff033405b83ceeb9d3f73f027	 200 0ms GET /json
[38;5;6m INFO[0m [04:06:20] 62493e47b4524c1c97eadfdfc7ce3580	 200 0ms GET /json
[38;5;6m INFO[0m [04:06:20] ecc1e1990d5a4f5caade364ec87ce2bf	 200 0ms GET /json
[38;5;6m INFO[0m [04:06:20] 2404fcaa42ec416688e56ad242005777	 200 0ms GET /json
[38;5;6m INFO[0m [04:06:20] 052a11cf8a2242c5bb039664d7f89952	 200 0ms GET /json
[38;5;6m INFO[0m [04:06:20] 432e9cbbe85f45bcb06513d52f029424	 200 0ms GET /json
[38;5;6m INFO[0m [04:06:20] 18c9d2f707ee4d67ae51ce16ac6b5559	 200 0ms GET /json
[38;5;6m INFO[0m [04:06:20] 9b1b156c86b54396acd2499da1497909	 200 0ms GET /json
[38;5;6m INFO[0m [04:06:20] 379f6ec702f642f9a48e5fe1aca38b44	 200 0ms GET /json
[38;5;6m INFO[0m [04:06:20] 26645d2da31f49a99b8199820a352533	 200 0ms GET /json
[38;5;6m INFO[0m [04:06:20] 9fb36f29c0e145f49d023b14de8fa4eb	 200 0ms GET /json
[38;5;6m INFO[0m [04:06:20] 30533ac8f5b44ad3af565bbb37d35a48	 200 0ms GET /json
[38;5;6m INFO[0m [04:06:20] 33ebcd08af944eff98fcd5afe0f8582e	 200 0ms GET /json
[38;5;6m INFO[0m [04:06:22] 6d2c9c087c5e425486fb9f98ff246f67	 200 0ms GET /json
[38;5;6m INFO[0m [04:06:22] bf026b7c6a21422492d43fa02361bd4a	 200 0ms GET /json
[38;5;6m INFO[0m [04:06:22] 5b547d8a02d64fc1aaa8f08762de6626	 200 0ms GET /json
[38;5;6m INFO[0m [04:06:22] 36cc0c659dd8418199d40e8b8094d87b	 200 0ms GET /json
[38;5;6m INFO[0m [04:06:22] 9b95491d425746e0afe5a2fed1fb3bcc	 200 0ms GET /json
[38;5;6m INFO[0m [04:06:22] d95e3a69bd64441898d42ceaa20f1e39	 200 0ms GET /json
[38;5;6m INFO[0m [04:06:22] bff0ebc595b54ce49ac09c108db99adb	 200 0ms GET /json
[38;5;6m INFO[0m [04:06:22] 39f2bc7a11f240f5aa2c7c6e33d2e52a	 200 0ms GET /json
[38;5;6m INFO[0m [04:06:22] 35801c8ca23f4aaca1023637a9684f2c	 200 0ms GET /json
[38;5;6m INFO[0m [04:06:22] eb70d6a61f914f26ac4abc8f57b2b751	 200 0ms GET /json
[38;5;6m INFO[0m [04:06:22] 0ee8857353a94ec9bd098f6f1ef37027	 200 0ms GET /json
[38;5;6m INFO[0m [04:06:22] 250d9d5331d84ab780d5120c3bd22197	 200 0ms GET /json
[38;5;6m INFO[0m [04:06:22] c686e71027004290b72865aff8ecfed2	 200 0ms GET /json
[38;5;6m INFO[0m [04:06:22] 1b39bc65d32441f8bb1cf7726bcb8f43	 200 0ms GET /json
[38;5;6m INFO[0m [04:06:22] b1c1ddde54c64630b889443672c68a46	 200 0ms GET /json
[38;5;6m INFO[0m [04:06:22] 6d3adb56f37f45d1ab8a891d4fff4d91	 200 0ms GET /json
[38;5;6m INFO[0m [04:06:22] 6574341b427d4ecdaadeb385ee01937c	 200 0ms GET /json
[38;5;6m INFO[0m [04:06:22] 613c06973832419e953a4bcb8279213b	 200 0ms GET /json
[38;5;6m INFO[0m [04:06:22] d425501658cc41f5b16ee023de888f77	 200 0ms GET /json
[38;5;6m INFO[0m [04:06:22] 779cca70fe86486ca4d109886d00c012	 200 0ms GET /json
[38;5;6m INFO[0m [04:06:22] 84bc7ac4a2134cfe8ac8784c265c5cd7	 200 0ms GET /json
[38;5;6m INFO[0m [04:06:22] 2fd519cad0ea4d8c9bee39485c1e6b19	 200 0ms GET /json
[38;5;6m INFO[0m [04:06:22] 132374b262de448b921922d220a1af5e	 200 0ms GET /json
[38;5;6m INFO[0m [04:06:22] 0512aebc81924dc6a233732ce9c6be7a	 200 0ms GET /json
[38;5;6m INFO[0m [04:06:22] 553a2f2dad8049c08b339f4c00ce11aa	 200 0ms GET /json
[38;5;6m INFO[0m [04:06:22] 5c352f71572948f9a6ef9516b7075070	 200 0ms GET /json
[38;5;6m INFO[0m [04:06:22] b2a6b153fb28451f92b0776fb21876df	 200 0ms GET /json
[38;5;6m INFO[0m [04:06:22] 048893b088d74ed4ae97b2dcc4991dea	 200 0ms GET /json
[38;5;6m INFO[0m [04:06:22] 667b6a9e2943412daa5ce4ec6499e774	 200 0ms GET /json
[38;5;6m INFO[0m [04:06:22] 6b70424753bb424c895da5b4ff6113ff	 200 0ms GET /json
[38;5;6m INFO[0m [04:06:22] 49e4ba198af64fd582849fdcde040b58	 200 0ms GET /json
[38;5;6m INFO[0m [04:06:22] 947b168195534fa5a9e87ba251e5bf73	 200 0ms GET /json
[38;5;6m INFO[0m [04:06:22] f44974d5630f43f292a3b556dab55bf3	 200 0ms GET /json
[38;5;6m INFO[0m [04:06:22] aa859116de194900bb8a5f038b4e8f12	 200 0ms GET /json
[38;5;6m INFO[0m [04:06:22] 319dbe5b0df44173910fe3ab6cd9866d	 200 0ms GET /json
[38;5;6m INFO[0m [04:06:22] 7db5c9ad30544b3bb965ad5c4bb26dd5	 200 0ms GET /json
[38;5;6m INFO[0m [04:06:22] 1b7e5da0066d43ec8d0d4621cbbe1953	 200 0ms GET /json
[38;5;6m INFO[0m [04:06:22] 1868f8a1272e4c09b8c2ec73ce2c914a	 200 0ms GET /json
[38;5;6m INFO[0m [04:06:22] 872ff5c2f80b4619bf671f25caa5d08d	 200 0ms GET /json
[38;5;6m INFO[0m [04:06:22] a084b3a03ad048aebb95b628298620db	 200 0ms GET /json
[38;5;6m INFO[0m [04:06:22] a39f1254895244fbb42ad20b5e3de115	 200 0ms GET /json
[38;5;6m INFO[0m [04:06:22] 61df3fe1bcf5415a9e32eee3dc98e5a5	 200 0ms GET /json
[38;5;6m INFO[0m [04:06:22] 82af609813844a729879a27a05f19778	 200 0ms GET /json
[38;5;6m INFO[0m [04:06:22] 782cec5df3da45588c32193b79242364	 200 0ms GET /json
[38;5;6m INFO[0m [04:06:22] f7226a8976d94feebd2f9ec9f7e75d15	 200 0ms GET /json
[38;5;6m INFO[0m [04:06:22] 62ca41f9dcd34ac4a90e2b280bd76c0f	 200 0ms GET /json
[38;5;6m INFO[0m [04:06:22] bb179051304b4fb2813420f983ad12cb	 200 0ms GET /json
[38;5;6m INFO[0m [04:06:22] 20a43e7b78cd412faae03be76d245751	 200 0ms GET /json
[38;5;6m INFO[0m [04:06:22] 0476fb1fd26c4b809453faa7214b3b08	 200 0ms GET /json
[38;5;6m INFO[0m [04:06:22] 341f403eda6c4c188f5f139fb87915a3	 200 0ms GET /json
[38;5;6m INFO[0m [04:06:22] 8bacb4db0d644b72a07c2f61fc625553	 200 0ms GET /json
[38;5;6m INFO[0m [04:06:22] cdc906535cba43a1a03effac2ae8b769	 200 0ms GET /json
[38;5;6m INFO[0m [04:06:22] 06bbd7860c3a4d09ac4792e09cb65026	 200 0ms GET /json
[38;5;6m INFO[0m [04:06:22] e18a0d58c6074169a8ad28fde9010321	 200 0ms GET /json
[38;5;6m INFO[0m [04:06:22] f9f85d5bb7d64a7284f3d0c3b527fefd	 200 0ms GET /json
[38;5;6m INFO[0m [04:06:22] ff2ab2ec647a4537abecab5d4b85a099	 200 0ms GET /json
[38;5;6m INFO[0m [04:06:22] 33b9d110950f4a6288ea8ac14407a3bb	 200 0ms GET /json
[38;5;6m INFO[0m [04:06:22] ae94eb50a1a7470d80354456adec51d2	 200 0ms GET /json
[38;5;6m INFO[0m [04:06:22] 530fe2b781e241499e2ebe42a578d95a	 200 0ms GET /json
[38;5;6m INFO[0m [04:06:22] 9efe385a99854996a5f0add154d80fb8	 200 0ms GET /json
[38;5;6m INFO[0m [04:06:22] add5d124313e4b8bbcb609b01aa92211	 200 0ms GET /json
[38;5;6m INFO[0m [04:06:22] 292fba225a9041149d516f5a65508f54	 200 0ms GET /json
[38;5;6m INFO[0m [04:06:22] 52954bc463f04c2d8edb7667aab6e92b	 200 0ms GET /json
[38;5;6m INFO[0m [04:06:22] 27d2a58950324305a1bd3465eccc625d	 200 0ms GET /json
[38;5;6m INFO[0m [04:06:22] ccbf0b5d6d044b07926a95bdf677b3b3	 200 0ms GET /json
[38;5;6m INFO[0m [04:06:22] 130261b63f0f4e13bda863601682c854	 200 0ms GET /json
[38;5;6m INFO[0m [04:06:22] 3eef8330ad054f7392cfb0e0e0407f7c	 200 0ms GET /json
[38;5;6m INFO[0m [04:06:22] 14311d7fa2af451d8216498a0cb2749b	 200 0ms GET /json
[38;5;6m INFO[0m [04:06:22] e38ae492a10d4208b21e236b8514b729	 200 0ms GET /json
[38;5;6m INFO[0m [04:06:22] bbf99e4c65b14d3f868214d6d60c044c	 200 0ms GET /json
[38;5;6m INFO[0m [04:06:22] d1525174a005486eb2d1dd82e1f598d2	 200 0ms GET /json
[38;5;6m INFO[0m [04:06:22] 70871034d21b4ef08c73f92dd7b67dbc	 200 0ms GET /json
[38;5;6m INFO[0m [04:06:22] e458236f336d4bd0bd8dfec9bc7362d7	 200 0ms GET /json
[38;5;6m INFO[0m [04:06:22] 36f81d248915446fa194ca965a4a0ec2	 200 0ms GET /json
[38;5;6m INFO[0m [04:06:22] 5a44c260484b44ca89cf11140d080fc6	 200 0ms GET /json
[38;5;6m INFO[0m [04:06:22] 714a2c96f60d48598bffbd582fe0b736	 200 0ms GET /json
[38;5;6m INFO[0m [04:06:22] 3acf6860bb8e4711a8858aa3806128a2	 200 0ms GET /json
[38;5;6m INFO[0m [04:06:22] a4c1f6c4ccb44a668cd3abff4cce5269	 200 0ms GET /json
[38;5;6m INFO[0m [04:06:22] d3ae0d04cba241d9b094c9ac2ba28c41	 200 0ms GET /json
[38;5;6m INFO[0m [04:06:22] f38eb19f19f547229d9ef896a4cc8f00	 200 0ms GET /json
[38;5;6m INFO[0m [04:06:22] a9140487dce24823bbfaa1474375a740	 200 0ms GET /json
[38;5;6m INFO[0m [04:06:22] c78687b546df46119dfac07cc49aa788	 200 0ms GET /json
[38;5;6m INFO[0m [04:06:22] 5feffc4fc2d54432961693b8f7a79b01	 200 0ms GET /json
[38;5;6m INFO[0m [04:06:22] 216876d359f84945ac0aafc4de1da4e0	 200 0ms GET /json
[38;5;6m INFO[0m [04:06:22] 3f2115b7c43148bb80a4c74e6b6b5be1	 200 0ms GET /json
[38;5;6m INFO[0m [04:06:22] e934cbbc7c5d4477a7f5768eeb02e516	 200 0ms GET /json
[38;5;6m INFO[0m [04:06:22] 24924613a07f42e4b4acb8abb72edd16	 200 0ms GET /json
[38;5;6m INFO[0m [04:06:22] b45ca0b7dc204a2f9a9614c9bf78e10a	 200 0ms GET /json
[38;5;6m INFO[0m [04:06:22] 5787c94eb9b54cd28084cbe119b58f60	 200 0ms GET /json
[38;5;6m INFO[0m [04:06:22] f93c73f391a0460da101b0fe796f0490	 200 0ms GET /json
[38;5;6m INFO[0m [04:06:22] 224eb2656d474f4dacfaf9ba95c8e7dc	 200 0ms GET /json
[38;5;6m INFO[0m [04:06:22] 3eae605f599a4dbcb054eb1f059525e8	 200 0ms GET /json
[38;5;6m INFO[0m [04:06:22] 0a4d091bff144d2d8e7d5115c3fc1a66	 200 0ms GET /json
[38;5;6m INFO[0m [04:06:22] 487ded8a5d6d45e184dc63dd5f8315e4	 200 0ms GET /json
[38;5;6m INFO[0m [04:06:22] 78651435d4b344aeaa141ed752baa1dd	 200 0ms GET /json
[38;5;6m INFO[0m [04:06:22] 043fb136fb4d4074963346a1314f7841	 200 0ms GET /json
[38;5;6m INFO[0m [04:06:22] 78b2870ac466464891bea891ce7d2b75	 200 0ms GET /json
[38;5;6m INFO[0m [04:06:22] 3d7eb39c7eef4ababa7c5d6e40f66baa	 200 0ms GET /json
[38;5;6m INFO[0m [04:06:22] e4451d03fe054710a56b877d83a6a385	 200 0ms GET /json
[38;5;6m INFO[0m [04:06:22] 21e38bca8645477f89c4460b2fb9d72e	 200 0ms GET /json
[38;5;6m INFO[0m [04:06:22] 3d029cc7efe946fb80cfe5fa53ba40e5	 200 0ms GET /json
[38;5;6m INFO[0m [04:06:22] 182fee1dd9c542de869dc76ebf25d192	 200 0ms GET /json
[38;5;6m INFO[0m [04:06:22] ec291ef3457646568d196bcdda62256b	 200 0ms GET /json
[38;5;6m INFO[0m [04:06:22] a8a5c3ff99a44e338c3d193a3e8e65ce	 200 0ms GET /json
[38;5;6m INFO[0m [04:06:22] 7586336c0efe47e19322c71af609f3fd	 200 0ms GET /json
[38;5;6m INFO[0m [04:06:22] da7ab640476d46beb54ad3b034fd086a	 200 0ms GET /json
[38;5;6m INFO[0m [04:06:22] eed1a1efb70544eaa6bc709e06ccc651	 200 0ms GET /json
[38;5;6m INFO[0m [04:06:22] 46760018b9f943adbf522ecfd226f690	 200 0ms GET /json
[38;5;6m INFO[0m [04:06:22] 9c49f6621b6c4a67969f4879ad8308b7	 200 0ms GET /json
[38;5;6m INFO[0m [04:06:22] 93c9b476498e469a88bcda7d83d3df5c	 200 0ms GET /json
[38;5;6m INFO[0m [04:06:22] 792fc53c90054b65b5ba6dde85dc9dea	 200 0ms GET /json
[38;5;6m INFO[0m [04:06:22] 087f86d99fa741ae8afd03caa9a2f3a9	 200 0ms GET /json
[38;5;6m INFO[0m [04:06:22] d5e13c2c950e48daafbb1542525e72a0	 200 0ms GET /json
[38;5;6m INFO[0m [04:06:22] 61d87e95d1b0405d84639ae397ed23c4	 200 0ms GET /json
[38;5;6m INFO[0m [04:06:22] 905f65a789a64db8a19011976e596eeb	 200 0ms GET /json
[38;5;6m INFO[0m [04:06:22] 4e2c5e91a2dd4e60afd789c6d63eb761	 200 0ms GET /json
[38;5;6m INFO[0m [04:06:22] 2b7a43b8db134bf5b2cb0417747dc966	 200 0ms GET /json
[38;5;6m INFO[0m [04:06:22] bb8a888618b24f4498ac19a0b37db8ed	 200 0ms GET /json
[38;5;6m INFO[0m [04:06:22] 6aad380c2630452391fc41127da1be3c	 200 0ms GET /json
[38;5;6m INFO[0m [04:06:22] f9d94fc1231b4d34ba3b61f06a91aae6	 200 0ms GET /json
[38;5;6m INFO[0m [04:06:22] 929ccd1abfcb4c11945c35d7641e15ae	 200 0ms GET /json
[38;5;6m INFO[0m [04:06:22] 983c0894c78643949cb9662e421ddaeb	 200 0ms GET /json
[38;5;6m INFO[0m [04:06:22] 37c20466a7234500b9cadd5cb52014ec	 200 0ms GET /json
[38;5;6m INFO[0m [04:06:22] eeec04f3f41e4c00be868260cf44819c	 200 0ms GET /json
[38;5;6m INFO[0m [04:06:22] 410190efa9d443139c422df8aefb4d61	 200 0ms GET /json
[38;5;6m INFO[0m [04:06:22] 22b603c24de04b79804a31412af7af5e	 200 0ms GET /json
[38;5;6m INFO[0m [04:06:22] 4c87b1cadd524e9d90ed5f4e11e1d2bc	 200 0ms GET /json
[38;5;6m INFO[0m [04:06:22] e03c6fb2705646899cfd4ed3312e5a3b	 200 0ms GET /json
[38;5;6m INFO[0m [04:06:22] d519430b2ed94ac5b3ff4918b588be62	 200 0ms GET /json
[38;5;6m INFO[0m [04:06:22] 3ec9976bdd624c07b192455f7a6ab680	 200 0ms GET /json
[38;5;6m INFO[0m [04:06:22] d0cb75f8f3ff4984846f569fb5039053	 200 0ms GET /json
[38;5;6m INFO[0m [04:06:22] 04c2ec1d64f248cd8be64546d937fe87	 200 0ms GET /json
[38;5;6m INFO[0m [04:06:22] 6f78e04af419483bbb8f7524d692eea6	 200 0ms GET /json
[38;5;6m INFO[0m [04:06:22] 155d4f5209d1451b8d447c5b293475f6	 200 0ms GET /json
[38;5;6m INFO[0m [04:06:22] ee1353887fb8476b8f4f3203fbef9ef9	 200 0ms GET /json
[38;5;6m INFO[0m [04:06:22] 7db4cb7d7f7945ebba0d0ad7a0641935	 200 0ms GET /json
[38;5;6m INFO[0m [04:06:22] d04f4a7326aa41e6b149e7bd08be6079	 200 0ms GET /json
[38;5;6m INFO[0m [04:06:22] 17483e903a264422a9fc2f698f9c62cf	 200 0ms GET /json
[38;5;6m INFO[0m [04:06:22] 8e4873207d024ae6b61ee3c0e8bdff5d	 200 0ms GET /json
[38;5;6m INFO[0m [04:06:22] 18062ea82a034ec691cf0e8165ca5e94	 200 0ms GET /json
[38;5;6m INFO[0m [04:06:22] 6e92cec65aec45be8ce5a26c185de6fd	 200 0ms GET /json
[38;5;6m INFO[0m [04:06:22] 3132e57b01bb4096a5b2a4dda0dc283a	 200 0ms GET /json
[38;5;6m INFO[0m [04:06:22] afea3fefa74a4aa4b7946b3ee284de5c	 200 0ms GET /json
[38;5;6m INFO[0m [04:06:22] 5ca966afeb6f43fc954391f62b9510c7	 200 0ms GET /json
[38;5;6m INFO[0m [04:06:22] 7acf1f4209bf4e6fa85687bbdc88657f	 200 0ms GET /json
[38;5;6m INFO[0m [04:06:22] b8e89f33f63a4dc0bbb32431ed69c299	 200 0ms GET /json
[38;5;6m INFO[0m [04:06:22] 69950e58061d43a698e66e689787f89b	 200 0ms GET /json
[38;5;6m INFO[0m [04:06:22] bae246ef9c6045358268cfcaa79f374a	 200 0ms GET /json
[38;5;6m INFO[0m [04:06:22] 5b37e9c1257b47c79ec8cddcc639edd6	 200 0ms GET /json
[38;5;6m INFO[0m [04:06:22] 793bd0db4d8a4e068750b9738a59d20d	 200 0ms GET /json
[38;5;6m INFO[0m [04:06:22] 1392238982f74757b0997682fc763287	 200 0ms GET /json
[38;5;6m INFO[0m [04:06:22] 1a07f78b4b304cb1aa4aa99c5ee0c65d	 200 0ms GET /json
[38;5;6m INFO[0m [04:06:22] b5c9e79f51ce40198fdb4fc07079743c	 200 0ms GET /json
[38;5;6m INFO[0m [04:06:22] 065d10328a404ebb9ef37e42f28222a9	 200 0ms GET /json
[38;5;6m INFO[0m [04:06:22] 737e8ea803af45639f57c927a667ca1e	 200 0ms GET /json
[38;5;6m INFO[0m [04:06:22] 6d88d0754915477aa146e820f543bfc0	 200 0ms GET /json
[38;5;6m INFO[0m [04:06:22] 20a54826bb714b51afef3b5ef0ea8e94	 200 0ms GET /json
[38;5;6m INFO[0m [04:06:22] a6913a211478421c837806cf6d7736ce	 200 0ms GET /json
[38;5;6m INFO[0m [04:06:22] a47e52b839da4588b33a99025a47d676	 200 0ms GET /json
[38;5;6m INFO[0m [04:06:22] 82fb3adf72ad465794708854b0adb2cc	 200 0ms GET /json
[38;5;6m INFO[0m [04:06:22] 6021996b88a24b96a33ba988c5539d75	 200 0ms GET /json
[38;5;6m INFO[0m [04:06:22] 05cf372007c24353b65fffb427490786	 200 0ms GET /json
[38;5;6m INFO[0m [04:06:22] 707ff0d395044fbbb7b22c1057972f6c	 200 0ms GET /json
[38;5;6m INFO[0m [04:06:22] 4b8f67dc8ecf44eb8f26a4d1002a756d	 200 0ms GET /json
[38;5;6m INFO[0m [04:06:22] c9732befeed14be9a4d071c79d8aecda	 200 0ms GET /json
[38;5;6m INFO[0m [04:06:22] 31036c4256d64327b50dad48d6f4ed45	 200 0ms GET /json
[38;5;6m INFO[0m [04:06:22] 753cdac5d21e47789140b7b872013d1f	 200 0ms GET /json
[38;5;6m INFO[0m [04:06:22] 7bf47b1e0d0548fa9ef536f0f5b46030	 200 0ms GET /json
[38;5;6m INFO[0m [04:06:22] 7ae68012fba04fa3ae6cadfce9d50af1	 200 0ms GET /json
[38;5;6m INFO[0m [04:06:22] 9a8c83a6709c44f2a84cbabd72c5ded2	 200 0ms GET /json
[38;5;6m INFO[0m [04:06:22] fbb12fff5d11430c806c521d575a34e3	 200 0ms GET /json
[38;5;6m INFO[0m [04:06:22] 9a02fbc83d764fd1ad984df6bc46fd83	 200 0ms GET /json
[38;5;6m INFO[0m [04:06:22] 59b73df1658c4539be6d86b88f8b5fc8	 200 0ms GET /json
[38;5;6m INFO[0m [04:06:22] d2e251e44bcb46ad8516235b8b9db7a8	 200 0ms GET /json
[38;5;6m INFO[0m [04:06:22] 88ddb77db94a4960a318ff2acf8ace60	 200 0ms GET /json
[38;5;6m INFO[0m [04:06:22] 4462a5100e8c419e8def892f31d6041b	 200 0ms GET /json
[38;5;6m INFO[0m [04:06:22] 9cd76afe1dd74aeea185f03871ad620c	 200 0ms GET /json
[38;5;6m INFO[0m [04:06:22] 9e25eb2557ad4c8881cc8ece5e3e8219	 200 0ms GET /json
[38;5;6m INFO[0m [04:06:22] 53ac4ed1b9ec43c1b1773c8070efb92e	 200 0ms GET /json
[38;5;6m INFO[0m [04:06:22] 811c977332b748f9be067031f191016d	 200 0ms GET /json
[38;5;6m INFO[0m [04:06:22] abcf3f3beedc4406a22698ee872e6562	 200 0ms GET /json
[38;5;6m INFO[0m [04:06:22] 228703e3b9bf48b893a925f7c7795ca6	 200 0ms GET /json
[38;5;6m INFO[0m [04:06:22] 1b698991a9974f508b304a6bfed940ad	 200 0ms GET /json
[38;5;6m INFO[0m [04:06:22] 53a8396b72034adc9377d26cdeec6a2e	 200 0ms GET /json
[38;5;6m INFO[0m [04:06:22] 68607e2622ca44c498f1c1b72b9796c3	 200 0ms GET /json
[38;5;6m INFO[0m [04:06:22] f8ad2e01b5214f119f0ba75bca312ca3	 200 0ms GET /json
[38;5;6m INFO[0m [04:06:22] f42d08eaca404368902cb58ac7ef26a9	 200 0ms GET /json
[38;5;6m INFO[0m [04:06:22] 75128826f3384e69a5fa92790659be9e	 200 0ms GET /json
[38;5;6m INFO[0m [04:06:22] de3e79ca3d15494ba67144e61d1cfba6	 200 0ms GET /json
[38;5;6m INFO[0m [04:06:22] 56ee4702468940428d9305966e1810e1	 200 0ms GET /json
[38;5;6m INFO[0m [04:06:22] 67ecde3e9fa64cde93b87477d3436d75	 200 0ms GET /json
[38;5;6m INFO[0m [04:06:22] f50312d826354e7a8a11ccf0fa6c5175	 200 0ms GET /json
[38;5;6m INFO[0m [04:06:22] 9016aaabaac1485aa7570e0b1a3a6fb3	 200 0ms GET /json
[38;5;6m INFO[0m [04:06:22] 32c3a9adb36548babf45f3440b6ff22a	 200 0ms GET /json
[38;5;6m INFO[0m [04:06:22] 01268e07b1fa4b2e83d5db439a16813c	 200 0ms GET /json
[38;5;6m INFO[0m [04:06:22] dddca68acbb540ceacdc7f856f79abff	 200 0ms GET /json
[38;5;6m INFO[0m [04:06:22] 1c2899078c9547dc803aa82c6c6ca311	 200 0ms GET /json
[38;5;6m INFO[0m [04:06:22] 8d0f6120d9da46b6b3d8568029a514b4	 200 0ms GET /json
[38;5;6m INFO[0m [04:06:22] bf8dadc6b42d4f54bcaacbe3af191557	 200 0ms GET /json
[38;5;6m INFO[0m [04:06:22] 77203175098a4ed5adda8735816e0906	 200 0ms GET /json
[38;5;6m INFO[0m [04:06:22] c6345f8d58d84500af6739a61049ab7e	 200 0ms GET /json
[38;5;6m INFO[0m [04:06:22] 0d1c23cd4687491a8e415e48bd4a2e90	 200 0ms GET /json
[38;5;6m INFO[0m [04:06:22] 7f59084ee18040b8ae82de127b93dce6	 200 0ms GET /json
[38;5;6m INFO[0m [04:06:22] 158b59b0cb524a8aa55f4c6aa55e5870	 200 0ms GET /json
[38;5;6m INFO[0m [04:06:22] f21f944f01154dc6bc526e5dd3adacaf	 200 0ms GET /json
[38;5;6m INFO[0m [04:06:22] f68c9031bdfd420ca2dc55c9c7c6aacb	 200 0ms GET /json
[38;5;6m INFO[0m [04:06:22] 955c567423024f91b707812368d016ea	 200 0ms GET /json
[38;5;6m INFO[0m [04:06:22] dd727a2a91614511b2f032a860797311	 200 0ms GET /json
[38;5;6m INFO[0m [04:06:22] fa3d542f15bd438cb8d306948876794c	 200 0ms GET /json
[38;5;6m INFO[0m [04:06:22] d222190905d24a5ea8ec69eef1496c5a	 200 0ms GET /json
[38;5;6m INFO[0m [04:06:22] ffaa36af5d4b4e8190ebc9c29bc49f90	 200 0ms GET /json
[38;5;6m INFO[0m [04:06:22] 683b0363baa84e6582a918749c47d4c0	 200 0ms GET /json
[38;5;6m INFO[0m [04:06:22] a689df4f3e964b06af3ea14ceb90d61c	 200 0ms GET /json
[38;5;6m INFO[0m [04:06:22] f65d027a8f77499599602395c3477730	 200 0ms GET /json
[38;5;6m INFO[0m [04:06:22] 9a3592a9f4bb4fa88c616ed0b8f1cf41	 200 0ms GET /json
[38;5;6m INFO[0m [04:06:22] 662aa27fdc214e39be008e884392b8bb	 200 0ms GET /json
[38;5;6m INFO[0m [04:06:22] 2db678d3b0364cfe87db9d9c06628c1e	 200 0ms GET /json
[38;5;6m INFO[0m [04:06:22] 0663879f96864291ab168cfe98aef1d3	 200 0ms GET /json
[38;5;6m INFO[0m [04:06:22] b1fb53ce226f4e3ca3eec0e3395c1f52	 200 0ms GET /json
[38;5;6m INFO[0m [04:06:22] e7ee4ba42ffd4fd79867160d02b294e6	 200 0ms GET /json
[38;5;6m INFO[0m [04:06:22] 9cafa10b73374a9f8c5e5af87215914d	 200 0ms GET /json
[38;5;6m INFO[0m [04:06:22] 007daaca3fc2444daf1676cd7abb1ca0	 200 0ms GET /json
[38;5;6m INFO[0m [04:06:22] 2a9d5d7127574105aa705085b0ec1059	 200 0ms GET /json
[38;5;6m INFO[0m [04:06:22] 7a180f0c71d24c36a9908b88694293d9	 200 0ms GET /json
[38;5;6m INFO[0m [04:06:22] d9cdbf455be64057ac58ddc4e3011289	 200 0ms GET /json
[38;5;6m INFO[0m [04:06:22] 9ea521ef602a43e28e77498e41591ca4	 200 0ms GET /json
[38;5;6m INFO[0m [04:06:22] 4fdf8cbe6a9043c2834de0fac88e404d	 200 0ms GET /json
[38;5;6m INFO[0m [04:06:22] 66cf54011c6945109ddc85df042630d6	 200 0ms GET /json
[38;5;6m INFO[0m [04:06:22] fa5738a1e3d949e38549bf684ee29e56	 200 0ms GET /json
[38;5;6m INFO[0m [04:06:22] 3a0651b995ec4b7685271ff481f6070c	 200 0ms GET /json
[38;5;6m INFO[0m [04:06:22] 98aa71e3c270403982bbe41a4116bfde	 200 0ms GET /json
[38;5;6m INFO[0m [04:06:22] e20eeaa12e5242aeb1dd2d6aaf515089	 200 0ms GET /json
[38;5;6m INFO[0m [04:06:22] 13a37b19e99d42b59405351a27ac67b7	 200 0ms GET /json
[38;5;6m INFO[0m [04:06:22] 44d50696288641b08d482e7e9a757d65	 200 0ms GET /json
[38;5;6m INFO[0m [04:06:22] c7f397d157034245bb3baf2d0a179c44	 200 0ms GET /json
[38;5;6m INFO[0m [04:06:22] 30076aec6a8241658bf0241126a07012	 200 0ms GET /json
[38;5;6m INFO[0m [04:06:22] aa60f3ecfd9d411cb988f818e8f5f649	 200 0ms GET /json
[38;5;6m INFO[0m [04:06:22] 6f37403663d749ae9e2cdd2d9f512e43	 200 0ms GET /json
[38;5;6m INFO[0m [04:06:22] 437baf893d2148079156cef915a14648	 200 0ms GET /json
[38;5;6m INFO[0m [04:06:22] 6b563acee9af4f5aaeffdab27ebdc5b4	 200 0ms GET /json
[38;5;6m INFO[0m [04:06:22] 048748576b8f4f249efb2bc39a5c3834	 200 0ms GET /json
[38;5;6m INFO[0m [04:06:22] b9b423d7dee142b6a913c589fb7c4d8f	 200 0ms GET /json
[38;5;6m INFO[0m [04:06:22] d9059847d0c34d5d9382991e84dc20ca	 200 0ms GET /json
[38;5;6m INFO[0m [04:06:22] 5c802aaee08347a4a1261d401b91e7ea	 200 0ms GET /json
[38;5;6m INFO[0m [04:06:22] fafe6a56fe5945769ba60b3011f2fefa	 200 0ms GET /json
[38;5;6m INFO[0m [04:06:22] 89dded75783b42d4bdf8268c17cee3e7	 200 0ms GET /json
[38;5;6m INFO[0m [04:06:22] b80299495323482db35f4a75d0b977f4	 200 0ms GET /json
[38;5;6m INFO[0m [04:06:22] 9d8049d5502b4b46aad215d6717e5c38	 200 0ms GET /json
[38;5;6m INFO[0m [04:06:22] 3fc28336befe49419a62ce88ed47910b	 200 0ms GET /json
[38;5;6m INFO[0m [04:06:22] 50d83721b4014620beff60ba14f108af	 200 0ms GET /json
[38;5;6m INFO[0m [04:06:22] c838fec89168418290641c408959c4f6	 200 0ms GET /json
[38;5;6m INFO[0m [04:06:22] 98adaeaad1764cfea04f4c57b1d22b2e	 200 0ms GET /json
[38;5;6m INFO[0m [04:06:22] 7c4ae4be76e84929882afc2388927688	 200 0ms GET /json
[38;5;6m INFO[0m [04:06:22] 046e3f3c18c44f07bb9118fad9209959	 200 0ms GET /json
[38;5;6m INFO[0m [04:06:22] bbf8b3ca54cc4edfada4340586c54ea2	 200 0ms GET /json
[38;5;6m INFO[0m [04:06:22] a312f6bab7f344adb542026195e7fd23	 200 0ms GET /json
[38;5;6m INFO[0m [04:06:22] 8770371f35ff468fa6223f6367a513f6	 200 0ms GET /json
[38;5;6m INFO[0m [04:06:22] 8e31b7919f6c49288452b7b7b0eff80a	 200 0ms GET /json
[38;5;6m INFO[0m [04:06:22] c44599639f3942e7ad4e93f015b6b746	 200 0ms GET /json
[38;5;6m INFO[0m [04:06:22] 82b5847006db4b379d46930d799eb1dd	 200 0ms GET /json
[38;5;6m INFO[0m [04:06:22] f6c54492bfb8479393169cc4e99dc90d	 200 0ms GET /json
[38;5;6m INFO[0m [04:06:22] 92a4b3d0e44642fcb9b2b2dc460f826b	 200 0ms GET /json
[38;5;6m INFO[0m [04:06:22] ee25f0ab7e1c4822b967f0d56365de7b	 200 0ms GET /json
[38;5;6m INFO[0m [04:06:22] 1607b49a1e48420bae54d9b0ee5ce938	 200 0ms GET /json
[38;5;6m INFO[0m [04:06:22] b5642660ee8848a99f5816d3b4a994e1	 200 0ms GET /json
[38;5;6m INFO[0m [04:06:22] c9e507fad63944ccbdd9c09b2e086907	 200 0ms GET /json
[38;5;6m INFO[0m [04:06:22] 7fa3b4cdf15b4287b1723d0862fc53ec	 200 0ms GET /json
[38;5;6m INFO[0m [04:06:22] 286691824c834c25930274e4dc4e7683	 200 0ms GET /json
[38;5;6m INFO[0m [04:06:22] 6b40a70d4cd94ff899a9dfc2998fe63d	 200 0ms GET /json
[38;5;6m INFO[0m [04:06:22] 94d4ea33abdf4f0db449b92ecd16260e	 200 0ms GET /json
[38;5;6m INFO[0m [04:06:22] 721f35e4238541df93f79d6d5a2a89b2	 200 0ms GET /json
[38;5;6m INFO[0m [04:06:22] 36c5e127b9a84a28a253b69a2d53f68a	 200 0ms GET /json
[38;5;6m INFO[0m [04:06:22] 0f1d8b2f72e5477b8dc295cc9278fa04	 200 0ms GET /json
[38;5;6m INFO[0m [04:06:22] c994096c2e6b4f94b07ea2a7e91be6fb	 200 0ms GET /json
[38;5;6m INFO[0m [04:06:22] d37cc609a40442bfb2f71c5c3fb9f4ca	 200 0ms GET /json
[38;5;6m INFO[0m [04:06:22] 9b76309dbdbb4fdc817a2218ac6182bd	 200 0ms GET /json
[38;5;6m INFO[0m [04:06:22] 7b4481ebe6be49dcb574416101b836c6	 200 0ms GET /json
[38;5;6m INFO[0m [04:06:22] a9b63d9ef5484a479e9710097515c534	 200 0ms GET /json
[38;5;6m INFO[0m [04:06:22] ec21dc9a12724394b8d56f1b3842714f	 200 0ms GET /json
[38;5;6m INFO[0m [04:06:22] ab43eb81e80f4b79a019797f13dbf2c0	 200 0ms GET /json
[38;5;6m INFO[0m [04:06:22] e65fa67e991e4c2096600ee76ffc71dd	 200 0ms GET /json
[38;5;6m INFO[0m [04:06:22] f8b6c1275af74f6499495199c3606dfb	 200 0ms GET /json
[38;5;6m INFO[0m [04:06:22] 7490553dc38344f59a6443d24181b3d0	 200 0ms GET /json
[38;5;6m INFO[0m [04:06:22] a1390504b1004e5da221c637bbe8b639	 200 0ms GET /json
[38;5;6m INFO[0m [04:06:22] 2c1857e3a82f412ba2a8d8865d75eac1	 200 0ms GET /json
[38;5;6m INFO[0m [04:06:22] 5df36c7f709744ad98713e268bce9ab3	 200 0ms GET /json
[38;5;6m INFO[0m [04:06:22] 87f82890b10440618f5483ada0037839	 200 0ms GET /json
[38;5;6m INFO[0m [04:06:22] 110bd930c4f74d389d8d9c1f85c4ab43	 200 0ms GET /json
[38;5;6m INFO[0m [04:06:22] c233816b777a4c0f9c3d9b520f96499c	 200 0ms GET /json
[38;5;6m INFO[0m [04:06:22] f343fcf60ae049dd98ae4fed639b710f	 200 0ms GET /json
[38;5;6m INFO[0m [04:06:22] d48b1508f4de49d28869aa4f777ab371	 200 0ms GET /json
[38;5;6m INFO[0m [04:06:22] 6dd532fe7a1f4874a9505eed27e15ce5	 200 0ms GET /json
[38;5;6m INFO[0m [04:06:22] dfd111146d4940a5940548e443c7df48	 200 0ms GET /json
[38;5;6m INFO[0m [04:06:22] aacde24e1abf4e4ebfe8ac5e2777ec15	 200 0ms GET /json
[38;5;6m INFO[0m [04:06:22] 39f51bb696634c44a568e80fb5d14e96	 200 0ms GET /json
[38;5;6m INFO[0m [04:06:22] ccb2773b14ba4cdd8eae32fa6941d3f3	 200 0ms GET /json
[38;5;6m INFO[0m [04:06:22] 25c7bc3f9ac64981a21479a2497253b7	 200 0ms GET /json
[38;5;6m INFO[0m [04:06:22] 8efa0ca7a5ad41b6a157ab999cd803a7	 200 0ms GET /json
[38;5;6m INFO[0m [04:06:22] 29d3e51ef93b4eef9ff4d000eea3caaf	 200 0ms GET /json
[38;5;6m INFO[0m [04:06:22] 2a3b5fd570d6475db37cb7a0cbe3c30a	 200 0ms GET /json
[38;5;6m INFO[0m [04:06:24] d9de13d0bdac4cb9a0fe78317c104b1e	 200 0ms GET /json
[38;5;6m INFO[0m [04:06:24] f55132a1f57c4716944e0643cb4cf73c	 200 0ms GET /json
[38;5;6m INFO[0m [04:06:24] 0b38b705e51e40d38ec5fd0b095e0062	 200 0ms GET /json
[38;5;6m INFO[0m [04:06:24] 982b9e10ceaf4019aeb15b2b17aa3896	 200 0ms GET /json
[38;5;6m INFO[0m [04:06:24] c1b88c241fb04693a1b79cd9d15a90f7	 200 0ms GET /json
[38;5;6m INFO[0m [04:06:24] 3d8773bbbc6448118193bc43e686a1f9	 200 0ms GET /json
[38;5;6m INFO[0m [04:06:24] e9d7b2e129ad4155afc5638d6f23ffb3	 200 0ms GET /json
[38;5;6m INFO[0m [04:06:24] 8b98d825c6014f23bd593fda1418757d	 200 0ms GET /json
[38;5;6m INFO[0m [04:06:24] e23bcd000c1d4b5293cc1ed2ab124af1	 200 0ms GET /json
[38;5;6m INFO[0m [04:06:24] 5f425151566f452e81878c69999fcf2c	 200 0ms GET /json
[38;5;6m INFO[0m [04:06:24] ad9bb7435ada4e3b805ae0a947bd5465	 200 0ms GET /json
[38;5;6m INFO[0m [04:06:24] 276398a3e30648abb1966885b439182d	 200 0ms GET /json
[38;5;6m INFO[0m [04:06:24] df5c30e27f6d4bf1877394cd1094a449	 200 0ms GET /json
[38;5;6m INFO[0m [04:06:24] 86bebf5aa2be4b828cd36ba6eb96ddc9	 200 0ms GET /json
[38;5;6m INFO[0m [04:06:24] 33a085df48a340aaa72512481b104318	 200 0ms GET /json
[38;5;6m INFO[0m [04:06:24] 3af32aaf6c7544d6a45c3367c96a64ab	 200 0ms GET /json
[38;5;6m INFO[0m [04:06:24] 9a79485cd4724fccae7c4e079f6204ca	 200 0ms GET /json
[38;5;6m INFO[0m [04:06:24] 451d2ef1af0347edb9b60cb2b4670b79	 200 0ms GET /json
[38;5;6m INFO[0m [04:06:24] fb1376be67ca4167b0d29f76223b8fc8	 200 0ms GET /json
[38;5;6m INFO[0m [04:06:24] 4e7c50ffeabe46e29929da53c41ea0a7	 200 0ms GET /json
[38;5;6m INFO[0m [04:06:24] 2ebdf46c9adc4bc688b0d046162c6e22	 200 0ms GET /json
[38;5;6m INFO[0m [04:06:24] 1483f98c675a423ca8a1340df2c6f12d	 200 0ms GET /json
[38;5;6m INFO[0m [04:06:24] e14951a226e34d71aecc8ad83ab76862	 200 0ms GET /json
[38;5;6m INFO[0m [04:06:24] c2b0de1135034d83921fa3ceb264b241	 200 0ms GET /json
[38;5;6m INFO[0m [04:06:24] d0ea9eb3106f4ef99f791b8ea374cbcf	 200 0ms GET /json
[38;5;6m INFO[0m [04:06:24] 35dd00acd09b4b6f838a2cec8d43f71a	 200 0ms GET /json
[38;5;6m INFO[0m [04:06:24] c77c2c0730a74b779e3bc7de0f5a9bec	 200 0ms GET /json
[38;5;6m INFO[0m [04:06:24] e63def124858451ab6bc9c2aa8a5bb70	 200 0ms GET /json
[38;5;6m INFO[0m [04:06:24] 1787c6190ba340c48525b5f7144d343c	 200 0ms GET /json
[38;5;6m INFO[0m [04:06:24] 4354a7a6903149cbbc8097cca9e0254e	 200 0ms GET /json
[38;5;6m INFO[0m [04:06:24] 3ba751ec48ae4de6a389273bea887af4	 200 0ms GET /json
[38;5;6m INFO[0m [04:06:24] d790a3dd26fc4c5dacc056d4f1b26cd0	 200 0ms GET /json
[38;5;6m INFO[0m [04:06:24] d5b52918e57f472aa4b3adc9b39f5f34	 200 0ms GET /json
[38;5;6m INFO[0m [04:06:24] 983fe87b138746b2893a3dd6f28063fc	 200 0ms GET /json
[38;5;6m INFO[0m [04:06:24] d7b04fefde854d508f56ea9811fc0b90	 200 0ms GET /json
[38;5;6m INFO[0m [04:06:24] ab605bb93311445badc7a495cbe6cc8b	 200 0ms GET /json
[38;5;6m INFO[0m [04:06:24] 58996c469a324033b4f1f104c4148fde	 200 0ms GET /json
[38;5;6m INFO[0m [04:06:24] 0ccccd7178604741b4ebe1b7d085f740	 200 0ms GET /json
[38;5;6m INFO[0m [04:06:24] 69bc4bdbdece492e8057f5965c3bca9d	 200 0ms GET /json
[38;5;6m INFO[0m [04:06:24] 4b0e0cc613aa423c9bba73eed44e15b4	 200 0ms GET /json
[38;5;6m INFO[0m [04:06:24] 66f09262406a4a75b5950779b6430d5c	 200 0ms GET /json
[38;5;6m INFO[0m [04:06:24] 0e371717fdf140b9a114750d0f3f833f	 200 0ms GET /json
[38;5;6m INFO[0m [04:06:24] f3d53065868d489b8b0e21350909447e	 200 0ms GET /json
[38;5;6m INFO[0m [04:06:24] 0f5861dd31404f4f808e27bb52092d80	 200 0ms GET /json
[38;5;6m INFO[0m [04:06:24] c47da57b6b4444389a1f6ffd3fbcab76	 200 0ms GET /json
[38;5;6m INFO[0m [04:06:24] d3321bcdcdc349119a240c770cd35e99	 200 0ms GET /json
[38;5;6m INFO[0m [04:06:24] c41d0f26beda48d5bcdb3c4e681837ee	 200 0ms GET /json
[38;5;6m INFO[0m [04:06:24] 3b143c3ec0a34dbb8c88a8740014255c	 200 0ms GET /json
[38;5;6m INFO[0m [04:06:24] 16eb1d91aff146b6baec78bfa791ef0e	 200 0ms GET /json
[38;5;6m INFO[0m [04:06:24] 6af1b5bef8b344c3bbb372cfdef32bc4	 200 0ms GET /json
[38;5;6m INFO[0m [04:06:24] eb74a13f800d4e98853e7e9fec93d38c	 200 0ms GET /json
[38;5;6m INFO[0m [04:06:24] 96d51b5583cb46f5860f3cd158448766	 200 0ms GET /json
[38;5;6m INFO[0m [04:06:24] ca934d52f3d54db98d507546320a67de	 200 0ms GET /json
[38;5;6m INFO[0m [04:06:24] 1bbb061183cb4e90ae4ea0b304a356c5	 200 0ms GET /json
[38;5;6m INFO[0m [04:06:24] 55ee6864b8ec41ea8c4372c568fc1dd4	 200 0ms GET /json
[38;5;6m INFO[0m [04:06:24] 935dacda50c04f809577d8ac60e3ccf2	 200 0ms GET /json
[38;5;6m INFO[0m [04:06:24] 0a3305cb91d1438bab06bbfcfdb68f8f	 200 0ms GET /json
[38;5;6m INFO[0m [04:06:24] 8ed21165d1294dfe86ba762332daa546	 200 0ms GET /json
[38;5;6m INFO[0m [04:06:24] c43b3b6f696a49d0a955e941236d1472	 200 0ms GET /json
[38;5;6m INFO[0m [04:06:24] 4e9de7deae974069bdaad8bb07421afd	 200 0ms GET /json
[38;5;6m INFO[0m [04:06:24] 239837faf6954f80861d9848fe6f3c41	 200 0ms GET /json
[38;5;6m INFO[0m [04:06:24] fdf864b9125a4857b1b1d19a949f72b7	 200 0ms GET /json
[38;5;6m INFO[0m [04:06:24] 910d04b341c24a4aab9ef401d6c48726	 200 0ms GET /json
[38;5;6m INFO[0m [04:06:24] f608eaa1958545c691071fe69de0ddb0	 200 0ms GET /json
[38;5;6m INFO[0m [04:06:24] 9631f796e41b44c587083696d9609cf4	 200 0ms GET /json
[38;5;6m INFO[0m [04:06:24] 7aeac53cd679491a8f545a999836298a	 200 0ms GET /json
[38;5;6m INFO[0m [04:06:24] ca22baf93d184142b943a37597f6fff4	 200 0ms GET /json
[38;5;6m INFO[0m [04:06:24] 23c0663cbc9f4c95b34e5d897633d3b4	 200 0ms GET /json
[38;5;6m INFO[0m [04:06:24] e56af33feb7f4c12b36eca8dc7816718	 200 0ms GET /json
[38;5;6m INFO[0m [04:06:24] f9c26364c4884737b2960beab54f5420	 200 0ms GET /json
[38;5;6m INFO[0m [04:06:24] 85641dc75b864670b5602febae4e0f03	 200 0ms GET /json
[38;5;6m INFO[0m [04:06:24] d7efdbabe2c5462a94997ff7333ec057	 200 0ms GET /json
[38;5;6m INFO[0m [04:06:24] 357329d40f50470ea29f371e40009133	 200 0ms GET /json
[38;5;6m INFO[0m [04:06:24] a0161f84b3f649f78a789d52bac265b9	 200 0ms GET /json
[38;5;6m INFO[0m [04:06:24] d163892d3ac84133a35abc0a6f324ec1	 200 0ms GET /json
[38;5;6m INFO[0m [04:06:24] 38f46ba59ef44675b76be26d6c61b8ed	 200 0ms GET /json
[38;5;6m INFO[0m [04:06:24] 38eebe748e984049a62f3930d66d8a84	 200 0ms GET /json
[38;5;6m INFO[0m [04:06:24] eab4de1441944560970fa9b0bf1f60e1	 200 0ms GET /json
[38;5;6m INFO[0m [04:06:24] f840625c65a9449eb5e47c6c3b357b80	 200 0ms GET /json
[38;5;6m INFO[0m [04:06:24] f2d702931b8d442ebfdcd3882e52520e	 200 0ms GET /json
[38;5;6m INFO[0m [04:06:24] 292d3413020c4e20b1085b2857dc5d14	 200 0ms GET /json
[38;5;6m INFO[0m [04:06:24] ef9b95c4ce414e36a6fdee74ecbd199f	 200 0ms GET /json
[38;5;6m INFO[0m [04:06:24] 2b9cd055f6b44ed69655b5981c4ced37	 200 0ms GET /json
[38;5;6m INFO[0m [04:06:24] 3b21366aa9994f40b59503d8c784bbba	 200 0ms GET /json
[38;5;6m INFO[0m [04:06:24] f503bcf007554cbba787896a184ccb27	 200 0ms GET /json
[38;5;6m INFO[0m [04:06:24] f40d72fcc99d421994487785f663409a	 200 0ms GET /json
[38;5;6m INFO[0m [04:06:24] 13125a2fb3b94ed084ab30a44e218cdf	 200 0ms GET /json
[38;5;6m INFO[0m [04:06:24] 3ad5976dfb9e41dbabad28a131ccc67b	 200 0ms GET /json
[38;5;6m INFO[0m [04:06:24] 51b7b372a61546bcba5eab3994165abb	 200 0ms GET /json
[38;5;6m INFO[0m [04:06:24] 753af109c8ee4dfaa65d56b0dd49c4b8	 200 0ms GET /json
[38;5;6m INFO[0m [04:06:24] 7d9e37559e8245b0b09b868e737c8479	 200 0ms GET /json
[38;5;6m INFO[0m [04:06:24] a2d8cedca9f14968bde5934e740fb3fd	 200 0ms GET /json
[38;5;6m INFO[0m [04:06:24] 679af22b2600487e939a50975e1d7f15	 200 0ms GET /json
[38;5;6m INFO[0m [04:06:24] 336de9e77bb54c8594219bc27f27fbfb	 200 0ms GET /json
[38;5;6m INFO[0m [04:06:24] e8334a5c799640a0865342bd3cb0e3f1	 200 0ms GET /json
[38;5;6m INFO[0m [04:06:24] 7b91ed4f60fd43a39573745c5e05dd98	 200 0ms GET /json
[38;5;6m INFO[0m [04:06:24] 48a26534b3cc44be90ee0125183e27ad	 200 0ms GET /json
[38;5;6m INFO[0m [04:06:24] 2ca8f6421e1348d18e4853b4bda5bf14	 200 0ms GET /json
[38;5;6m INFO[0m [04:06:24] 4f0642473bb54ab3bbe3079f2331c888	 200 0ms GET /json
[38;5;6m INFO[0m [04:06:24] c958095f6116477d8bd605f5659e7dc3	 200 0ms GET /json
[38;5;6m INFO[0m [04:06:24] cab962f818af4a098290526056e0d313	 200 0ms GET /json
[38;5;6m INFO[0m [04:06:24] 8fbf62b2e71646029c5e9093bf24bfef	 200 0ms GET /json
[38;5;6m INFO[0m [04:06:24] d85a15bf1c3b48f2aaf0a99122339106	 200 0ms GET /json
[38;5;6m INFO[0m [04:06:24] cc99b47f84d441a8b65a7211a6582b22	 200 0ms GET /json
[38;5;6m INFO[0m [04:06:24] 64fa3cd62e2140a4a1be2ab8f07fabcf	 200 0ms GET /json
[38;5;6m INFO[0m [04:06:24] 779c3b7f475b4fb8858d01ead6f784c3	 200 0ms GET /json
[38;5;6m INFO[0m [04:06:24] ebe28acaa9aa412ab7b45277943a64a2	 200 0ms GET /json
[38;5;6m INFO[0m [04:06:24] 9b6a1b46ad6c455da4d5224cb224b54c	 200 0ms GET /json
[38;5;6m INFO[0m [04:06:24] b4f2893dae924d32b2acff6d408f71dd	 200 0ms GET /json
[38;5;6m INFO[0m [04:06:24] c6fc32adf1764f538af08a8dc1571989	 200 0ms GET /json
[38;5;6m INFO[0m [04:06:24] 3f4340dcf0584f5bb810a3c48112d850	 200 0ms GET /json
[38;5;6m INFO[0m [04:06:24] c124f91f59fe4392a4ba061084510eb7	 200 0ms GET /json
[38;5;6m INFO[0m [04:06:24] c10c2a5175f4479d9d14df9b93955bde	 200 0ms GET /json
[38;5;6m INFO[0m [04:06:24] 4fa2563a150648709f6792777471ebf8	 200 0ms GET /json
[38;5;6m INFO[0m [04:06:24] 06a95e67c5cc41be9cb4b3e11b758db2	 200 0ms GET /json
[38;5;6m INFO[0m [04:06:24] cb3ffaf50c0d4ede8a0b05a6dfe7a910	 200 0ms GET /json
[38;5;6m INFO[0m [04:06:24] 61fda469233541c592dc6573072f150c	 200 0ms GET /json
[38;5;6m INFO[0m [04:06:24] d48b21702df142f8813ad916e06f6421	 200 0ms GET /json
[38;5;6m INFO[0m [04:06:24] ef1aa98f1c0244af8af9c8746c0f0705	 200 0ms GET /json
[38;5;6m INFO[0m [04:06:24] b3590e2b38eb4427a30c21979dd1250f	 200 0ms GET /json
[38;5;6m INFO[0m [04:06:24] aadb64fb3eaa40dbaa84848ed32359e0	 200 0ms GET /json
[38;5;6m INFO[0m [04:06:24] ac88333ace6f469db069dbcd413a5987	 200 0ms GET /json
[38;5;6m INFO[0m [04:06:24] c79d3e0c92ae48258020116540dfc295	 200 0ms GET /json
[38;5;6m INFO[0m [04:06:24] 57cf3009f7fa4807a3e2c353996c8567	 200 0ms GET /json
[38;5;6m INFO[0m [04:06:24] 1e21090022234f4b920c7f8d264d38e7	 200 0ms GET /json
[38;5;6m INFO[0m [04:06:24] 35da262e8f2d4a82a062d35dc0dbf1b0	 200 0ms GET /json
[38;5;6m INFO[0m [04:06:24] 62a327287fa3460e937192dee21c07ac	 200 0ms GET /json
[38;5;6m INFO[0m [04:06:24] a896634215a94fb4910fc1ef6de9c0f9	 200 0ms GET /json
[38;5;6m INFO[0m [04:06:24] 9ca5d699709a498daba13878080d425c	 200 0ms GET /json
[38;5;6m INFO[0m [04:06:24] 50c91041c7f241179a3fba7839d23638	 200 0ms GET /json
[38;5;6m INFO[0m [04:06:24] a31eee97a13942cf92057bbccbfb6dea	 200 0ms GET /json
[38;5;6m INFO[0m [04:06:24] 760e3ad35a5f4cc88db1a3bbe2c8fc75	 200 0ms GET /json
[38;5;6m INFO[0m [04:06:24] 5c6db201ee9d48e0a0ad3df47155a8ac	 200 0ms GET /json
[38;5;6m INFO[0m [04:06:24] 1a2e14e953e14a529f5b20dff77f6468	 200 0ms GET /json
[38;5;6m INFO[0m [04:06:24] 03ead4975f0e40ae88ea304453a5bd8b	 200 0ms GET /json
[38;5;6m INFO[0m [04:06:24] c56f1d1a4986434092750ca3e0ff76dc	 200 0ms GET /json
[38;5;6m INFO[0m [04:06:24] 129b6dda40e542259b141bce6907c439	 200 0ms GET /json
[38;5;6m INFO[0m [04:06:24] a88a9f2192974db7a23c7884c329c6b2	 200 0ms GET /json
[38;5;6m INFO[0m [04:06:24] d20755f1371747e6be5fd2c5001f237e	 200 0ms GET /json
[38;5;6m INFO[0m [04:06:24] 687366449d2245eab6198dc2fe3a0ca3	 200 0ms GET /json
[38;5;6m INFO[0m [04:06:24] 72fc83c49e5a4db7b2eb9e703a226be2	 200 0ms GET /json
[38;5;6m INFO[0m [04:06:24] 55d2c9c7f4154b9fbf1fc4d477504d62	 200 0ms GET /json
[38;5;6m INFO[0m [04:06:24] 738fa8005ac9499191886c68db1b1d31	 200 0ms GET /json
[38;5;6m INFO[0m [04:06:24] 553cd41fa38e4d579ca5946a7deb9759	 200 0ms GET /json
[38;5;6m INFO[0m [04:06:24] 3167859fc92547f788c77faf5ac6ca77	 200 0ms GET /json
[38;5;6m INFO[0m [04:06:24] 61e3635696614a6995fb6c5638c28190	 200 0ms GET /json
[38;5;6m INFO[0m [04:06:24] 9d0707a320154a06836453eb0e8b2729	 200 0ms GET /json
[38;5;6m INFO[0m [04:06:24] 3b6381b954524e18a6f78eaa21caa1d1	 200 0ms GET /json
[38;5;6m INFO[0m [04:06:24] ab26f5dd38e24424818c7ee8352f2ab2	 200 0ms GET /json
[38;5;6m INFO[0m [04:06:24] 4356f8cdfa974d99b0dd10db9a4838b1	 200 0ms GET /json
[38;5;6m INFO[0m [04:06:24] 740e4262a343409aac82a37a241ddd2f	 200 0ms GET /json
[38;5;6m INFO[0m [04:06:24] 01e94d3a886445c594dbd14bdb16cc9e	 200 0ms GET /json
[38;5;6m INFO[0m [04:06:24] 93043378f418452a936e3fdcab8ee806	 200 0ms GET /json
[38;5;6m INFO[0m [04:06:24] a3962ddd6ca544cbafc64460703ed9db	 200 0ms GET /json
[38;5;6m INFO[0m [04:06:24] 24b04f90de8d438c9b2cd7b1ec3efe4b	 200 0ms GET /json
[38;5;6m INFO[0m [04:06:24] c187d5d819c24d8ea5bfdd55809d5200	 200 0ms GET /json
[38;5;6m INFO[0m [04:06:24] 524b0eadbd91457a989e3e0574b96bf0	 200 0ms GET /json
[38;5;6m INFO[0m [04:06:24] 09c0f6a6514540a6b1bef06be4e154c7	 200 0ms GET /json
[38;5;6m INFO[0m [04:06:24] 035b16f78cb24ea4ac26bcc60808e484	 200 0ms GET /json
[38;5;6m INFO[0m [04:06:24] b19a922694f3425faa095e26ec085582	 200 0ms GET /json
[38;5;6m INFO[0m [04:06:24] 82f35c9c139f4ef89666548c035ba950	 200 0ms GET /json
[38;5;6m INFO[0m [04:06:24] 29848784dc0b4372803d15505de75483	 200 0ms GET /json
[38;5;6m INFO[0m [04:06:24] f61e3c52f874448eaeda55d7a5cdd23b	 200 0ms GET /json
[38;5;6m INFO[0m [04:06:24] fc37252bd1bc4fdaafc3533734975d0e	 200 0ms GET /json
[38;5;6m INFO[0m [04:06:24] 9fac50ec5e194fdfbcb82e45a312dc90	 200 0ms GET /json
[38;5;6m INFO[0m [04:06:24] cc56487d9e684cd2b34671bbb670ff18	 200 0ms GET /json
[38;5;6m INFO[0m [04:06:24] de14c9100d7e42cd93ecb955582b5019	 200 0ms GET /json
[38;5;6m INFO[0m [04:06:24] 6751313d3426415695d4bf39e1afa12b	 200 0ms GET /json
[38;5;6m INFO[0m [04:06:24] a39eaa2f0966456a9b2082393ab28082	 200 0ms GET /json
[38;5;6m INFO[0m [04:06:24] a9e361eeae1f4708a228c714bc709cbe	 200 0ms GET /json
[38;5;6m INFO[0m [04:06:24] 73056c58d09d4e93a6c583fd82721c7f	 200 0ms GET /json
[38;5;6m INFO[0m [04:06:24] cdb3e7efa7eb4ffdb02ee5f4b3648699	 200 0ms GET /json
[38;5;6m INFO[0m [04:06:24] 99608cafc82942809611f2cd16d51e2c	 200 0ms GET /json
[38;5;6m INFO[0m [04:06:24] 63c4d747d69d4c79aa1fa7c34495e62f	 200 0ms GET /json
[38;5;6m INFO[0m [04:06:24] 600908aa024a451787751227d5b5217c	 200 0ms GET /json
[38;5;6m INFO[0m [04:06:24] e49b2a6ca6714caabfb577805616f2cb	 200 0ms GET /json
[38;5;6m INFO[0m [04:06:24] 2a2b290ee38d4907845f5d143eb63c08	 200 0ms GET /json
[38;5;6m INFO[0m [04:06:24] f315209a66ce46dfa8196604be7ac7b0	 200 0ms GET /json
[38;5;6m INFO[0m [04:06:24] a9e17ab3decd4802af7f6daff38e52e9	 200 0ms GET /json
[38;5;6m INFO[0m [04:06:24] bfdc5b485baf470fbed85ec55a1ebb20	 200 0ms GET /json
[38;5;6m INFO[0m [04:06:24] c1ea77e92ee84f80a7c77b98f3b6339e	 200 0ms GET /json
[38;5;6m INFO[0m [04:06:24] b3c37761b51449bc9cfb8b7d0a5b781d	 200 0ms GET /json
[38;5;6m INFO[0m [04:06:24] bb551b24e689489b935cd52ef29fa48a	 200 0ms GET /json
[38;5;6m INFO[0m [04:06:24] cf34044b77094a45a0b621773076f217	 200 0ms GET /json
[38;5;6m INFO[0m [04:06:24] c0dc92409b4844c2b62200f304332334	 200 0ms GET /json
[38;5;6m INFO[0m [04:06:24] 2022b1298c9b4384b060b80bb2ee3d48	 200 0ms GET /json
[38;5;6m INFO[0m [04:06:24] 327742ca2d9a4a1298113fc83eb47e4a	 200 0ms GET /json
[38;5;6m INFO[0m [04:06:24] 8ba18170e2234467990f6a6e59222596	 200 0ms GET /json
[38;5;6m INFO[0m [04:06:24] 2bc47f3054894f0ab1396a493aede339	 200 0ms GET /json
[38;5;6m INFO[0m [04:06:24] 817f3f80b28f4046863cf58e94e03b26	 200 0ms GET /json
[38;5;6m INFO[0m [04:06:24] c09f7892d94d44b4b61d0fbea420f107	 200 0ms GET /json
[38;5;6m INFO[0m [04:06:24] 850f549625014088ab2442f7802efa8a	 200 0ms GET /json
[38;5;6m INFO[0m [04:06:24] 73b68b4471554b7ab9cdf2157e69079a	 200 0ms GET /json
[38;5;6m INFO[0m [04:06:24] 7c00e0ae86a04650a0d00531f25c9dd2	 200 0ms GET /json
[38;5;6m INFO[0m [04:06:24] dc75168949ef47a59c6cc2b6a2c70a42	 200 0ms GET /json
[38;5;6m INFO[0m [04:06:24] 057d809694904eb79da61099429a2e6a	 200 0ms GET /json
[38;5;6m INFO[0m [04:06:24] 8fda1911a9e34d25aaa7d08e5e0bee88	 200 0ms GET /json
[38;5;6m INFO[0m [04:06:24] dbf7b87819804d43b536da0948b71089	 200 0ms GET /json
[38;5;6m INFO[0m [04:06:24] 02cc2137f4fb4ce8a35851eec0f44e2b	 200 0ms GET /json
[38;5;6m INFO[0m [04:06:24] af5060f75659484c9e900f4de8129a92	 200 0ms GET /json
[38;5;6m INFO[0m [04:06:26] 5514e205655a46818f7872928c3f49bd	 200 0ms GET /json
[38;5;6m INFO[0m [04:06:26] 05a923ddfa0748ceb348247ba68f5f64	 200 0ms GET /json
[38;5;6m INFO[0m [04:06:26] f1d5247d71ea4a919a0bfae6377e5f20	 200 0ms GET /json
[38;5;6m INFO[0m [04:06:26] 5cecaeda14524867b1d3f58117e46ae7	 200 0ms GET /json
[38;5;6m INFO[0m [04:06:26] e579f71449164062b840ccdff625d90d	 200 0ms GET /json
[38;5;6m INFO[0m [04:06:26] d25ccedb4f984538b71d6ca56bce7663	 200 0ms GET /json
[38;5;6m INFO[0m [04:06:26] 7663101c889f4930a6577aa7e35eac8a	 200 0ms GET /json
[38;5;6m INFO[0m [04:06:26] d4d96b2b7fcc4f30bd7a78d505982844	 200 0ms GET /json
[38;5;6m INFO[0m [04:06:26] eb891996fa7944669d3e44f961de935a	 200 0ms GET /json
[38;5;6m INFO[0m [04:06:26] fc12b4fb331f479f96e43c206d8775e6	 200 0ms GET /json
[38;5;6m INFO[0m [04:06:26] 5779091990b34ed3a05997349fa9d816	 200 0ms GET /json
[38;5;6m INFO[0m [04:06:26] 5662e0c12b024714810771cfbfb0b75d	 200 0ms GET /json
[38;5;6m INFO[0m [04:06:26] e309785786134766a3bd23325edfb249	 200 0ms GET /json
[38;5;6m INFO[0m [04:06:26] 0871d16834844b8aacd6820c63fbb43f	 200 0ms GET /json
[38;5;6m INFO[0m [04:06:26] 91b25dfb3a6d477b80cdde91212e84a7	 200 0ms GET /json
[38;5;6m INFO[0m [04:06:26] b6401ef54be846c7bbc67b6c46f087a5	 200 0ms GET /json
[38;5;6m INFO[0m [04:06:26] 948952f9b3644e1e8287a166d1332c16	 200 0ms GET /json
[38;5;6m INFO[0m [04:06:26] f3c79fcaae514a4fa52b018792f408b0	 200 0ms GET /json
[38;5;6m INFO[0m [04:06:26] 0c1c4ff4b6a449179b902479cf54c3ca	 200 0ms GET /json
[38;5;6m INFO[0m [04:06:26] 80b713ad61e54b199c4526418f5aa80e	 200 0ms GET /json
[38;5;6m INFO[0m [04:06:26] a285d47431ba4230874e9922c5d724e6	 200 0ms GET /json
[38;5;6m INFO[0m [04:06:26] 720056ba5f154e5f8a97a62c11a8e749	 200 0ms GET /json
[38;5;6m INFO[0m [04:06:26] 0531c9f079494043bbbcbb4e278ce07e	 200 0ms GET /json
[38;5;6m INFO[0m [04:06:26] b7ad22cf67444a7b856d3c04a8bfdb51	 200 0ms GET /json
[38;5;6m INFO[0m [04:06:26] c73d20285978434db5349b4e6eee870c	 200 0ms GET /json
[38;5;6m INFO[0m [04:06:26] 1fce86632e6b48debd72439de282c54e	 200 0ms GET /json
[38;5;6m INFO[0m [04:06:26] cfb50d1b9370453dabd447bde63307e9	 200 0ms GET /json
[38;5;6m INFO[0m [04:06:26] cd451facd9e940798364d720bc813e54	 200 0ms GET /json
[38;5;6m INFO[0m [04:06:26] 54133647ea844db3afdbcfc4817e99d5	 200 0ms GET /json
[38;5;6m INFO[0m [04:06:26] 42c94e93e7df4744ab209bd2c76187d5	 200 0ms GET /json
[38;5;6m INFO[0m [04:06:26] 4599ed9594d146528f23d91e13d9e285	 200 0ms GET /json
[38;5;6m INFO[0m [04:06:26] a09d2cc63c0d4c448ea636bae999db94	 200 0ms GET /json
[38;5;6m INFO[0m [04:06:26] 26ea55fb39914d719a92c0304e61c1c3	 200 0ms GET /json
[38;5;6m INFO[0m [04:06:26] 28333924686a4c18a0ea70308e834a1c	 200 0ms GET /json
[38;5;6m INFO[0m [04:06:26] b1f21ac0fdfa46d0b3b0eca5413cb711	 200 0ms GET /json
[38;5;6m INFO[0m [04:06:26] abfb423595a64add9a4a4ebebc8cfad8	 200 0ms GET /json
[38;5;6m INFO[0m [04:06:26] 4cf5203794e94ff18e2749c24ac552be	 200 0ms GET /json
[38;5;6m INFO[0m [04:06:26] ba49a61e7c2440cd8c989f3facdcc484	 200 0ms GET /json
[38;5;6m INFO[0m [04:06:26] ae9c21629f344d8c914d4f761bacd77b	 200 0ms GET /json
[38;5;6m INFO[0m [04:06:26] 7545e01b9b674d81bc37484fd7dc36c5	 200 0ms GET /json
[38;5;6m INFO[0m [04:06:26] 0b296bfaf5714724a4370e5e8aca37fd	 200 0ms GET /json
[38;5;6m INFO[0m [04:06:26] 872d0b8ba0084f6c99caa17ae8cdf9db	 200 0ms GET /json
[38;5;6m INFO[0m [04:06:26] cd2e0c2d86c14586b4a1b2672f4dc40f	 200 0ms GET /json
[38;5;6m INFO[0m [04:06:26] 564f71c070df42159d962b8771ff5513	 200 0ms GET /json
[38;5;6m INFO[0m [04:06:26] 4f0d6821865f466ba445606bf631bc33	 200 0ms GET /json
[38;5;6m INFO[0m [04:06:26] fc9c5a84111648d0972cf0f2726b1c68	 200 0ms GET /json
[38;5;6m INFO[0m [04:06:26] 965779bc77db488984fd8d8d0e39a95f	 200 0ms GET /json
[38;5;6m INFO[0m [04:06:26] bd9ccc4471934f49948454b70231a11e	 200 0ms GET /json
[38;5;6m INFO[0m [04:06:26] 0a0bc9d1b1e44cb182ee3a27385a1c17	 200 0ms GET /json
[38;5;6m INFO[0m [04:06:26] 59fbd682b5f3439cae0e09468e062ebb	 200 0ms GET /json
[38;5;6m INFO[0m [04:06:26] ef4a0127c0e9457691f32f2b78d1672b	 200 0ms GET /json
[38;5;6m INFO[0m [04:06:26] cd90c2fd81fe4256a38b5f53c3885a1f	 200 0ms GET /json
[38;5;6m INFO[0m [04:06:26] dc69eeb1b4824496bae9ba9d875a18ff	 200 0ms GET /json
[38;5;6m INFO[0m [04:06:26] 6fac2672a5034cb8820e746aaee19a59	 200 0ms GET /json
[38;5;6m INFO[0m [04:06:26] 0484963852a94cf0b96915eff1ac4802	 200 0ms GET /json
[38;5;6m INFO[0m [04:06:26] 08f23184ff57465f92d82a43dff76709	 200 0ms GET /json
[38;5;6m INFO[0m [04:06:26] 5131222f1b7543c2829b6b421c280047	 200 0ms GET /json
[38;5;6m INFO[0m [04:06:26] 05f0b30b890947af8166d0e3d2749728	 200 0ms GET /json
[38;5;6m INFO[0m [04:06:26] 90fdbd2d35bb4952a22d478dfd6a790a	 200 0ms GET /json
[38;5;6m INFO[0m [04:06:26] 77e889cdc4a4443b8c6abb6975535c1c	 200 0ms GET /json
[38;5;6m INFO[0m [04:06:26] 270644c0c65e4785943e74ec47d1b002	 200 0ms GET /json
[38;5;6m INFO[0m [04:06:26] 81b7968e93e34c11a3e9120182ec0ac1	 200 0ms GET /json
[38;5;6m INFO[0m [04:06:26] c78d82a8b42b44ca9f1fb97b62136204	 200 0ms GET /json
[38;5;6m INFO[0m [04:06:26] e14225bafb134228bc32664b5b572352	 200 0ms GET /json
[38;5;6m INFO[0m [04:06:26] de0b44c478dc4f94bdb4efa790d36655	 200 0ms GET /json
[38;5;6m INFO[0m [04:06:26] b3b420536a6945059009b643ce490ea2	 200 0ms GET /json
[38;5;6m INFO[0m [04:06:26] a4a33918f970481eb6f5880d59efb5cc	 200 0ms GET /json
[38;5;6m INFO[0m [04:06:26] ebaed83d7f4942758210179a18a6abb9	 200 0ms GET /json
[38;5;6m INFO[0m [04:06:26] e99e95a4d0534b93b3022a60ce48a59c	 200 0ms GET /json
[38;5;6m INFO[0m [04:06:26] dd4a08de7bf84887899239b2088a38b8	 200 0ms GET /json
[38;5;6m INFO[0m [04:06:26] fa954e71bf874ab3ae5a2daf3cd019de	 200 0ms GET /json
[38;5;6m INFO[0m [04:06:26] 1f83b0c9ccc647ff82fa8d23485778a5	 200 0ms GET /json
[38;5;6m INFO[0m [04:06:26] bf995d357fe14fbda1720779757e39df	 200 0ms GET /json
[38;5;6m INFO[0m [04:06:26] 1265c196c6fc44e9b7ccda9915353424	 200 0ms GET /json
[38;5;6m INFO[0m [04:06:26] 6649932a7b6341f888eae5b19be69509	 200 0ms GET /json
[38;5;6m INFO[0m [04:06:26] 538cc098205c40baa9bdee5e3130e43c	 200 0ms GET /json
[38;5;6m INFO[0m [04:06:26] 9891afe9c31a47ec9be2c5f18243b8b8	 200 0ms GET /json
[38;5;6m INFO[0m [04:06:26] 77453fc654ec471ca9308124a3d0541d	 200 0ms GET /json
[38;5;6m INFO[0m [04:06:26] 56d839fc626548059f0a232668ccf631	 200 0ms GET /json
[38;5;6m INFO[0m [04:06:26] 5bee2cef3b504bacb15c8838c0f09c30	 200 0ms GET /json
[38;5;6m INFO[0m [04:06:26] 44678c77f46c4962a38f22eee776de77	 200 0ms GET /json
[38;5;6m INFO[0m [04:06:26] ac1708e9b2c54c5486da3ffb9a80c9de	 200 0ms GET /json
[38;5;6m INFO[0m [04:06:26] cd514f90e31f40838c4b770a23af9e5a	 200 0ms GET /json
[38;5;6m INFO[0m [04:06:26] bac308dd36e745c0b1ad28e7a5054e52	 200 0ms GET /json
[38;5;6m INFO[0m [04:06:26] 54d0b34dfedb4b2381e0843c4df634ec	 200 0ms GET /json
[38;5;6m INFO[0m [04:06:26] 676748fa3ef1417ca26a17744f4df8db	 200 0ms GET /json
[38;5;6m INFO[0m [04:06:26] 7679e687483f41fb9133981d5f0ac110	 200 0ms GET /json
[38;5;6m INFO[0m [04:06:26] dc48dd64e87b4aed9a49f4a637c4437d	 200 0ms GET /json
[38;5;6m INFO[0m [04:06:26] b4cd0fc545ea4b548b38d6b2a2f2bb22	 200 0ms GET /json
[38;5;6m INFO[0m [04:06:26] 9bd796a673c74f92bdc9ad996276face	 200 0ms GET /json
[38;5;6m INFO[0m [04:06:26] b4ef00d77aa64f6a8a6d3f8dfa97d430	 200 0ms GET /json
[38;5;6m INFO[0m [04:06:26] 1da634e3ecce453e91fa5f5cf0a3a9de	 200 0ms GET /json
[38;5;6m INFO[0m [04:06:26] 6e06625b802a421c9d3ecf60b581e210	 200 0ms GET /json
[38;5;6m INFO[0m [04:06:26] 69d29278f13d46f19c4089c17b67154d	 200 0ms GET /json
[38;5;6m INFO[0m [04:06:26] bb8621bb78f446138b050094116097c1	 200 0ms GET /json
[38;5;6m INFO[0m [04:06:26] 8907cb29df4f4cbda70c1fd8ac4fdf5b	 200 0ms GET /json
[38;5;6m INFO[0m [04:06:26] 0678635f38844a6495181d64578be754	 200 0ms GET /json
[38;5;6m INFO[0m [04:06:26] eb0838114bf04ca8a8a1e40f87a419a5	 200 0ms GET /json
[38;5;6m INFO[0m [04:06:26] 187ed8dd8bb04b11b7a9d013cfb11e02	 200 0ms GET /json
[38;5;6m INFO[0m [04:06:26] 13c8543079a743c08c5455ff4ce3b988	 200 0ms GET /json
[38;5;6m INFO[0m [04:06:28] c5dfaa6ef63f47ba8bad0e41a42db57c	 200 0ms GET /json
[38;5;6m INFO[0m [04:06:28] a0b7e4708b054ea693887e82c9a2096e	 200 0ms GET /json
[38;5;6m INFO[0m [04:06:28] d677fdd9c4824085a93e13d41672879a	 200 0ms GET /json
[38;5;6m INFO[0m [04:06:28] 5d8b59602cb346d698b372c7d4e1f1eb	 200 0ms GET /json
[38;5;6m INFO[0m [04:06:28] 6399124cb2c5449484910f7fcc0a3fff	 200 0ms GET /json
[38;5;6m INFO[0m [04:06:28] b9b14bad837e4a5da66f9ced4da6e34f	 200 0ms GET /json
[38;5;6m INFO[0m [04:06:28] b5e1c7dee604452cb98fbc125d7a8fbb	 200 0ms GET /json
[38;5;6m INFO[0m [04:06:28] c598e2df9588418e9cc755d43f5087ce	 200 0ms GET /json
[38;5;6m INFO[0m [04:06:28] e6fe5b4ae0ba47b38bb3e8ff1ab03977	 200 0ms GET /json
[38;5;6m INFO[0m [04:06:28] 1d8611652d384946bc8a8fef78c5be67	 200 0ms GET /json
[38;5;6m INFO[0m [04:06:28] 406ecbc999694829acb916aca0ed6445	 200 0ms GET /json
[38;5;6m INFO[0m [04:06:28] 00b1fdb9f5e44fa78e3fb53673739020	 200 0ms GET /json
[38;5;6m INFO[0m [04:06:28] 1ecf44a17a744e5f928e865e55e283f6	 200 0ms GET /json
[38;5;6m INFO[0m [04:06:28] 0a002e5776fb4cc797a6f9b00a039cf1	 200 0ms GET /json
[38;5;6m INFO[0m [04:06:28] 4c943b15b9c54e2c9564f7d90d200dce	 200 0ms GET /json
[38;5;6m INFO[0m [04:06:28] b3c98d9aa14747bc8410b335e826947b	 200 0ms GET /json
[38;5;6m INFO[0m [04:06:28] ea49fc798466433ca04c7a1b815c22f3	 200 0ms GET /json
[38;5;6m INFO[0m [04:06:28] c31e5d68d62a441497086e6afd43c34f	 200 0ms GET /json
[38;5;6m INFO[0m [04:06:28] 1e87e9429dbd43bbb1240b1825135f8b	 200 0ms GET /json
[38;5;6m INFO[0m [04:06:28] 1b0102f974c44cba941fa12685094c7c	 200 0ms GET /json
[38;5;6m INFO[0m [04:06:28] c51cc3a59265471e9f876b83627c5dba	 200 0ms GET /json
[38;5;6m INFO[0m [04:06:28] da56ef58f1c741d1827e42371bf70ad0	 200 0ms GET /json
[38;5;6m INFO[0m [04:06:28] c6aacd43f77a4f71838e97995e741568	 200 0ms GET /json
[38;5;6m INFO[0m [04:06:28] 65cef2305b5d4224a2bf6b1e6c2069c8	 200 0ms GET /json
[38;5;6m INFO[0m [04:06:28] ae86ac8ea51a4140bf157140785b8a85	 200 0ms GET /json
[38;5;6m INFO[0m [04:06:28] b23bae9a0d584634993bf3b88aa4f7fb	 200 0ms GET /json
[38;5;6m INFO[0m [04:06:28] 06467f370ab84aef909bde85793662c1	 200 0ms GET /json
[38;5;6m INFO[0m [04:06:28] e7f5e4942bd94ebbaa27205e32d60097	 200 0ms GET /json
[38;5;6m INFO[0m [04:06:28] 1760ecff82554f11812495efa2cda762	 200 0ms GET /json
[38;5;6m INFO[0m [04:06:28] d6d1dbf78ac94a7395caf208bc97e101	 200 0ms GET /json
[38;5;6m INFO[0m [04:06:28] ff516f4cb0964f06819aade6b3addee8	 200 0ms GET /json
[38;5;6m INFO[0m [04:06:28] 5e709420504a461da1bb96a9ed8d1492	 200 0ms GET /json
[38;5;6m INFO[0m [04:06:28] 363373fec08245f194691809978bb3a4	 200 0ms GET /json
[38;5;6m INFO[0m [04:06:28] 9004df763e5046498284443db65fc859	 200 0ms GET /json
[38;5;6m INFO[0m [04:06:28] 5ef74e6fbf7049f99d580f3d91bdbaa3	 200 0ms GET /json
[38;5;6m INFO[0m [04:06:28] f291087d49b74b0b916ce32cfbd3f6c5	 200 0ms GET /json
[38;5;6m INFO[0m [04:06:28] 051b3f792e7d471f91aab3bc68f39b97	 200 0ms GET /json
[38;5;6m INFO[0m [04:06:28] af8445674c7c49bf82c937dd29deb23d	 200 0ms GET /json
[38;5;6m INFO[0m [04:06:28] ae012166ad644564b46478de517428ae	 200 0ms GET /json
[38;5;6m INFO[0m [04:06:28] 4ba47dc94f3c4356b0a395e692b6043f	 200 0ms GET /json
[38;5;6m INFO[0m [04:06:28] b1f817d080b74356b597f8722bc84fd3	 200 0ms GET /json
[38;5;6m INFO[0m [04:06:28] 3fffad842b2a4a0fab38c2b1ec7e8e8f	 200 0ms GET /json
[38;5;6m INFO[0m [04:06:28] fda889c1089141e29a4d54f835fea0b9	 200 0ms GET /json
[38;5;6m INFO[0m [04:06:28] 3eb56db871a749b7961b16fe039c0f68	 200 0ms GET /json
[38;5;6m INFO[0m [04:06:28] aaec3e9edd97414cb5fcea151400069a	 200 0ms GET /json
[38;5;6m INFO[0m [04:06:28] 43808d9e2ea6412984f3bfb42d689149	 200 0ms GET /json
[38;5;6m INFO[0m [04:06:28] ac8c2923a0ab4be18572c2d0a8497f99	 200 0ms GET /json
[38;5;6m INFO[0m [04:06:28] a693ef8ef18e40c49ae3cbae40bc0046	 200 0ms GET /json
[38;5;6m INFO[0m [04:06:28] 0fac727cdbae410eb880f722c672b5ca	 200 0ms GET /json
[38;5;6m INFO[0m [04:06:28] df9b5fddd852410aa9c6b6bd2edaf3e9	 200 0ms GET /json
[38;5;6m INFO[0m [04:06:28] 689f20e586fd49ac81364f0f51f9708c	 200 0ms GET /json
[38;5;6m INFO[0m [04:06:28] 8f7f6371a7fd42d78e03e59c8c78ecc8	 200 0ms GET /json
[38;5;6m INFO[0m [04:06:28] 129c4bd17bee41e2ad791cbf1a6b6dc0	 200 0ms GET /json
[38;5;6m INFO[0m [04:06:28] 037ce77c821644d787efe386f69cf2f0	 200 0ms GET /json
[38;5;6m INFO[0m [04:06:28] 3932697f13d443978c2f3572a09ea9bf	 200 0ms GET /json
[38;5;6m INFO[0m [04:06:28] d562d65052d2466c8e2d07d5bfa1e899	 200 0ms GET /json
[38;5;6m INFO[0m [04:06:28] 2b5893ccd48a4c6c8479d953f84ef116	 200 0ms GET /json
[38;5;6m INFO[0m [04:06:28] 0d057793632648f39acd4c774abf6635	 200 0ms GET /json
[38;5;6m INFO[0m [04:06:28] 17bfffff096448d98469240598b1f23c	 200 0ms GET /json
[38;5;6m INFO[0m [04:06:28] df1b677d236a4187b1ab24fb2274ca4c	 200 0ms GET /json
[38;5;6m INFO[0m [04:06:28] 5a00d095c06f449f8720e182808f892f	 200 0ms GET /json
[38;5;6m INFO[0m [04:06:28] 0da251d0db4643b9ab98cb0cca81853d	 200 0ms GET /json
[38;5;6m INFO[0m [04:06:28] 2c9d12acba8c43d29e10b9a95abc06f9	 200 0ms GET /json
[38;5;6m INFO[0m [04:06:28] 8001dd782108442dabd86b648cb754a6	 200 0ms GET /json
[38;5;6m INFO[0m [04:06:28] e27f1a5d70344d1ba9e5ff819cccbc4c	 200 0ms GET /json
[38;5;6m INFO[0m [04:06:28] cc4985326e4f435e8d67e697ed869e35	 200 0ms GET /json
[38;5;6m INFO[0m [04:06:28] 518fc2b8ff5d43cc9812790ae1a2cdf1	 200 0ms GET /json
[38;5;6m INFO[0m [04:06:28] 5a82ef237c2d43d39f079d03385b6290	 200 0ms GET /json
[38;5;6m INFO[0m [04:06:28] da8c6f09ee484c708028913f55e73ac8	 200 0ms GET /json
[38;5;6m INFO[0m [04:06:28] c14934cc51da4ca9baf932e826b71bd7	 200 0ms GET /json
[38;5;6m INFO[0m [04:06:28] e097d2f382134faba314bddd9079b2d5	 200 0ms GET /json
[38;5;6m INFO[0m [04:06:28] 9967d1f0e709427d92aebb538cc8efa8	 200 0ms GET /json
[38;5;6m INFO[0m [04:06:28] 13fe64c607c446efbd8363e0c4d6c7d6	 200 0ms GET /json
[38;5;6m INFO[0m [04:06:28] d5a2054990ba487da503e7b68ad086d4	 200 0ms GET /json
[38;5;6m INFO[0m [04:06:28] ffad59490e734623a3b41b546b2dcf1a	 200 0ms GET /json
[38;5;6m INFO[0m [04:06:28] 452930392b674375a768f50c3f56c4ad	 200 0ms GET /json
[38;5;6m INFO[0m [04:06:28] d23fe6a664434b9e920131455c9ff0b8	 200 0ms GET /json
[38;5;6m INFO[0m [04:06:28] 15444d05989642ee85f88577513bd10c	 200 0ms GET /json
[38;5;6m INFO[0m [04:06:28] b79e200537c741cdad222b43b8508319	 200 0ms GET /json
[38;5;6m INFO[0m [04:06:28] d8e527b116b14e5d8855fd8dcb55ac35	 200 0ms GET /json
[38;5;6m INFO[0m [04:06:28] a2af3e3deb5546fbaaf4d597bcb5223e	 200 0ms GET /json
[38;5;6m INFO[0m [04:06:28] d6c634ccfd444037ae7539edf3197d76	 200 0ms GET /json
[38;5;6m INFO[0m [04:06:28] 22d525e1754a4c7d92aaf1a771fdaa08	 200 0ms GET /json
[38;5;6m INFO[0m [04:06:28] 0e7b956e008649038382adfbffadc84b	 200 0ms GET /json
[38;5;6m INFO[0m [04:06:28] 68750bf893a74e77bc70846a703a41ce	 200 0ms GET /json
[38;5;6m INFO[0m [04:06:28] 5d7578533e0b438bbc7577476f078c0d	 200 0ms GET /json
[38;5;6m INFO[0m [04:06:28] 31b71e2bcf984e51abd8b637efad234f	 200 0ms GET /json
[38;5;6m INFO[0m [04:06:28] 65e9cab694504f008b2e46d59819131f	 200 0ms GET /json
[38;5;6m INFO[0m [04:06:28] 9b27fe2be86543b296ba07d91263be29	 200 0ms GET /json
[38;5;6m INFO[0m [04:06:28] 8a54c784d4974b3f915a7d89224c4f31	 200 0ms GET /json
[38;5;6m INFO[0m [04:06:28] d16e30fb5ec34d2b99666c8b203065a3	 200 0ms GET /json
[38;5;6m INFO[0m [04:06:28] 6a8658fca1f04d038556522ad6b12dcf	 200 0ms GET /json
[38;5;6m INFO[0m [04:06:28] 4937e8a19dac4bb6848b162093b10835	 200 0ms GET /json
[38;5;6m INFO[0m [04:06:28] 8ddb960ac7954c15802c327451e4ea28	 200 0ms GET /json
[38;5;6m INFO[0m [04:06:28] dd58e420d7ec4a83883e2c06c9953162	 200 0ms GET /json
[38;5;6m INFO[0m [04:06:28] 8892b8c038a24a7998d07e186c520e78	 200 0ms GET /json
[38;5;6m INFO[0m [04:06:28] e8e3cafa79b848acb2f98bb415837cd2	 200 0ms GET /json
[38;5;6m INFO[0m [04:06:28] 313d9f02973e4e0196ac6e67175550d3	 200 0ms GET /json
[38;5;6m INFO[0m [04:06:28] d3e5c028067441149eb2bfda4d3a2ac7	 200 0ms GET /json
[38;5;6m INFO[0m [04:06:28] 85c5a15359d14c52b4e9b88c8c235eb8	 200 0ms GET /json
[38;5;6m INFO[0m [04:06:28] 2f058dfb43ec47aa9c85d0673a61fb11	 200 0ms GET /json
[38;5;6m INFO[0m [04:06:28] c983fe7b62d04316ad8db41661cfb17d	 200 0ms GET /json
[38;5;6m INFO[0m [04:06:28] f76af9999f4b40fdbf00666bb51ba5e2	 200 0ms GET /json
[38;5;6m INFO[0m [04:06:28] fe27586af13f4f5fab254ade8ab50117	 200 0ms GET /json
[38;5;6m INFO[0m [04:06:28] b8506e5202154e6bb740426b23dd21be	 200 0ms GET /json
[38;5;6m INFO[0m [04:06:28] 2731b21821d14304ad94dc1d1ad4c5e7	 200 0ms GET /json
[38;5;6m INFO[0m [04:06:28] 7d6fba7f61754d4a82ff676c859bdda0	 200 0ms GET /json
[38;5;6m INFO[0m [04:06:28] 73cf889830c5475b89af070ddcb96296	 200 0ms GET /json
[38;5;6m INFO[0m [04:06:28] 97c7450f942a43b487b6fc62b2a274ca	 200 0ms GET /json
[38;5;6m INFO[0m [04:06:28] 39e07727676a47509a5df3a9a11bee4b	 200 0ms GET /json
[38;5;6m INFO[0m [04:06:28] b012e2fd35d741f09c009a5d19b028e0	 200 0ms GET /json
[38;5;6m INFO[0m [04:06:28] 896979d1c296458489b89232b04664bf	 200 0ms GET /json
[38;5;6m INFO[0m [04:06:28] 388b3600e3644e9a9fb7a606c95ccec3	 200 0ms GET /json
[38;5;6m INFO[0m [04:06:28] 2bf2a68466ce4f5f969e3ba33c04dad7	 200 0ms GET /json
[38;5;6m INFO[0m [04:06:28] 9bf7a1f339cf4f14833710a508cdc9e0	 200 0ms GET /json
[38;5;6m INFO[0m [04:06:28] cd0969b93801416ebc2ed9064aac6c8c	 200 0ms GET /json
[38;5;6m INFO[0m [04:06:28] 98fe5e3abe4a460ba1416ecde5ac9332	 200 0ms GET /json
[38;5;6m INFO[0m [04:06:28] 6a93c269a2204ae793aedc6c5916554c	 200 0ms GET /json
[38;5;6m INFO[0m [04:06:28] 2aba230b88a4415dad65e5c27dee3d3b	 200 0ms GET /json
[38;5;6m INFO[0m [04:06:28] eddff2869a0644419a071856dd1954a8	 200 0ms GET /json
[38;5;6m INFO[0m [04:06:28] c3e4b9d5e9df41d9919ccd992293adad	 200 0ms GET /json
[38;5;6m INFO[0m [04:06:28] 819e998bdfcd4974b7ee2d19703fc611	 200 0ms GET /json
[38;5;6m INFO[0m [04:06:28] f0310ae9c37c4b2e84b6338aec596f5b	 200 0ms GET /json
[38;5;6m INFO[0m [04:06:28] b33e8991e2d9435a945061ff21bb2a2c	 200 0ms GET /json
[38;5;6m INFO[0m [04:06:28] 12711455368047a690619530189a893a	 200 0ms GET /json
[38;5;6m INFO[0m [04:06:28] 9cccbe7c4d3944048d46927f8f8373e5	 200 0ms GET /json
[38;5;6m INFO[0m [04:06:28] e4a9c2fa7e3741ecb08c053aea40bbf5	 200 0ms GET /json
[38;5;6m INFO[0m [04:06:28] d5f449ce19e044d98b76913e18722881	 200 0ms GET /json
[38;5;6m INFO[0m [04:06:28] 5f0cf147a2634a22bf0617a236cc23b5	 200 0ms GET /json
[38;5;6m INFO[0m [04:06:28] 5ce43543fd6b4a63a5ef0303f8488a5d	 200 0ms GET /json
[38;5;6m INFO[0m [04:06:28] 64019cd068d045418870c5abe8bf0a03	 200 0ms GET /json
[38;5;6m INFO[0m [04:06:28] 9c7fb898accd4dab8ebd4b1e331d096a	 200 0ms GET /json
[38;5;6m INFO[0m [04:06:28] 822c837bfc2c4af6bbdc93f927ab8bf3	 200 0ms GET /json
[38;5;6m INFO[0m [04:06:28] a6c33f8e80f24365a3815d4c075d4849	 200 0ms GET /json
[38;5;6m INFO[0m [04:06:28] 87e51efabade41c1af44dd0168979de3	 200 0ms GET /json
[38;5;6m INFO[0m [04:06:28] d77fcacf85454d9eaa83e54e3c107370	 200 0ms GET /json
[38;5;6m INFO[0m [04:06:28] cc43e2e8351c4006a1e0b8525557142d	 200 0ms GET /json
[38;5;6m INFO[0m [04:06:28] b5f88db451e843c499efc1f35c6fdd45	 200 0ms GET /json
[38;5;6m INFO[0m [04:06:28] 90e2b63caef743b98eecd10c4b832e7d	 200 0ms GET /json
[38;5;6m INFO[0m [04:06:28] c77f5ab0b187410b88b4cb2abec7a5f2	 200 0ms GET /json
[38;5;6m INFO[0m [04:06:28] 3bbf994d446d47f69beea83930b48f13	 200 0ms GET /json
[38;5;6m INFO[0m [04:06:28] fad9ae12cf8d4130a4fb4e63543bbbb4	 200 0ms GET /json
[38;5;6m INFO[0m [04:06:28] b5cb205fc23c449d8dada19c5d136482	 200 0ms GET /json
[38;5;6m INFO[0m [04:06:28] 21ebba9f55fe4f4da601ffc2a0743389	 200 0ms GET /json
[38;5;6m INFO[0m [04:06:28] 09d664cd73424f22adca6e74fcfd4c85	 200 0ms GET /json
[38;5;6m INFO[0m [04:06:28] a53b4e0db9aa4686826df47ba2512bf0	 200 0ms GET /json
[38;5;6m INFO[0m [04:06:28] effc265cf108475dba8693f1fffbf7f7	 200 0ms GET /json
[38;5;6m INFO[0m [04:06:28] ad15ab0c900d43abbc942b5aceaf8125	 200 0ms GET /json
[38;5;6m INFO[0m [04:06:28] 30330cff45c64184aeaea25e9d4e3bcc	 200 0ms GET /json
[38;5;6m INFO[0m [04:06:28] 05f4ed76615249adb59b4a58d5f8183c	 200 0ms GET /json
[38;5;6m INFO[0m [04:06:28] ac8f46e8dc494c30bc33221af387e15b	 200 0ms GET /json
[38;5;6m INFO[0m [04:06:28] 04995b5786734f41bac2d7ae3e1d5214	 200 0ms GET /json
[38;5;6m INFO[0m [04:06:28] 96c49617e53748908a349dbeccf77d1b	 200 0ms GET /json
[38;5;6m INFO[0m [04:06:28] c0fcb01a7af84cd4bc191530973ec0d3	 200 0ms GET /json
[38;5;6m INFO[0m [04:06:28] 2a809f368bb6421fb8480b5da569db96	 200 0ms GET /json
[38;5;6m INFO[0m [04:06:28] 3e4139f681274b9488c8a9b7743628b4	 200 0ms GET /json
[38;5;6m INFO[0m [04:06:28] d16ce43250f04cfc9057abf2af28814a	 200 0ms GET /json
[38;5;6m INFO[0m [04:06:28] 4b242499d9c64b99a4d3539906040ab1	 200 0ms GET /json
[38;5;6m INFO[0m [04:06:28] 84e04375fc5a4c5ba6fd3a7fd9385da4	 200 0ms GET /json
[38;5;6m INFO[0m [04:06:28] f8787d17a6b94156b1485b45b6f81aac	 200 0ms GET /json
[38;5;6m INFO[0m [04:06:28] 4adb7ed0dc784c03a2ebeaae292abc5e	 200 0ms GET /json
[38;5;6m INFO[0m [04:06:28] 4af3747a5de044fcb8305cc70fb5dfe4	 200 0ms GET /json
[38;5;6m INFO[0m [04:06:28] 1c8b10092c1c465f90d7115e5db9dfe2	 200 0ms GET /json
[38;5;6m INFO[0m [04:06:28] 79f44040238d4b5a97bf50a0502c479c	 200 0ms GET /json
[38;5;6m INFO[0m [04:06:28] 1da38c1d7ae34f2ca2c5df8f280859f5	 200 0ms GET /json
[38;5;6m INFO[0m [04:06:28] a5292adc2d9240769546d7bbcf791584	 200 0ms GET /json
[38;5;6m INFO[0m [04:06:28] 3c75c961d7b54ec590720cb2fc0f5331	 200 0ms GET /json
[38;5;6m INFO[0m [04:06:28] 7ac3f6ded8724cd582b3777c4fcdb5cc	 200 0ms GET /json
[38;5;6m INFO[0m [04:06:28] b440bcdfe0f34464a75a2ad00de2aa98	 200 0ms GET /json
[38;5;6m INFO[0m [04:06:28] f9ab69e5c5c94b098483a86624dabe5b	 200 0ms GET /json
[38;5;6m INFO[0m [04:06:28] ae3dc96e5a124033a1479f3b7218241a	 200 0ms GET /json
[38;5;6m INFO[0m [04:06:28] 105b52c760de4aa48bd51c8524bcce1f	 200 0ms GET /json
[38;5;6m INFO[0m [04:06:28] c9046893e7f04d42ae537b9ce7a81202	 200 0ms GET /json
[38;5;6m INFO[0m [04:06:28] fb37bb2304954de796c32a0ed863cebc	 200 0ms GET /json
[38;5;6m INFO[0m [04:06:28] 070fd6c2d10c4c71bdbef78d6a5c9272	 200 0ms GET /json
[38;5;6m INFO[0m [04:06:28] a6072f227e384b568a6ae863c223dd9d	 200 0ms GET /json
[38;5;6m INFO[0m [04:06:28] 0dc4c76979f343fa8ccfb67637cfff17	 200 0ms GET /json
[38;5;6m INFO[0m [04:06:28] fb5af2a475644d849cd557e7813074e3	 200 0ms GET /json
[38;5;6m INFO[0m [04:06:28] 165a02ff87e44927bb9668ca35c9c20c	 200 0ms GET /json
[38;5;6m INFO[0m [04:06:28] bee71401a1b14508ad312bea9e9b7411	 200 0ms GET /json
[38;5;6m INFO[0m [04:06:28] 9fdfe9e035144e71ab4da5efcd33bcc5	 200 0ms GET /json
[38;5;6m INFO[0m [04:06:28] 68411dfd64814beabb3a68f5f9bba9f1	 200 0ms GET /json
[38;5;6m INFO[0m [04:06:28] 1ea3f3de12244ad8bffdf476ba5f980a	 200 0ms GET /json
[38;5;6m INFO[0m [04:06:28] d5b70fe2fa064219a4d3d2dcfcea51ea	 200 0ms GET /json
[38;5;6m INFO[0m [04:06:28] 1b504ebe09ad48c093eef6285ed9b56f	 200 0ms GET /json
[38;5;6m INFO[0m [04:06:28] 55316963e9394179a5c258b16d5ba1fb	 200 0ms GET /json
[38;5;6m INFO[0m [04:06:28] c351fbf80589404483d6e3b91f35ac0e	 200 0ms GET /json
[38;5;6m INFO[0m [04:06:28] 7520d549969a4244baf83bbea0b13ac8	 200 0ms GET /json
[38;5;6m INFO[0m [04:06:28] 6114b35aa0034672a7f3950bbbb4bf8a	 200 0ms GET /json
[38;5;6m INFO[0m [04:06:28] 4d49e656c86a45a4b665c680137a5b7e	 200 0ms GET /json
[38;5;6m INFO[0m [04:06:28] 698ae565ab7149079a7f2aec59e9004e	 200 0ms GET /json
[38;5;6m INFO[0m [04:06:28] 7c7a3c00928f4bfe88c49b81c27dd85d	 200 0ms GET /json
[38;5;6m INFO[0m [04:06:28] d916b3598ef34dc3998916017e01c5ef	 200 0ms GET /json
[38;5;6m INFO[0m [04:06:28] b223e7ba644748e29db9130d562e3625	 200 0ms GET /json
[38;5;6m INFO[0m [04:06:28] 1cb42d44c1dc4c5c9caec7f1e9cefe03	 200 0ms GET /json
[38;5;6m INFO[0m [04:06:28] 39ed265ad801493f96e2b3bfb826b863	 200 0ms GET /json
[38;5;6m INFO[0m [04:06:28] e12b2da84bff4f15834c0d5a48d502b4	 200 0ms GET /json
[38;5;6m INFO[0m [04:06:28] 8254cb99c693468c9c3dfbf051bfae29	 200 0ms GET /json
[38;5;6m INFO[0m [04:06:28] 280419eda41645ba929e7ce4ca3e6a9a	 200 0ms GET /json
[38;5;6m INFO[0m [04:06:28] 15f17007608848b98172c2b3bb66e0b5	 200 0ms GET /json
[38;5;6m INFO[0m [04:06:28] 9528677430c34391bdf576f9d9064bcb	 200 0ms GET /json
[38;5;6m INFO[0m [04:06:28] 89fc9569a4254e5a8b4d3e3a1774338f	 200 0ms GET /json
[38;5;6m INFO[0m [04:06:28] 17b9822da412457d8cc3d3194981f5a2	 200 0ms GET /json
[38;5;6m INFO[0m [04:06:28] 325915aa82c4434d9d2f540978a7bc1a	 200 0ms GET /json
[38;5;6m INFO[0m [04:06:28] 762996a91d64490192870c6894af81af	 200 0ms GET /json
[38;5;6m INFO[0m [04:06:28] 9af6072228874ce28c93f96afc337f22	 200 0ms GET /json
[38;5;6m INFO[0m [04:06:28] f4b2a557300f4bfebce5e0acc70d680d	 200 0ms GET /json
[38;5;6m INFO[0m [04:06:28] 29adb17592dc48edaf90f79d196fac57	 200 0ms GET /json
[38;5;6m INFO[0m [04:06:28] 0895a7cfcae94580b9d4674434673570	 200 0ms GET /json
[38;5;6m INFO[0m [04:06:28] 78f6b7a99bca43a0921ce07d3006063f	 200 0ms GET /json
[38;5;6m INFO[0m [04:06:28] 06557739436b4e72b50b7dc31040e3a2	 200 0ms GET /json
[38;5;6m INFO[0m [04:06:28] 44df2b90a24845b795f799098b36641b	 200 0ms GET /json
[38;5;6m INFO[0m [04:06:28] 47285632e83d469a99f4089b5c7423f8	 200 0ms GET /json
[38;5;6m INFO[0m [04:06:28] 5dd6f4dc16f941f7a06dd50577845355	 200 0ms GET /json
[38;5;6m INFO[0m [04:06:28] 3162c7774e8040c5814f79508eeaa78d	 200 0ms GET /json
[38;5;6m INFO[0m [04:06:28] 99f5d41f1f5d462e812d8b753ee22a3c	 200 0ms GET /json
[38;5;6m INFO[0m [04:06:28] e9d228f1bd07438fb74dcc57539dd02a	 200 0ms GET /json
[38;5;6m INFO[0m [04:06:28] 55db3acfb6f340b69fa132eebb64f5c9	 200 0ms GET /json
[38;5;6m INFO[0m [04:06:28] e0e518e8e0a649a9ace79590e1933a26	 200 0ms GET /json
[38;5;6m INFO[0m [04:06:28] 4e4390294d594e95b0e773f22ad059c4	 200 0ms GET /json
[38;5;6m INFO[0m [04:06:28] fa03abff0cc94cabb8bb3fd8698551e6	 200 0ms GET /json
[38;5;6m INFO[0m [04:06:28] 800cfa8700e04c2fb5fb1822d6555f5f	 200 0ms GET /json
[38;5;6m INFO[0m [04:06:28] 7a2eba314957467dbc8bb54ab86716e0	 200 0ms GET /json
[38;5;6m INFO[0m [04:06:28] c77599354c1140dc9d442d65b35d7af9	 200 0ms GET /json
[38;5;6m INFO[0m [04:06:28] 143ead973494468894996619833c7e48	 200 0ms GET /json
[38;5;6m INFO[0m [04:06:28] 16f446c2c53841f291e9055345579c0e	 200 0ms GET /json
[38;5;6m INFO[0m [04:06:28] f1548764ef6049af805d3750987214a9	 200 0ms GET /json
[38;5;6m INFO[0m [04:06:28] 865f64e80a64416da250534a8f9a0d19	 200 0ms GET /json
[38;5;6m INFO[0m [04:06:28] e7e25670bf3748fcb8d50bde28a38968	 200 0ms GET /json
[38;5;6m INFO[0m [04:06:28] 28eb3f928b434d9a9a1d2c471e52dac8	 200 0ms GET /json
[38;5;6m INFO[0m [04:06:28] a49527ce113044bdb607ee4d8c0fa637	 200 0ms GET /json
[38;5;6m INFO[0m [04:06:28] 5f901b17ccd74f23aef23509716d020c	 200 0ms GET /json
[38;5;6m INFO[0m [04:06:28] 86143ae1437b49e09a6be92a21a9ea3e	 200 0ms GET /json
[38;5;6m INFO[0m [04:06:28] 1330545f82cd4676a2c4d5a856027bdd	 200 0ms GET /json
[38;5;6m INFO[0m [04:06:28] 1f83a1677fc94e749c882424eaada487	 200 0ms GET /json
[38;5;6m INFO[0m [04:06:28] 37dc305eb8ea4b828552e0f456acb8b3	 200 0ms GET /json
[38;5;6m INFO[0m [04:06:28] 32e3d1b68d2c4989b31f305e46e5d014	 200 0ms GET /json
[38;5;6m INFO[0m [04:06:28] 544ebf0be73c44f79249a1935c24f5f3	 200 0ms GET /json
[38;5;6m INFO[0m [04:06:28] 26dde39704d14089803ddcc3873f97a4	 200 0ms GET /json
[38;5;6m INFO[0m [04:06:28] 2359ecfc9dd64865882f0619116c4f8d	 200 0ms GET /json
[38;5;6m INFO[0m [04:06:28] e73585e86a0e45c2834b96720b451aab	 200 0ms GET /json
[38;5;6m INFO[0m [04:06:28] 71602fd05aa04fcca5bfb2c21522e740	 200 0ms GET /json
[38;5;6m INFO[0m [04:06:28] fe45a6b8dfae4bd3b31a267453a816a5	 200 0ms GET /json
[38;5;6m INFO[0m [04:06:28] c3ee4080c4c54837bfcc5452dc8419c0	 200 0ms GET /json
[38;5;6m INFO[0m [04:06:28] f02002e70fd14e8db2b2b0ea2edad41a	 200 0ms GET /json
[38;5;6m INFO[0m [04:06:28] 7773aba4b4d74ede91948fb8f7666380	 200 0ms GET /json
[38;5;6m INFO[0m [04:06:28] 2963968389974c16b5ed544f8d746269	 200 0ms GET /json
[38;5;6m INFO[0m [04:06:28] c6c8fa449f114904ad7dac7ae984ca07	 200 0ms GET /json
[38;5;6m INFO[0m [04:06:28] a9590c69e9344ceb9f50c64c0c00f63a	 200 0ms GET /json
[38;5;6m INFO[0m [04:06:28] b96e0884df114401a33b79a13d06308f	 200 0ms GET /json
[38;5;6m INFO[0m [04:06:28] 0ed7ac52245b4d56baf8f303566ad9f8	 200 0ms GET /json
[38;5;6m INFO[0m [04:06:28] 0e95ec11c9d84b229e758367af660a40	 200 0ms GET /json
[38;5;6m INFO[0m [04:06:28] aa321561c0af447d92e889d0ed41ab95	 200 0ms GET /json
[38;5;6m INFO[0m [04:06:28] 6164daa8fb3a4100b1df5a303ab2a5c7	 200 0ms GET /json
[38;5;6m INFO[0m [04:06:28] 0f10c9d8aac540919c8e1eb0b7139fa6	 200 0ms GET /json
[38;5;6m INFO[0m [04:06:28] 7a243ba67c1548ffbdd1d11f61ad39b0	 200 0ms GET /json
[38;5;6m INFO[0m [04:06:28] 7c79a8cef2e74ae98ae510bf6e93a583	 200 0ms GET /json
[38;5;6m INFO[0m [04:06:28] 98ed73404c0747ab853be15a746ba1fd	 200 0ms GET /json
[38;5;6m INFO[0m [04:06:28] 11d1ee40c76e461f91ae307badf8f034	 200 0ms GET /json
[38;5;6m INFO[0m [04:06:28] f664aa30b03645c8a7b833c09b38b594	 200 0ms GET /json
[38;5;6m INFO[0m [04:06:28] c0eba82ea8fd4ea99d4680260a1c89ce	 200 0ms GET /json
[38;5;6m INFO[0m [04:06:28] 03c0854053284739aff7ea3a28937608	 200 0ms GET /json
[38;5;6m INFO[0m [04:06:28] 51d61b6a1c5d48ed9de0fbe93b6734ec	 200 0ms GET /json
[38;5;6m INFO[0m [04:06:28] e65dd5fac60341fe9586fe822c37aade	 200 0ms GET /json
[38;5;6m INFO[0m [04:06:28] e88cae634ae845e1bda2ec59096de72a	 200 0ms GET /json
[38;5;6m INFO[0m [04:06:28] 4d654f4f5b4149efba586d2ea0ba18d8	 200 0ms GET /json
[38;5;6m INFO[0m [04:06:28] 609d8850c89343e4b8db64b297152e8d	 200 0ms GET /json
[38;5;6m INFO[0m [04:06:28] d464f825985c45539604d44690a88877	 200 0ms GET /json
[38;5;6m INFO[0m [04:06:28] 88189399095c48359c0eddaaf630060d	 200 0ms GET /json
[38;5;6m INFO[0m [04:06:28] 2a4b084e36c84bcb973cdf957f0765d3	 200 0ms GET /json
[38;5;6m INFO[0m [04:06:28] 9c04fbfdb3b54b1abb0fe5bccb367900	 200 0ms GET /json
[38;5;6m INFO[0m [04:06:28] 653e1258d88044f9b40ad6528c2a8b7f	 200 0ms GET /json
[38;5;6m INFO[0m [04:06:28] 85ba570429f24f73b865ff4e075a6c99	 200 0ms GET /json
[38;5;6m INFO[0m [04:06:28] dce44cc526aa41feb21c0aafe86ce8ec	 200 0ms GET /json
[38;5;6m INFO[0m [04:06:28] 2210081ed27d44e99bdfeaba8479c38c	 200 0ms GET /json
[38;5;6m INFO[0m [04:06:28] fcc59bfce011411e8e9c6ce5215fb71f	 200 0ms GET /json
[38;5;6m INFO[0m [04:06:28] 19fe25b7ecdd4d3f8802a1c7443f2d61	 200 0ms GET /json
[38;5;6m INFO[0m [04:06:28] a7cbd5ce545d4b89898070e9c53c2b2a	 200 0ms GET /json
[38;5;6m INFO[0m [04:06:28] e9bbc9af6792481ab923058a4bc9c2d0	 200 0ms GET /json
[38;5;6m INFO[0m [04:06:28] 41d7a37b756e4583907493837dfa146f	 200 0ms GET /json
[38;5;6m INFO[0m [04:06:28] 0976073e8d13427aa7e56381d897674f	 200 0ms GET /json
[38;5;6m INFO[0m [04:06:28] 81ef6e8994bb48d79790b95daad30fb8	 200 0ms GET /json
[38;5;6m INFO[0m [04:06:28] 8ddacf4153974e11aca116a3c6af9b2d	 200 0ms GET /json
[38;5;6m INFO[0m [04:06:28] 8abbae65804f4f3c9af02d2999d3e49a	 200 0ms GET /json
[38;5;6m INFO[0m [04:06:28] c5de174b2a93426c8ccd0c712d072f70	 200 0ms GET /json
[38;5;6m INFO[0m [04:06:28] 4f52a525d1864d5393dc04d25e11e6be	 200 0ms GET /json
[38;5;6m INFO[0m [04:06:28] 784a58701abc4c95af36964bee55d844	 200 0ms GET /json
[38;5;6m INFO[0m [04:06:28] 540466c4fb454cf5a19b202d9d45a22e	 200 0ms GET /json
[38;5;6m INFO[0m [04:06:28] b97aebdd0dfe4b0d9fac4de4b9b8e51d	 200 0ms GET /json
[38;5;6m INFO[0m [04:06:28] eac54edd287c487aa674c11a2952fd8e	 200 0ms GET /json
[38;5;6m INFO[0m [04:06:28] 93680786a6c44c6282ee234faa89bfa7	 200 0ms GET /json
[38;5;6m INFO[0m [04:06:28] a48e4f951af543db847606df59d2463f	 200 0ms GET /json
[38;5;6m INFO[0m [04:06:28] 0bef65dc8cf54d2ba78753d79df0fe7a	 200 0ms GET /json
[38;5;6m INFO[0m [04:06:28] 6b6dbbe2f13d4fc2a777945ee87324e6	 200 0ms GET /json
[38;5;6m INFO[0m [04:06:28] c82e3e4578c64c9587b7997d04cd58f5	 200 0ms GET /json
[38;5;6m INFO[0m [04:06:28] 3da42eecb86e4e4892fefb0192a34d73	 200 0ms GET /json
[38;5;6m INFO[0m [04:06:28] 26761d9651884b159d49b8aab6c2aca6	 200 0ms GET /json
[38;5;6m INFO[0m [04:06:28] ca1b793c3d074c0b99f7ee2d08543c41	 200 0ms GET /json
[38;5;6m INFO[0m [04:06:28] d51bd363e5834649bf50816b9bafdd02	 200 0ms GET /json
[38;5;6m INFO[0m [04:06:28] 571b700583d34fb3a9261507d1bf9a2a	 200 0ms GET /json
[38;5;6m INFO[0m [04:06:29] server shutting down
received shutdown signalreceived shutdown signalreceived shutdown signal